<?xml version="1.0" encoding="UTF-8"?>
<kml xmlns="http://www.opengis.net/kml/2.2">
<Document>
<name>FIR World</name>
<Style id="fir"><LineStyle><color>ff0000ff</color><width>1</width></LineStyle><PolyStyle><color>200000ff</color></PolyStyle></Style>
<Placemark>
  <name>ADR</name>
  <description>EMEA</description>
  <styleUrl>#fir</styleUrl>
  <MultiGeometry>
    <Polygon>
      <outerBoundaryIs><LinearRing><coordinates>18.866667,41.133333,0 16.164167,42.435,0 14.5,43.5,0 13.333333,44.533333,0 13.0,45.3,0 13.5,45.633333,0 13.918889,45.632222,0 13.599,45.808497,0 13.640639,45.981,0 13.484639,45.9955,0 13.666111,46.174722,0 13.419139,46.212833,0 13.444944,46.357361,0 13.719222,46.519778,0 14.572917,46.379392,0 15.062583,46.652972,0 16.035142,46.662333,0 15.988917,46.827525,0 16.288725,46.874747,0 16.535283,46.499,0 17.863039,45.775275,0 18.445939,45.749639,0 19.575356,46.171856,0 20.111436,46.170719,0 20.817547,45.766889,0 20.792156,45.477586,0 21.530231,45.150889,0 21.409697,44.776306,0 22.146433,44.470222,0 22.436436,44.705722,0 22.766667,44.55,0 22.461575,44.465083,0 22.687547,44.272972,0 22.366517,43.808639,0 22.993994,43.137389,0 22.439547,42.825806,0 22.558825,42.473525,0 22.365128,42.315861,0 22.871328,42.014253,0 22.972078,41.353475,0 22.724606,41.146167,0 20.991778,40.858083,0 21.046336,40.562364,0 20.68405,40.097528,0 20.308286,39.985439,0 20.408042,39.821442,0 20.189561,39.651856,0 19.0,40.416667,0 18.866667,41.133333,0</coordinates></LinearRing></outerBoundaryIs>
    </Polygon>
  </MultiGeometry>
</Placemark>
<Placemark>
  <name>AGGG</name>
  <description>APAC</description>
  <styleUrl>#fir</styleUrl>
  <MultiGeometry>
    <Polygon>
      <outerBoundaryIs><LinearRing><coordinates>159.0,-4.833333,0 155.0,-7.316667,0 155.0,-14.0,0 163.0,-14.0,0 166.875,-11.8,0 166.75,-10.5,0 160.0,-4.833333,0 159.0,-4.833333,0</coordinates></LinearRing></outerBoundaryIs>
    </Polygon>
  </MultiGeometry>
</Placemark>
<Placemark>
  <name>ANAU</name>
  <description>APAC</description>
  <styleUrl>#fir</styleUrl>
  <MultiGeometry>
    <Polygon>
      <outerBoundaryIs><LinearRing><coordinates>160.0,3.5,0 160.0,-4.833333,0 166.75,-10.5,0 166.875,-11.8,0 170.0,-10.0,0 170.0,3.5,0 160.0,3.5,0</coordinates></LinearRing></outerBoundaryIs>
    </Polygon>
  </MultiGeometry>
</Placemark>
<Placemark>
  <name>AYPM</name>
  <description>APAC</description>
  <styleUrl>#fir</styleUrl>
  <MultiGeometry>
    <Polygon>
      <outerBoundaryIs><LinearRing><coordinates>141.0,0.0,0 160.0,0.0,0 160.0,-4.833333,0 159.0,-4.833333,0 155.0,-7.316667,0 155.0,-12.0,0 144.0,-12.0,0 143.9125,-10.2975,0 144.233333,-9.4,0 143.875,-9.133333,0 142.558333,-9.376667,0 142.215,-9.19,0 141.033333,-9.616667,0 141.01833333333,-6.8927777777778,0 140.870278,-6.604167,0 141.0,-6.316667,0 141.0,0.0,0</coordinates></LinearRing></outerBoundaryIs>
    </Polygon>
  </MultiGeometry>
</Placemark>
<Placemark>
  <name>BAIRES</name>
  <description>AMAS</description>
  <styleUrl>#fir</styleUrl>
  <MultiGeometry>
    <Polygon>
      <outerBoundaryIs><LinearRing><coordinates>-58.516667,-33.833333,0 -59.1471,-34.0488,0 -59.5747,-34.472,0 -59.6145,-35.0278,0 -59.3506,-35.4578,0 -58.2447,-35.7084,0 -57.4587,-35.082,0 -56.72235,-35.06938,0 -57.833333,-34.583333,0 -58.516667,-33.833333,0</coordinates></LinearRing></outerBoundaryIs>
    </Polygon>
  </MultiGeometry>
</Placemark>
<Placemark>
  <name>BGGL</name>
  <description>EMEA</description>
  <styleUrl>#fir</styleUrl>
  <MultiGeometry>
    <Polygon>
      <outerBoundaryIs><LinearRing><coordinates>30.0,82.0,0 0.0,82.0,0 0.0,73.0,0 -20.0,73.0,0 -20.0,70.0,0 -30.0,66.75,0 -43.0,58.5,0 -50.0,58.5,0 -64.0,70.5,0 -76.0,76.0,0 -75.0,78.0,0 -60.0,82.0,0 -60.0,90.0,0 30.0,90.0,0 30.0,82.0,0</coordinates></LinearRing></outerBoundaryIs>
    </Polygon>
  </MultiGeometry>
</Placemark>
<Placemark>
  <name>BIRD</name>
  <description>EMEA</description>
  <styleUrl>#fir</styleUrl>
  <MultiGeometry>
    <Polygon>
      <outerBoundaryIs><LinearRing><coordinates>-30.0,66.75,0 -40.0,68.25,0 -50.0,70.25,0 -64.0,70.5,0 -57.75,65.0,0 -55.666667,63.5,0 -39.0,63.5,0 -30.0,61.0,0 -10.0,61.0,0 -10.0,60.666667,0 -7.0,61.0,0 0.0,61.0,0 0.0,65.75,0 -10.0,66.75,0 -30.0,66.75,0</coordinates></LinearRing></outerBoundaryIs>
    </Polygon>
  </MultiGeometry>
</Placemark>
<Placemark>
  <name>CZEG</name>
  <description>AMAS</description>
  <styleUrl>#fir</styleUrl>
  <MultiGeometry>
    <Polygon>
      <outerBoundaryIs><LinearRing><coordinates>-110.0,48.999999,0 -116.817182,49.006183,0 -117.349981,50.309708,0 -116.289991,50.530872,0 -119.0,53.4,0 -123.25,56.0,0 -132.083333,57.0,0 -135.033333,59.566667,0 -139.183333,60.35,0 -141.0,62.0,0 -141.0,90.0,0 -60.0,90.0,0 -60.0,82.0,0 -75.0,78.0,0 -76.0,76.0,0 -64.0,70.5,0 -57.75,65.0,0 -68.0,65.0,0 -80.0,62.75,0 -80.0,53.466667,0 -85.20805555555556,50.233333333333334,0 -89.33333333333333,51.333333333333336,0 -95.0,52.333333333333336,0 -99.11666666666666,52.78333333333333,0 -101.0,52.45,0 -102.0,53.0,0 -107.65722222222222,55.2075,0 -108.691667,54.767222,0 -108.596389,54.273611,0 -108.936944,53.806667,0 -110.001389,53.425556,0 -110.0,48.999999,0</coordinates></LinearRing></outerBoundaryIs>
    </Polygon>
  </MultiGeometry>
</Placemark>
<Placemark>
  <name>CZQM</name>
  <description>AMAS</description>
  <styleUrl>#fir</styleUrl>
  <MultiGeometry>
    <Polygon>
      <outerBoundaryIs><LinearRing><coordinates>-55.75,43.583333,0 -61.201667,42.381667,0 -67.0,41.616667,0 -67.0,44.933333,0 -67.806944,45.783333,0 -67.216667,46.143056,0 -67.3,46.536111,0 -67.064722,47.091944,0 -67.728056,47.520278,0 -68.566667,47.2875,0 -69.0,47.390278,0 -69.0,48.0,0 -69.329167,48.161111,0 -69.5,48.888889,0 -68.666667,49.1875,0 -68.666667,51.0,0 -61.918333,52.82,0 -59.756944,51.504444,0 -57.703611,48.7225,0 -55.75,43.583333,0</coordinates></LinearRing></outerBoundaryIs>
    </Polygon>
  </MultiGeometry>
</Placemark>
<Placemark>
  <name>CZQM</name>
  <description>AMAS</description>
  <styleUrl>#fir</styleUrl>
  <MultiGeometry>
    <Polygon>
      <outerBoundaryIs><LinearRing><coordinates>-55.0,53.8,0 -54.0,53.0,0 -50.0,51.0,0 -50.0,44.5,0 -55.75,43.583333,0 -57.703611,48.7225,0 -59.756944,51.504444,0 -61.918333,52.82,0 -68.666667,51.0,0 -68.666667,53.533333,0 -63.0,58.5,0 -63.0,64.0,0 -60.0,65.0,0 -57.75,65.0,0 -55.666667,63.5,0 -55.0,63.5,0 -55.0,53.8,0</coordinates></LinearRing></outerBoundaryIs>
    </Polygon>
  </MultiGeometry>
</Placemark>
<Placemark>
  <name>CZQO</name>
  <description>AMAS</description>
  <styleUrl>#fir</styleUrl>
  <MultiGeometry>
    <Polygon>
      <outerBoundaryIs><LinearRing><coordinates>-30.0,45.0,0 -40.0,45.0,0 -40.0,44.5,0 -50.0,44.5,0 -50.0,51.0,0 -54.0,53.0,0 -59.0,57.0,0 -63.0,61.0,0 -63.0,64.0,0 -60.0,65.0,0 -57.75,65.0,0 -55.666667,63.5,0 -39.0,63.5,0 -30.0,61.0,0 -30.0,45.0,0</coordinates></LinearRing></outerBoundaryIs>
    </Polygon>
  </MultiGeometry>
</Placemark>
<Placemark>
  <name>CZQX</name>
  <description>AMAS</description>
  <styleUrl>#fir</styleUrl>
  <MultiGeometry>
    <Polygon>
      <outerBoundaryIs><LinearRing><coordinates>-55.0,53.8,0 -54.0,53.0,0 -50.0,51.0,0 -50.0,44.5,0 -55.75,43.583333,0 -56.473611,45.611944,0 -62.0,48.5,0 -61.0,49.3,0 -61.0,49.533333,0 -62.083333,50.833333,0 -64.0,51.416667,0 -64.305,52.176389,0 -68.666667,51.0,0 -68.666667,53.533333,0 -63.0,58.5,0 -63.0,64.0,0 -60.0,65.0,0 -57.75,65.0,0 -55.666667,63.5,0 -55.0,63.5,0 -55.0,53.8,0</coordinates></LinearRing></outerBoundaryIs>
    </Polygon>
  </MultiGeometry>
</Placemark>
<Placemark>
  <name>CZQX</name>
  <description>AMAS</description>
  <styleUrl>#fir</styleUrl>
  <MultiGeometry>
    <Polygon>
      <outerBoundaryIs><LinearRing><coordinates>-55.75,43.583333,0 -61.201667,42.381667,0 -67.0,41.616667,0 -67.0,44.933333,0 -67.806944,45.783333,0 -67.216667,46.143056,0 -67.3,46.536111,0 -67.064722,47.091944,0 -67.728056,47.520278,0 -68.566667,47.2875,0 -69.0,47.390278,0 -69.0,48.0,0 -69.329167,48.161111,0 -69.5,48.888889,0 -68.666667,49.1875,0 -68.666667,51.0,0 -64.305,52.176389,0 -64.0,51.416667,0 -62.083333,50.833333,0 -61.0,49.533333,0 -61.0,49.3,0 -62.0,48.5,0 -56.473611,45.611944,0 -55.75,43.583333,0</coordinates></LinearRing></outerBoundaryIs>
    </Polygon>
  </MultiGeometry>
</Placemark>
<Placemark>
  <name>CZUL</name>
  <description>AMAS</description>
  <styleUrl>#fir</styleUrl>
  <MultiGeometry>
    <Polygon>
      <outerBoundaryIs><LinearRing><coordinates>-77.7855556,44.7,0 -78.1861111,45.1505556,0 -77.8527778,45.8583333,0 -77.25,46.133333,0 -77.25,46.4366667,0 -78.1780556,46.9833333,0 -85.3366667,48.7919444,0 -84.1833333,49.9166667,0 -85.20805555555556,50.233333333333334,0 -80.0,53.466667,0 -80.0,62.75,0 -68.0,65.0,0 -60.0,65.0,0 -63.0,64.0,0 -63.0,61.0,0 -60.351111,58.471111,0 -64.0,57.55,0 -64.0,55.355556,0 -65.083333,55.083333,0 -65.333333,54.416667,0 -64.0,51.416667,0 -62.083333,50.833333,0 -60.0,50.833333,0 -59.5,51.333333,0 -59.5,51.633333,0 -58.142778,52.196389,0 -57.0,51.735,0 -57.0,51.283333,0 -58.0,51.0,0 -61.0,49.533333,0 -61.0,49.3,0 -62.0,48.5,0 -64.622222,47.848333,0 -65.940733,47.999992,0 -66.117222,48.266389,0 -66.503333,48.340833,0 -66.885556,48.161667,0 -66.896275,47.883442,0 -67.95,47.733333,0 -68.025,47.522778,0 -68.566667,47.2875,0 -69.216667,47.45,0 -70.0,46.75,0 -70.25,45.908333,0 -71.0,45.316667,0 -71.336111,45.283333,0 -71.483333,45.016667,0 -74.25,45.0,0 -74.784444,45.143056,0 -74.966667,45.069167,0 -74.883333,44.966667,0 -75.75,44.816667,0 -75.7,44.666667,0 -75.5,44.716667,0 -76.791667,43.633333,0 -77.1766667,43.6322222,0 -77.7855556,44.7,0</coordinates></LinearRing></outerBoundaryIs>
    </Polygon>
  </MultiGeometry>
</Placemark>
<Placemark>
  <name>CZVR</name>
  <description>AMAS</description>
  <styleUrl>#fir</styleUrl>
  <MultiGeometry>
    <Polygon>
      <outerBoundaryIs><LinearRing><coordinates>-115.499722,48.999999,0 -123.333333,49.0,0 -123.008333,48.833333,0 -123.266667,48.7,0 -123.116667,48.425,0 -123.258333,48.283333,0 -124.75,48.5,0 -128.0,48.333333,0 -127.925,48.16667,0 -130.5,47.5,0 -131.1667,47.58333,0 -137,53.3675,0 -136.0,54.0,0 -134.0,54.108333,0 -132.833333,54.583333,0 -131.8,54.491667,0 -132.083333,57.0,0 -123.25,56.0,0 -119.0,53.4,0 -116.084722,50.326389,0 -115.288611,50.218611,0 -115.1375,49.5,0 -115.499722,48.999999,0</coordinates></LinearRing></outerBoundaryIs>
    </Polygon>
  </MultiGeometry>
</Placemark>
<Placemark>
  <name>CZWG</name>
  <description>AMAS</description>
  <styleUrl>#fir</styleUrl>
  <MultiGeometry>
    <Polygon>
      <outerBoundaryIs><LinearRing><coordinates>-87.0,47.083333,0 -88.775,47.908333,0 -93.5,49.0,0 -110.0,48.999999,0 -110.001389,53.425556,0 -108.936944,53.806667,0 -108.596389,54.273611,0 -108.691667,54.767222,0 -107.65722222222222,55.2075,0 -80.0,64.408333,0 -80.0,53.466667,0 -84.1833333,49.9166667,0 -87.0,47.083333,0</coordinates></LinearRing></outerBoundaryIs>
    </Polygon>
  </MultiGeometry>
</Placemark>
<Placemark>
  <name>CZYZ</name>
  <description>AMAS</description>
  <styleUrl>#fir</styleUrl>
  <MultiGeometry>
    <Polygon>
      <outerBoundaryIs><LinearRing><coordinates>-76.183333,44.233333,0 -76.791667,43.633333,0 -78.677778,43.633333,0 -79.058333,42.95,0 -81.220833,42.741667,0 -82.466667,42.870833,0 -82.125,43.616667,0 -82.5,45.333333,0 -84.8833333,46.1166667,0 -85.0,46.5333333,0 -87.0,47.083333,0 -84.1833333,49.9166667,0 -80.0,53.466667,0 -79.0,49.0,0 -78.999947,48.587144,0 -79.467833,48.388167,0 -79.521333,48.025,0 -79.023167,47.755833,0 -78.565278,47.84,0 -77.25,46.947222,0 -77.25,46.133333,0 -76.266667,45.8375,0 -76.183333,44.233333,0</coordinates></LinearRing></outerBoundaryIs>
    </Polygon>
  </MultiGeometry>
</Placemark>
<Placemark>
  <name>CZZV</name>
  <description>AMAS</description>
  <styleUrl>#fir</styleUrl>
  <MultiGeometry>
    <Polygon>
      <outerBoundaryIs><LinearRing><coordinates>-64.622222,47.848333,0 -65.010278,47.400278,0 -67.085278,47.140556,0 -67.728056,47.520278,0 -68.566667,47.2875,0 -69.0,47.390278,0 -69.0,48.0,0 -69.329167,48.161111,0 -69.5,48.888889,0 -68.666667,49.1875,0 -68.666667,51.0,0 -61.918333,52.82,0 -59.756944,51.504444,0 -58.978611,50.521667,0 -61.0,49.533333,0 -61.0,49.3,0 -62.0,48.5,0 -64.622222,47.848333,0</coordinates></LinearRing></outerBoundaryIs>
    </Polygon>
  </MultiGeometry>
</Placemark>
<Placemark>
  <name>DAAA</name>
  <description>EMEA</description>
  <styleUrl>#fir</styleUrl>
  <MultiGeometry>
    <Polygon>
      <outerBoundaryIs><LinearRing><coordinates>8.0,39.0,0 8.65,36.933333,0 8.133333,36.5,0 8.366667,36.416667,0 8.283333,34.733333,0 7.633333,34.216667,0 7.516667,33.8,0 7.8,33.15,0 8.116667,33.083333,0 9.066667,32.1,0 9.583333,30.233333,0 9.416667,30.066667,0 9.933333,28.966667,0 9.8,27.266667,0 9.93385,26.535336,0 9.383333,26.183333,0 10.033847,25.335408,0 10.033333,24.883333,0 10.233333,24.616667,0 11.600581,24.252142,0 11.982572,23.523775,0 7.366667,20.8,0 5.816667,19.4375,0 3.333333,18.95,0 3.116667,19.15,0 3.216667,19.833333,0 1.683333,20.383333,0 1.65,20.566667,0 1.183333,20.75,0 1.166667,21.119444,0 -8.666615,27.333301,0 -8.666667,28.666667,0 -2.666667,31.833333,0 -2.966667,32.0,0 -2.833333,32.133333,0 -1.216667,32.15,0 -1.033333,32.516667,0 -1.4,32.716667,0 -1.7,33.266667,0 -1.783333,34.75,0 -2.216667,35.033333,0 -2.1,35.833333,0 -1.5,36.25,0 3.75,38.333333,0 4.666667,39.0,0 8.0,39.0,0</coordinates></LinearRing></outerBoundaryIs>
    </Polygon>
  </MultiGeometry>
</Placemark>
<Placemark>
  <name>DGAC</name>
  <description>EMEA</description>
  <styleUrl>#fir</styleUrl>
  <MultiGeometry>
    <Polygon>
      <outerBoundaryIs><LinearRing><coordinates>6.583333,3.0,0 2.626611111111111,3.0,0 1.191666666666667,2.754722222222222,0 1.191666666666667,3.0,0 -2.999856721046163,3.000005779868115,0 -3.116667,5.116667,0 -2.75,5.116667,0 -2.766667,5.6,0 -3.016667,5.7,0 -3.25,6.683333,0 -2.783333,7.95,0 -2.5,8.2,0 -2.766667,9.033333,0 -2.768361,10.416658,0 -3.0,11.0,0 3.758333,11.0,0 3.856708,10.648992,0 3.546983,9.870731,0 3.322258,9.77435,0 3.084756,9.094967,0 2.780028,9.065525,0 2.7492,5.700561,0 6.583333,3.0,0</coordinates></LinearRing></outerBoundaryIs>
    </Polygon>
  </MultiGeometry>
</Placemark>
<Placemark>
  <name>DGAO</name>
  <description>EMEA</description>
  <styleUrl>#fir</styleUrl>
  <MultiGeometry>
    <Polygon>
      <outerBoundaryIs><LinearRing><coordinates>6.583333,3.0,0 6.583333,-5.866667,0 -3.0,-9.533333,0 -2.999856721046163,3.000005779868115,0 1.191666666666667,3.0,0 1.191666666666667,2.754722222222222,0 2.626611111111111,3.0,0 6.583333,3.0,0</coordinates></LinearRing></outerBoundaryIs>
    </Polygon>
  </MultiGeometry>
</Placemark>
<Placemark>
  <name>DIII</name>
  <description>EMEA</description>
  <styleUrl>#fir</styleUrl>
  <MultiGeometry>
    <Polygon>
      <outerBoundaryIs><LinearRing><coordinates>-2.75,9.866667,0 -2.766667,9.033333,0 -2.5,8.2,0 -2.783333,7.95,0 -3.25,6.683333,0 -3.016667,5.7,0 -2.766667,5.6,0 -2.75,5.116667,0 -3.116667,5.116667,0 -2.999444,-1.848889,0 -7.333081,0.000794,0 -7.449747,6.250203,0 -8.416428,7.500086,0 -7.999753,10.166506,0 -2.75,9.866667,0</coordinates></LinearRing></outerBoundaryIs>
    </Polygon>
  </MultiGeometry>
</Placemark>
<Placemark>
  <name>DNKK</name>
  <description>EMEA</description>
  <styleUrl>#fir</styleUrl>
  <MultiGeometry>
    <Polygon>
      <outerBoundaryIs><LinearRing><coordinates>2.7492,5.700561,0 2.780028,9.065525,0 3.084756,9.094967,0 3.130867,9.445767,0 3.67615,10.164036,0 3.66365,10.469286,0 3.785319,10.405681,0 3.727222,11.125833,0 3.4992,11.283378,0 3.640867,12.516603,0 4.454764,13.704,0 5.499225,13.884542,0 6.45,13.6,0 6.926111,12.986667,0 7.804167,13.335556,0 8.808333,12.883333,0 9.658333,12.808333,0 10.206528,13.267944,0 11.026944,13.3825,0 12.4775,13.065278,0 12.894075,13.487375,0 13.632697,13.716525,0 14.082708,13.083247,0 14.183333,12.369722,0 14.653831,12.171661,0 14.633333,11.525,0 13.975767,11.304514,0 13.726039,10.978986,0 13.223056,9.5475,0 12.8475,9.375556,0 12.802778,8.768333,0 12.239444,8.430417,0 12.191667,7.933333,0 11.556389,6.664444,0 11.098503,6.547717,0 10.572936,7.165714,0 10.490992,6.90185,0 10.161819,7.037947,0 9.782089,6.800469,0 9.706256,6.517161,0 8.838186,5.820003,0 8.822222,5.191667,0 8.538889,4.7,0 6.583333,3.0,0 2.7492,5.700561,0</coordinates></LinearRing></outerBoundaryIs>
    </Polygon>
  </MultiGeometry>
</Placemark>
<Placemark>
  <name>DNMM</name>
  <description>VATSSA</description>
  <styleUrl>#fir</styleUrl>
  <MultiGeometry>
    <Polygon>
      <outerBoundaryIs><LinearRing><coordinates>2.7798766587270873,9.065512391142931,0 2.750166,5.694616,0 6.582460017651243,3.000445602018542,0 8.539285434597684,4.699901141833598,0 8.822336032660843,5.191530579017928,0 8.838054857616914,5.819888037021251,0 9.70634066659467,6.517176040581973,0 9.782115306346135,6.800321981344647,0 8.902246,7.791711,0 6.013431,8.907914,0 3.7265958777071786,11.121070147810613,0 3.856778666157389,10.648859078691618,0 3.547356080392349,9.871009191591062,0 3.3224866576032457,9.774647484120987,0 3.0849518942696688,9.095325825405737,0 2.7798766587270873,9.065512391142931,0</coordinates></LinearRing></outerBoundaryIs>
    </Polygon>
  </MultiGeometry>
</Placemark>
<Placemark>
  <name>DRRR</name>
  <description>EMEA</description>
  <styleUrl>#fir</styleUrl>
  <MultiGeometry>
    <Polygon>
      <outerBoundaryIs><LinearRing><coordinates>-2.75,9.866667,0 -5.616383,10.033183,0 -5.249711,11.499717,0 -4.283028,12.866261,0 -3.599681,16.349297,0 -3.582997,24.165381,0 1.166667,21.119444,0 1.183333,20.75,0 1.65,20.566667,0 1.683333,20.383333,0 3.216667,19.833333,0 3.116667,19.15,0 3.333333,18.95,0 5.816667,19.4375,0 7.366667,20.8,0 11.5,23.254167,0 11.5,13.354167,0 10.206528,13.267944,0 9.658333,12.808333,0 8.808333,12.883333,0 7.804167,13.335556,0 6.926111,12.986667,0 6.45,13.6,0 5.499225,13.884542,0 4.454764,13.704,0 3.640867,12.516603,0 3.4992,11.283378,0 3.758333,11.0,0 -3.0,11.0,0 -2.75,9.866667,0</coordinates></LinearRing></outerBoundaryIs>
    </Polygon>
  </MultiGeometry>
</Placemark>
<Placemark>
  <name>DTTC</name>
  <description>EMEA</description>
  <styleUrl>#fir</styleUrl>
  <MultiGeometry>
    <Polygon>
      <outerBoundaryIs><LinearRing><coordinates>8.0,39.0,0 11.5,37.5,0 11.5,32.366669,0 10.333333,31.7,0 10.15,31.483333,0 10.24945,30.714903,0 9.583333,30.233333,0 9.066667,32.1,0 8.116667,33.083333,0 7.8,33.15,0 7.516667,33.8,0 7.633333,34.216667,0 8.283333,34.733333,0 8.366667,36.416667,0 8.133333,36.5,0 8.65,36.933333,0 8.0,39.0,0</coordinates></LinearRing></outerBoundaryIs>
    </Polygon>
  </MultiGeometry>
</Placemark>
<Placemark>
  <name>EBBU</name>
  <description>EMEA</description>
  <styleUrl>#fir</styleUrl>
  <MultiGeometry>
    <Polygon>
      <outerBoundaryIs><LinearRing><coordinates>2.55,51.083333,0 2.0,51.116667,0 2.0,51.5,0 2.5,51.455556,0 2.5,51.636944,0 4.119632,51.270635,0 5.03865,51.486865,0 5.240134,51.263483,0 5.850769,51.145827,0 5.650999,50.825988,0 6.277031,50.623311,0 6.408333,50.333333,0 6.133333,50.05,0 6.5,49.75,0 6.35,49.466667,0 5.483333,49.5,0 4.85,49.783333,0 4.877522,50.156097,0 4.183333,49.95,0 4.166667,50.25,0 3.683333,50.291667,0 3.116667,50.783333,0 2.616667,50.8,0 2.55,51.083333,0</coordinates></LinearRing></outerBoundaryIs>
    </Polygon>
  </MultiGeometry>
</Placemark>
<Placemark>
  <name>EDGG</name>
  <description>EMEA</description>
  <styleUrl>#fir</styleUrl>
  <MultiGeometry>
    <Polygon>
      <outerBoundaryIs><LinearRing><coordinates>6.980289,52.215306,0 6.69493,52.069757,0 6.722542,51.896546,0 5.963067,51.83686,0 6.226357,51.360281,0 5.863198,51.051515,0 6.383333,50.433333,0 6.133333,50.05,0 6.516667,49.816667,0 6.35,49.466667,0 6.733333,49.15,0 8.216667,48.966667,0 7.57,48.083056,0 9.55,48.166667,0 9.776389,48.810556,0 10.966667,49.441667,0 10.288889,50.226944,0 10.702778,50.6575,0 10.492778,51.333333,0 8.906646,51.332582,0 8.865098,51.884137,0 8.576914,51.893736,0 8.399648,52.325799,0 6.980289,52.215306,0</coordinates></LinearRing></outerBoundaryIs>
    </Polygon>
  </MultiGeometry>
</Placemark>
<Placemark>
  <name>EDMM</name>
  <description>EMEA</description>
  <styleUrl>#fir</styleUrl>
  <MultiGeometry>
    <Polygon>
      <outerBoundaryIs><LinearRing><coordinates>15.0,51.016667,0 15.033333,51.3,0 14.766667,51.633333,0 13.1,51.508333,0 12.0,51.906667,0 11.208333,51.841111,0 10.7,51.566667,0 10.3875,51.333889,0 10.702778,50.6575,0 10.288889,50.226944,0 10.966667,49.441667,0 9.776389,48.810556,0 9.55,48.527778,0 9.55,47.8,0 9.733056,47.533611,0 10.287093,47.323167,0 10.552626,47.550287,0 11.138025,47.391913,0 12.81,47.7,0 12.54,48.03,0 12.68,48.24,0 13.18,48.29,0 13.76,48.8,0 12.52,49.7,0 12.36,50.3,0 15.0,51.016667,0</coordinates></LinearRing></outerBoundaryIs>
    </Polygon>
  </MultiGeometry>
</Placemark>
<Placemark>
  <name>EDWW</name>
  <description>EMEA</description>
  <styleUrl>#fir</styleUrl>
  <MultiGeometry>
    <Polygon>
      <outerBoundaryIs><LinearRing><coordinates>6.5,55.0,0 8.391944,55.069167,0 11.833333,54.445833,0 12.85,54.916667,0 13.760833333333,54.916666666667,0 14.324722222222,54.666666666667,0 14.201389,54.126111,0 14.433333,53.25,0 14.15,52.85,0 14.6,52.583333,0 14.766667,51.633333,0 13.1,51.508333,0 12.0,51.906667,0 11.208333,51.841111,0 10.3875,51.333889,0 8.906646,51.332582,0 8.865098,51.884137,0 8.576914,51.893736,0 8.517151,52.29197,0 7.064294,52.237526,0 6.988528,52.469498,0 6.696608,52.486264,0 6.750832,52.647488,0 7.056136,52.643546,0 7.218064,53.208356,0 6.5,53.666667,0 6.5,55.0,0</coordinates></LinearRing></outerBoundaryIs>
    </Polygon>
  </MultiGeometry>
</Placemark>
<Placemark>
  <name>EDXX</name>
  <description>EMEA</description>
  <styleUrl>#fir</styleUrl>
  <MultiGeometry>
    <Polygon>
      <outerBoundaryIs><LinearRing><coordinates>6.980289,52.215306,0 6.69493,52.069757,0 6.722542,51.896546,0 5.963067,51.83686,0 6.226357,51.360281,0 5.863198,51.051515,0 6.383333,50.433333,0 6.133333,50.05,0 6.516667,49.816667,0 6.35,49.466667,0 6.733333,49.15,0 8.216667,48.966667,0 7.57,48.083056,0 9.55,48.166667,0 9.733056,47.533611,0 10.287093,47.323167,0 10.552626,47.550287,0 11.138025,47.391913,0 12.81,47.7,0 12.54,48.03,0 12.68,48.24,0 13.18,48.29,0 13.76,48.8,0 12.52,49.7,0 12.36,50.3,0 15.0,51.016667,0 15.033333,51.3,0 14.616667,51.833333,0 14.75,52.083333,0 14.6,52.583333,0 14.15,52.85,0 14.433333,53.25,0 14.201389,54.126111,0 14.324722222222,54.666666666667,0 13.760833333333,54.916666666667,0 12.85,54.916667,0 11.833333,54.445833,0 8.391944,55.069167,0 6.5,55.0,0 6.5,53.666667,0 7.218064,53.208356,0 7.056136,52.643546,0 6.681017,52.553294,0 7.055041,52.40072,0 6.980289,52.215306,0</coordinates></LinearRing></outerBoundaryIs>
    </Polygon>
  </MultiGeometry>
</Placemark>
<Placemark>
  <name>EETT</name>
  <description>EMEA</description>
  <styleUrl>#fir</styleUrl>
  <MultiGeometry>
    <Polygon>
      <outerBoundaryIs><LinearRing><coordinates>28.19205144693317,59.40252544583476,0 27.36,58.78,0 27.480821,58.215308,0 27.829051,57.861662,0 27.508881,57.797098,0 27.332921837834487,57.521085697266166,0 26.53,57.51,0 25.15,58.09,0 23.601111,57.899167,0 23.406111,57.593889,0 22.7075,57.940833,0 21.916111,57.749444,0 21.483333,58.116667,0 20.642778,58.413333,0 21.0,59.0,0 24.85,59.883333,0 25.866667,59.883333,0 28.19205144693317,59.40252544583476,0</coordinates></LinearRing></outerBoundaryIs>
    </Polygon>
  </MultiGeometry>
</Placemark>
<Placemark>
  <name>EFIN</name>
  <description>EMEA</description>
  <styleUrl>#fir</styleUrl>
  <MultiGeometry>
    <Polygon>
      <outerBoundaryIs><LinearRing><coordinates>20.666667,63.475,0 21.5,63.616667,0 24.14,65.53,0 23.639358,66.436503,0 24.008042,66.809692,0 23.587222,67.167786,0 23.765978,67.424353,0 23.441983,67.468258,0 23.654256,67.945719,0 22.827508,68.379275,0 21.379722222222224,68.76555555555555,0 21.964444444444442,69.08277777777778,0 22.37452138888889,68.71666666666667,0 23.167582777777778,68.62852444444444,0 23.871513611111112,68.83651027777778,0 24.903264166666666,68.55477555555555,0 25.77332222222222,69.01582194444444,0 25.70099833333333,69.25037527777778,0 25.952778,69.693889,0 29.16861111111111,69.64277777777778,0 29.333333333333332,69.48333333333333,0 28.831536666666665,69.22435944444445,0 28.928855555555558,69.05169111111111,0 28.422535,68.913907,0 28.799952179520787,68.86666998865667,0 28.433335,68.540514,0 28.643937,68.197396,0 29.33558486540701,68.06947970352915,0 30.006890243501847,67.67057768500113,0 29.034648,66.922121,0 30.101821,65.82364,0 30.136594,65.669924,0 29.716153,65.636338,0 29.861569,65.561418,0 29.596027,65.263026,0 29.899504,65.102851,0 29.611141,64.930081,0 30.093651,64.769583,0 30.046595,64.401365,0 30.549406,64.132837,0 29.971944,63.757222,0 31.589019,62.908236,0 31.1945,62.470336,0 27.456667,60.223333,0 25.866667,59.883333,0 24.85,59.883333,0 21.0,59.0,0 19.086667,60.191667,0 20.166667,63.166667,0 20.666667,63.475,0</coordinates></LinearRing></outerBoundaryIs>
    </Polygon>
  </MultiGeometry>
</Placemark>
<Placemark>
  <name>EGGX</name>
  <description>EMEA</description>
  <styleUrl>#fir</styleUrl>
  <MultiGeometry>
    <Polygon>
      <outerBoundaryIs><LinearRing><coordinates>-30.0,61.0,0 -10.0,61.0,0 -10.0,57.0,0 -15.0,57.0,0 -15.0,49.0,0 -8.0,48.493611,0 -8.0,45.0,0 -30.0,45.0,0 -30.0,61.0,0</coordinates></LinearRing></outerBoundaryIs>
    </Polygon>
  </MultiGeometry>
</Placemark>
<Placemark>
  <name>EGPX</name>
  <description>EMEA</description>
  <styleUrl>#fir</styleUrl>
  <MultiGeometry>
    <Polygon>
      <outerBoundaryIs><LinearRing><coordinates>-10.0,60.666666666667,0 -7.0,61.0,0 0.0,61.0,0 0.0,60.0,0 4.499444,57.333333,0 3.5,56.509722222222,0 3.5,55.854444444444,0 4.5358333333333,54.5,0 3.3661111111111,53.174722222222,0 0.45527777777778,54.028055555556,0 -0.28669444444444,54.029305555556,0 -0.74873472222222,54.433189444444,0 -1.2833161111111,54.265894166667,0 -1.5166666666667,54.380833333333,0 -1.1438930555556,54.6486675,0 -1.6580555555556,54.526388888889,0 -1.5583333333333,54.836111111111,0 -1.2266666666667,55.030277777778,0 -1.3630555555556,55.227222222222,0 -2.0055555555556,55.0625,0 -2.1666666666667,54.25,0 -3.5513888888889,54.25,0 -3.5930555555556,54.502777777778,0 -4.2611111111111,54.218333333333,0 -5.0058333333333,54.269166666667,0 -5.1641666666667,53.803611111111,0 -8.1666666666667,54.416666666667,0 -6.9166666666667,55.333333333333,0 -7.3333333333333,55.416666666667,0 -8.25,55.333333333333,0 -9.0,54.75,0 -10.0,54.566666666667,0 -10.0,60.666666666667,0</coordinates></LinearRing></outerBoundaryIs>
    </Polygon>
  </MultiGeometry>
</Placemark>
<Placemark>
  <name>EGTL</name>
  <description>EMEA</description>
  <styleUrl>#fir</styleUrl>
  <MultiGeometry>
    <Polygon>
      <outerBoundaryIs><LinearRing><coordinates>-1.6072222222222,51.716111111111,0 -0.4075,52.167222222222,0 -0.61722222222222,52.442222222222,0 0.41861111111111,52.268333333333,0 0.43789277777778,51.876679166667,0 0.81120333333333,51.906045555556,0 0.83333333333333,51.450666666667,0 1.5219444444444,51.413888888889,0 1.465,50.662222222222,0 1.0322222222222,50.948888888889,0 0.96138888888889,50.705277777778,0 0.25194444444444,50.436944444444,0 -1.4388888888889,50.616666666667,0 -1.2872222222222,50.824444444444,0 -1.6072222222222,51.716111111111,0</coordinates></LinearRing></outerBoundaryIs>
    </Polygon>
  </MultiGeometry>
</Placemark>
<Placemark>
  <name>EGTM</name>
  <description>EMEA</description>
  <styleUrl>#fir</styleUrl>
  <MultiGeometry>
    <Polygon>
      <outerBoundaryIs><LinearRing><coordinates>-1.9338786111111,54.943971111111,0 -2.0055555555556,55.0625,0 -1.3606622222222,55.226616944444,0 -1.2266666666667,55.030277777778,0 -1.5583333333333,54.836111111111,0 -1.6580555555556,54.526388888889,0 -1.2725,54.705277777778,0 -1.0794444444444,54.582222222222,0 -1.5166666666667,54.380833333333,0 -1.2833161111111,54.265894166667,0 -0.74873472222222,54.433189444444,0 -0.28669444444444,54.029305555556,0 0.10055555555556,54.029166666667,0 0.46555555555556,53.594166666667,0 0.9525,53.482222222222,0 0.77194444444444,52.89,0 -1.3452777777778,53.171388888889,0 -1.7936111111111,53.008611111111,0 -1.9788888888889,53.206944444444,0 -2.7580555555556,52.846111111111,0 -5.5,53.196666666667,0 -5.5,53.813055555556,0 -5.1641666666667,53.803611111111,0 -5.0058333333333,54.269166666667,0 -4.2611111111111,54.218333333333,0 -3.5930555555556,54.502777777778,0 -3.5513888888889,54.25,0 -2.1666666666667,54.25,0 -1.9338786111111,54.943971111111,0</coordinates></LinearRing></outerBoundaryIs>
    </Polygon>
  </MultiGeometry>
</Placemark>
<Placemark>
  <name>EGTT</name>
  <description>EMEA</description>
  <styleUrl>#fir</styleUrl>
  <MultiGeometry>
    <Polygon>
      <outerBoundaryIs><LinearRing><coordinates>-1.9338786111111,54.943971111111,0 -2.0055555555556,55.0625,0 -1.3606622222222,55.226616944444,0 -1.2266666666667,55.030277777778,0 -1.5583333333333,54.836111111111,0 -1.6580555555556,54.526388888889,0 -1.1438930555556,54.6486675,0 -1.5166666666667,54.380833333333,0 -1.2833161111111,54.265894166667,0 -0.74873472222222,54.433189444444,0 -0.28669444444444,54.029305555556,0 0.45527777777778,54.028055555556,0 3.3661111111111,53.174722222222,0 2.3579611111111,51.952697222222,0 3.1718361111111,52.007513888889,0 3.1718361111111,51.480602777778,0 2.5,51.636830555556,0 2.5,51.455588888889,0 2.0,51.5,0 2.0,51.116666666667,0 1.4666666666667,51.0,0 1.7347222222222,50.712222222222,0 1.5383333333333,50.601666666667,0 1.9516666666667,50.229444444444,0 1.4033333333333,49.921944444444,0 0.76972222222222,50.401388888889,0 -0.25,50.0,0 -2.0,50.0,0 -2.0,49.5,0 -1.6666666666667,49.033333333333,0 -3.0,49.033333333333,0 -3.0,49.830833333333,0 -4.9163888888889,49.478055555556,0 -8.0,49.583333333333,0 -8.0,51.0,0 -5.5007022222222,52.333518055556,0 -5.5,53.813055555556,0 -5.1641666666667,53.803611111111,0 -5.0444444444444,54.081944444444,0 -5.1688888888889,54.133055555556,0 -5.0058333333333,54.269166666667,0 -4.2611111111111,54.218333333333,0 -3.5930555555556,54.502777777778,0 -3.5513888888889,54.25,0 -2.1666666666667,54.25,0 -1.9338786111111,54.943971111111,0</coordinates></LinearRing></outerBoundaryIs>
    </Polygon>
  </MultiGeometry>
</Placemark>
<Placemark>
  <name>EGVV</name>
  <description>EMEA</description>
  <styleUrl>#fir</styleUrl>
  <MultiGeometry>
    <Polygon>
      <outerBoundaryIs><LinearRing><coordinates>-10.0,60.666666666667,0 -7.0,61.0,0 0.0,61.0,0 0.0,60.0,0 4.499444,57.333333,0 3.5,56.509722222222,0 3.5,55.854444444444,0 4.5358333333333,54.5,0 2.3579611111111,51.952697222222,0 3.1718361111111,52.007513888889,0 3.1718361111111,51.480602777778,0 2.5,51.636830555556,0 2.5,51.455588888889,0 2.0,51.5,0 2.0,51.116666666667,0 1.4666666666667,51.0,0 1.7347222222222,50.712222222222,0 1.5383333333333,50.601666666667,0 1.9516666666667,50.229444444444,0 1.4033333333333,49.921944444444,0 0.76972222222222,50.401388888889,0 -0.25,50.0,0 -2.0,50.0,0 -2.0,49.5,0 -1.6666666666667,49.033333333333,0 -3.0,49.033333333333,0 -3.0,49.830833333333,0 -4.9163888888889,49.478055555556,0 -8.0,49.583333333333,0 -8.0,51.0,0 -5.5007022222222,52.333518055556,0 -5.5,53.916666666667,0 -8.1666666666667,54.416666666667,0 -6.9166666666667,55.333333333333,0 -7.3333333333333,55.416666666667,0 -8.25,55.333333333333,0 -9.0,54.75,0 -10.0,54.566666666667,0 -10.0,60.666666666667,0</coordinates></LinearRing></outerBoundaryIs>
    </Polygon>
  </MultiGeometry>
</Placemark>
<Placemark>
  <name>EGYP</name>
  <description>EMEA</description>
  <styleUrl>#fir</styleUrl>
  <MultiGeometry>
    <Polygon>
      <outerBoundaryIs><LinearRing><coordinates>-58.418611,-50.572777,0 -57.148932,-50.863603,0 -56.540725,-51.38432,0 -56.401303,-51.809125,0 -56.504803,-52.237495,0 -57.093844,-52.774684,0 -58.418666,-53.072666,0 -62.0,-53.072777,0 -62.239555,-52.70011,0 -62.458642,-51.844119,0 -61.916666,-50.572666,0 -58.418611,-50.572777,0</coordinates></LinearRing></outerBoundaryIs>
    </Polygon>
  </MultiGeometry>
</Placemark>
<Placemark>
  <name>EHAA</name>
  <description>EMEA</description>
  <styleUrl>#fir</styleUrl>
  <MultiGeometry>
    <Polygon>
      <outerBoundaryIs><LinearRing><coordinates>6.852845,52.119446,0 6.722542,51.896546,0 5.963067,51.83686,0 6.224179,51.473824,0 6.174241,51.158914,0 5.863198,51.051515,0 6.09123,50.918925,0 6.021158,50.754494,0 5.650999,50.825988,0 5.826854,51.167639,0 5.240134,51.263483,0 5.03865,51.486865,0 4.119632,51.270635,0 3.1718361111111,51.480602777778,0 3.1718361111111,52.007513888889,0 2.3579611111111,51.952697222222,0 5.0,55.0,0 6.5,55.0,0 6.5,53.666667,0 7.218064,53.208356,0 7.056136,52.643546,0 6.681017,52.553294,0 7.068759,52.382221,0 6.852845,52.119446,0</coordinates></LinearRing></outerBoundaryIs>
    </Polygon>
  </MultiGeometry>
</Placemark>
<Placemark>
  <name>EIDW</name>
  <description>EMEA</description>
  <styleUrl>#fir</styleUrl>
  <MultiGeometry>
    <Polygon>
      <outerBoundaryIs><LinearRing><coordinates>-5.5,53.916666666667,0 -6.77566,54.15596,0 -7.33,53.75,0 -7.33,53.09,0 -6.61,52.61,0 -5.5007022222222,52.333518055556,0 -5.5,53.916666666667,0</coordinates></LinearRing></outerBoundaryIs>
    </Polygon>
  </MultiGeometry>
</Placemark>
<Placemark>
  <name>EISN</name>
  <description>EMEA</description>
  <styleUrl>#fir</styleUrl>
  <MultiGeometry>
    <Polygon>
      <outerBoundaryIs><LinearRing><coordinates>-15.0,57.0,0 -10.0,57.0,0 -9.999999992273182,54.56666666808358,0 -9.0,54.75,0 -8.25,55.333333333333,0 -7.333333333333333,55.416666666666664,0 -6.916666666667032,55.333333333333066,0 -8.16666666666631,54.41666666666693,0 -5.5,53.916666666667,0 -5.5007022222222,52.333518055556,0 -8.0,51.0,0 -8.0,48.493611,0 -15.0,49.0,0 -15.0,57.0,0</coordinates></LinearRing></outerBoundaryIs>
    </Polygon>
  </MultiGeometry>
</Placemark>
<Placemark>
  <name>EKDK</name>
  <description>EMEA</description>
  <styleUrl>#fir</styleUrl>
  <MultiGeometry>
    <Polygon>
      <outerBoundaryIs><LinearRing><coordinates>10.5,58.5,0 12.898889,55.641111,0 12.606892,55.419022,0 12.85,54.916667,0 12.0,54.45,0 8.391944,55.069167,0 5.0,55.0,0 4.535833,54.5,0 3.5,55.854444,0 3.5,56.509722,0 4.499444,57.333333,0 5.0,57.0,0 7.5,57.0,0 10.5,58.5,0</coordinates></LinearRing></outerBoundaryIs>
    </Polygon>
  </MultiGeometry>
</Placemark>
<Placemark>
  <name>ENBD</name>
  <description>EMEA</description>
  <styleUrl>#fir</styleUrl>
  <MultiGeometry>
    <Polygon>
      <outerBoundaryIs><LinearRing><coordinates>29.16861111111111,69.64277777777778,0 25.952778,69.693889,0 25.70099833333333,69.25037527777778,0 25.77332222222222,69.01582194444444,0 24.903264166666666,68.55477555555555,0 23.871513611111112,68.83651027777778,0 23.167582777777778,68.62852444444444,0 22.37452138888889,68.71666666666667,0 21.964444444444442,69.08277777777778,0 21.379722222222224,68.76555555555555,0 20.773333333333333,69.04027777777777,0 20.060056,69.04575,0 20.335861,68.802306,0 19.937504,68.55792,0 20.226374,68.4908,0 19.921395,68.35602,0 18.125917,68.536441,0 18.151349,68.198784,0 17.899808,67.969344,0 17.447777777777777,68.08444444444444,0 15.50388888888889,66.08583333333333,0 14.516180833333333,66.13259777777778,0 14.498916666666666,65.51558333333334,0 13.376111111111111,64.07972222222222,0 12.683489722222223,63.974225,0 12.150277777777777,63.59388888888889,0 11.974444444444444,63.26916666666666,0 12.218361111111111,63.00029833333333,0 12.05613888888889,62.611916666666666,0 12.29888888888889,62.26638888888889,0 12.219722222222222,62.0,0 8.825,62.0,0 7.829444444444444,61.56583333333333,0 4.053333333333333,63.05444444444444,0 6.266667,65.133333,0 7.707778,66.211111,0 10.969444444444445,68.10138888888888,0 15.0,70.0,0 25.0,71.333333,0 28.0,71.333333,0 30.0,71.0,0 31.716667,70.366667,0 30.817436,69.794397,0 30.938786,69.560681,0 30.085264,69.658058,0 30.111881,69.466836,0 29.291628,69.296642,0 29.041297,69.010631,0 28.805429166666666,69.11115638888889,0 29.333333333333332,69.48333333333333,0 29.16861111111111,69.64277777777778,0</coordinates></LinearRing></outerBoundaryIs>
    </Polygon>
  </MultiGeometry>
</Placemark>
<Placemark>
  <name>ENOB</name>
  <description>EMEA</description>
  <styleUrl>#fir</styleUrl>
  <MultiGeometry>
    <Polygon>
      <outerBoundaryIs><LinearRing><coordinates>0.0,82.0,0 30.0,82.0,0 30.0,71.0,0 28.0,71.333333,0 25.0,71.333333,0 15.0,70.0,0 10.969444444444445,68.10138888888888,0 7.707778,66.211111,0 6.266667,65.133333,0 4.053333333333333,63.05444444444444,0 0.0,63.25,0 0.0,82.0,0</coordinates></LinearRing></outerBoundaryIs>
    </Polygon>
  </MultiGeometry>
</Placemark>
<Placemark>
  <name>ENOR</name>
  <description>EMEA</description>
  <styleUrl>#fir</styleUrl>
  <MultiGeometry>
    <Polygon>
      <outerBoundaryIs><LinearRing><coordinates>12.50333,60.62366,0 12.548617,60.149578,0 11.676075,59.630386,0 11.843294,59.227097,0 11.730014,58.946686,0 11.433333,58.9,0 11.333333,59.083333,0 10.638889,58.892222,0 10.5,58.5,0 7.5,57.0,0 5.0,57.0,0 0.0,60.0,0 0.0,63.25,0 4.053333333333333,63.05444444444444,0 6.266667,65.133333,0 7.707778,66.211111,0 10.969444444444445,68.10138888888888,0 15.0,70.0,0 25.0,71.333333,0 28.0,71.333333,0 30.0,71.0,0 31.716667,70.366667,0 30.817436,69.794397,0 30.938786,69.560681,0 30.085264,69.658058,0 30.111881,69.466836,0 29.291628,69.296642,0 29.041297,69.010631,0 28.805429166666666,69.11115638888889,0 29.333333333333332,69.48333333333333,0 29.16861111111111,69.64277777777778,0 25.952778,69.693889,0 25.70099833333333,69.25037527777778,0 25.77332222222222,69.01582194444444,0 24.903264166666666,68.55477555555555,0 23.871513611111112,68.83651027777778,0 23.167582777777778,68.62852444444444,0 22.37452138888889,68.71666666666667,0 21.964444444444442,69.08277777777778,0 21.379722222222224,68.76555555555555,0 20.773333333333333,69.04027777777777,0 20.060056,69.04575,0 20.335861,68.802306,0 19.937504,68.55792,0 20.226374,68.4908,0 19.921395,68.35602,0 18.125917,68.536441,0 18.151349,68.198784,0 17.899808,67.969344,0 17.447777777777777,68.08444444444444,0 15.50388888888889,66.08583333333333,0 14.516180833333333,66.13259777777778,0 14.498916666666666,65.51558333333334,0 13.376111111111111,64.07972222222222,0 12.683489722222223,63.974225,0 12.150277777777777,63.59388888888889,0 11.974444444444444,63.26916666666666,0 12.218361111111111,63.00029833333333,0 12.05613888888889,62.611916666666666,0 12.29888888888889,62.26638888888889,0 12.219722222222222,62.0,0 12.865242,61.366294,0 12.50333,60.62366,0</coordinates></LinearRing></outerBoundaryIs>
    </Polygon>
  </MultiGeometry>
</Placemark>
<Placemark>
  <name>ENOS</name>
  <description>EMEA</description>
  <styleUrl>#fir</styleUrl>
  <MultiGeometry>
    <Polygon>
      <outerBoundaryIs><LinearRing><coordinates>8.825,62.0,0 7.779167,61.5375,0 7.683333,61.029167,0 7.1125,60.672222,0 7.1125,60.363333,0 8.295,60.249167,0 8.296944,59.595,0 7.5,59.4,0 7.5,58.741667,0 7.89,58.5075,0 6.374444,57.303056,0 6.547222222222222,57.0,0 7.5,57.0,0 10.5,58.5,0 10.638889,58.892222,0 11.333333,59.083333,0 11.433333,58.9,0 11.730014,58.946686,0 11.843294,59.227097,0 11.676075,59.630386,0 12.548617,60.149578,0 12.50333,60.62366,0 12.865242,61.366294,0 12.219722,62.0,0 8.825,62.0,0</coordinates></LinearRing></outerBoundaryIs>
    </Polygon>
  </MultiGeometry>
</Placemark>
<Placemark>
  <name>ENSV</name>
  <description>EMEA</description>
  <styleUrl>#fir</styleUrl>
  <MultiGeometry>
    <Polygon>
      <outerBoundaryIs><LinearRing><coordinates>0.0,63.25,0 4.053333333333333,63.05444444444444,0 7.829444444444444,61.56583333333333,0 7.683333,61.029167,0 7.1125,60.672222,0 7.1125,60.363333,0 8.295,60.249167,0 8.296944,59.595,0 7.5,59.4,0 7.5,58.741667,0 7.89,58.5075,0 6.374444,57.303056,0 6.547222222222222,57.0,0 5.0,57.0,0 0.0,60.0,0 0.0,63.25,0</coordinates></LinearRing></outerBoundaryIs>
    </Polygon>
  </MultiGeometry>
</Placemark>
<Placemark>
  <name>EPWW</name>
  <description>EMEA</description>
  <styleUrl>#fir</styleUrl>
  <MultiGeometry>
    <Polygon>
      <outerBoundaryIs><LinearRing><coordinates>15.033333,51.3,0 14.616667,51.833333,0 14.75,52.083333,0 14.6,52.583333,0 14.15,52.85,0 14.433333,53.25,0 14.280555555556,54.333333333333,0 15.396111111111,54.385,0 16.236111111111,55.133611111111,0 18.398055555556,55.29,0 19.641667,54.458333,0 22.85,54.416667,0 23.5,54.133333,0 23.916667,53.166667,0 23.916667,52.666667,0 23.45,52.566667,0 23.166667,52.283333,0 23.65,52.083333,0 23.666667,51.283333,0 24.15,50.866667,0 23.966667,50.833333,0 24.05,50.45,0 23.716667,50.383333,0 22.666667,49.533333,0 22.833333,49.016667,0 21.633333,49.45,0 20.933333,49.3,0 20.316667,49.4,0 20.066667,49.183333,0 19.758611,49.216111,0 19.783333,49.4,0 19.45,49.6,0 18.983333,49.4,0 18.516667,49.9,0 17.7875,50.021389,0 17.6,50.166667,0 17.75,50.3,0 16.916667,50.433333,0 17.016667,50.216667,0 16.5925,50.122222,0 16.2,50.433333,0 16.433333,50.566667,0 16.333333,50.65,0 15.4,50.766667,0 15.0,51.016667,0 15.033333,51.3,0</coordinates></LinearRing></outerBoundaryIs>
    </Polygon>
  </MultiGeometry>
</Placemark>
<Placemark>
  <name>ESAA</name>
  <description>EMEA</description>
  <styleUrl>#fir</styleUrl>
  <MultiGeometry>
    <Polygon>
      <outerBoundaryIs><LinearRing><coordinates>20.548611,69.06,0 22.827508,68.379275,0 23.654256,67.945719,0 23.441983,67.468258,0 23.765978,67.424353,0 23.587222,67.167786,0 24.008042,66.809692,0 23.639358,66.436503,0 24.14,65.53,0 21.5,63.616667,0 20.666667,63.475,0 20.166667,63.166667,0 19.086667,60.191667,0 21.0,59.0,0 19.833333,57.0,0 17.55,55.85,0 18.398055555556,55.29,0 16.236111111111,55.133611111111,0 15.055833333333,54.2625,0 14.280555555556,54.333333333333,0 14.324722222222,54.666666666667,0 13.760833333333,54.916666666667,0 12.85,54.916667,0 12.606892,55.419022,0 12.898889,55.641111,0 12.640556,56.058611,0 10.5,58.5,0 10.638889,58.892222,0 11.333333,59.083333,0 11.433333,58.9,0 11.730014,58.946686,0 11.843294,59.227097,0 11.676075,59.630386,0 12.548617,60.149578,0 12.50333,60.62366,0 12.865242,61.366294,0 12.219722222222222,62.0,0 12.29888888888889,62.26638888888889,0 12.05613888888889,62.611916666666666,0 12.218361111111111,63.00029833333333,0 11.974444444444444,63.26916666666666,0 12.150277777777777,63.59388888888889,0 12.683489722222223,63.974225,0 13.376111111111111,64.07972222222222,0 14.498916666666666,65.51558333333334,0 14.516180833333333,66.13259777777778,0 15.50388888888889,66.08583333333333,0 17.447777777777777,68.08444444444444,0 17.899808,67.969344,0 18.151349,68.198784,0 18.125917,68.536441,0 19.921395,68.35602,0 20.226374,68.4908,0 19.937504,68.55792,0 20.335861,68.802306,0 20.060056,69.04575,0 20.548611,69.06,0</coordinates></LinearRing></outerBoundaryIs>
    </Polygon>
  </MultiGeometry>
</Placemark>
<Placemark>
  <name>ESMM</name>
  <description>EMEA</description>
  <styleUrl>#fir</styleUrl>
  <MultiGeometry>
    <Polygon>
      <outerBoundaryIs><LinearRing><coordinates>11.676075,59.630386,0 12.173225,59.893439,0 14.620277777778,58.904722222222,0 14.339444444444,58.787777777778,0 14.163888888889,58.243055555556,0 13.607222222222,57.536666666667,0 14.628611111111,57.2275,0 14.533333333333,57.121388888889,0 15.116111111111,56.688888888889,0 15.126111111111,56.35,0 15.631944444444,56.337777777778,0 16.771944444444,56.866666666667,0 20.274722222222,57.784166666667,0 19.833333,57.0,0 17.55,55.85,0 18.398055555556,55.29,0 16.236111111111,55.133611111111,0 15.396111111111,54.385,0 14.280555555556,54.333333333333,0 14.324722222222,54.666666666667,0 13.760833333333,54.916666666667,0 12.85,54.916667,0 12.606892,55.419022,0 12.898889,55.641111,0 12.640556,56.058611,0 10.5,58.5,0 10.638889,58.892222,0 11.333333,59.083333,0 11.433333,58.9,0 11.730014,58.946686,0 11.843294,59.227097,0 11.676075,59.630386,0</coordinates></LinearRing></outerBoundaryIs>
    </Polygon>
  </MultiGeometry>
</Placemark>
<Placemark>
  <name>ESOS</name>
  <description>EMEA</description>
  <styleUrl>#fir</styleUrl>
  <MultiGeometry>
    <Polygon>
      <outerBoundaryIs><LinearRing><coordinates>20.548611,69.06,0 22.827508,68.379275,0 23.654256,67.945719,0 23.441983,67.468258,0 23.765978,67.424353,0 23.587222,67.167786,0 24.008042,66.809692,0 23.639358,66.436503,0 24.14,65.53,0 21.5,63.616667,0 20.666667,63.475,0 20.166667,63.166667,0 19.086667,60.191667,0 21.0,59.0,0 20.274722222222,57.784166666667,0 16.771944444444,56.866666666667,0 15.631944444444,56.337777777778,0 15.126111111111,56.35,0 15.116111111111,56.688888888889,0 14.533333333333,57.121388888889,0 14.628611111111,57.2275,0 13.607222222222,57.536666666667,0 14.163888888889,58.243055555556,0 14.339444444444,58.787777777778,0 14.620277777778,58.904722222222,0 12.173225,59.893439,0 12.548617,60.149578,0 12.50333,60.62366,0 12.865242,61.366294,0 12.219722222222222,62.0,0 12.29888888888889,62.26638888888889,0 12.05613888888889,62.611916666666666,0 12.218361111111111,63.00029833333333,0 11.974444444444444,63.26916666666666,0 12.683489722222223,63.974225,0 13.376111111111111,64.07972222222222,0 14.498916666666666,65.51558333333334,0 14.516180833333333,66.13259777777778,0 15.50388888888889,66.08583333333333,0 17.447777777777777,68.08444444444444,0 17.899808,67.969344,0 18.151349,68.198784,0 18.125917,68.536441,0 19.921395,68.35602,0 20.226374,68.4908,0 19.937504,68.55792,0 20.335861,68.802306,0 20.060056,69.04575,0 20.548611,69.06,0</coordinates></LinearRing></outerBoundaryIs>
    </Polygon>
  </MultiGeometry>
</Placemark>
<Placemark>
  <name>EVRR</name>
  <description>EMEA</description>
  <styleUrl>#fir</styleUrl>
  <MultiGeometry>
    <Polygon>
      <outerBoundaryIs><LinearRing><coordinates>21.5425,58.021111,0 21.916111,57.749444,0 22.7075,57.940833,0 23.180833,57.586389,0 23.582222,57.669722,0 23.601111,57.899167,0 25.15,58.09,0 26.53,57.51,0 27.5297,57.5395,0 27.8689,57.2741,0 27.6708,56.8458,0 27.9769,56.82,0 28.2472,56.2793,0 27.556342,55.807075,0 26.630556,55.680556,0 25.13835,56.173425,0 24.887747,56.445997,0 24.46865,56.262281,0 22.142086,56.426525,0 21.064444,56.069167,0 18.506389,56.345278,0 19.833333,57.0,0 20.642778,58.413333,0 21.5425,58.021111,0</coordinates></LinearRing></outerBoundaryIs>
    </Polygon>
  </MultiGeometry>
</Placemark>
<Placemark>
  <name>EYVL</name>
  <description>EMEA</description>
  <styleUrl>#fir</styleUrl>
  <MultiGeometry>
    <Polygon>
      <outerBoundaryIs><LinearRing><coordinates>18.018611,56.095278,0 18.506389,56.345278,0 21.064444,56.069167,0 22.142086,56.426525,0 24.46865,56.262281,0 24.887747,56.445997,0 25.13835,56.173425,0 26.630556,55.680556,0 26.458617,55.318503,0 26.85625,55.264644,0 25.854722,54.881336,0 25.584858,54.329003,0 25.715492,54.135917,0 25.456514,54.266553,0 24.746619,53.947989,0 23.618467,53.909025,0 23.366667,54.216667,0 22.757261,54.401531,0 22.871083,54.8396,0 22.580897,55.071814,0 22.071044,55.026189,0 18.018611,56.095278,0</coordinates></LinearRing></outerBoundaryIs>
    </Polygon>
  </MultiGeometry>
</Placemark>
<Placemark>
  <name>FACA</name>
  <description>EMEA</description>
  <styleUrl>#fir</styleUrl>
  <MultiGeometry>
    <Polygon>
      <outerBoundaryIs><LinearRing><coordinates>15.0,-34.83,0 15.0,-30.5,0 21.27,-30.52,0 23.76,-31.34,0 28.02,-30.79,0 32.0,-33.0,0 28.0,-37.0,0 15.0,-37.0,0 15.0,-34.83,0</coordinates></LinearRing></outerBoundaryIs>
    </Polygon>
  </MultiGeometry>
</Placemark>
<Placemark>
  <name>FAJA</name>
  <description>EMEA</description>
  <styleUrl>#fir</styleUrl>
  <MultiGeometry>
    <Polygon>
      <outerBoundaryIs><LinearRing><coordinates>17,-27.5,0 21,-27.5,0 20.998689,-26.83335,0 21.7,-26.85,0 22.05,-26.616667,0 22.733333,-26.016667,0 23,-25.3,0 23.533333,-25.3,0 24.366667,-25.766667,0 25.333333,-25.766667,0 25.583333,-25.633333,0 25.85,-24.75,0 26.416667,-24.641667,0 26.85,-24.266667,0 27,-23.666667,0 27.533333,-23.4,0 28.35,-22.566667,0 29.64,-22.14,0 31.316642,-22.417483,0 31.541328,-23.418122,0 31.983056,-24.301511,0 31.932844,-25.834333,0 32.099506,-26.017881,0 32.133608,-26.835519,0 32.894467,-26.850519,0 35,-27.833333,0 32,-33,0 28.02,-30.79,0 23.76,-31.34,0 21.27,-30.52,0 15,-30.5,0 15,-27.5,0 17,-27.5,0</coordinates></LinearRing></outerBoundaryIs>
    </Polygon>
  </MultiGeometry>
</Placemark>
<Placemark>
  <name>FAJO</name>
  <description>EMEA</description>
  <styleUrl>#fir</styleUrl>
  <MultiGeometry>
    <Polygon>
      <outerBoundaryIs><LinearRing><coordinates>-10,-20,0 -5,-18,0 10,-18,0 11.200380889430221,-17.485886376962505,0 14.765334587316119,-27.500000006114753,0 15,-27.5,0 15,-37,0 28,-37,0 32,-33,0 35,-27.833333,0 40,-30,0 57,-30,0 57,-45,0 75,-45,0 75,-90,0 -10,-90,0 -10,-20,0</coordinates></LinearRing></outerBoundaryIs>
    </Polygon>
  </MultiGeometry>
</Placemark>
<Placemark>
  <name>FAMR</name>
  <description>EMEA</description>
  <styleUrl>#fir</styleUrl>
  <MultiGeometry>
    <Polygon>
      <outerBoundaryIs><LinearRing><coordinates>30.653188875749265,-25.361455368529604,0 31.014677067028565,-25.086279466733647,0 31.401356061692887,-25.341321163077634,0 32.03311908254932,-25.367380970411332,0 31.88289497517122,-23.95131192554903,0 31.566395340103625,-23.484987165244966,0 31.259999423907782,-22.369999435262248,0 30.279997592179683,-22.35999704195138,0 29.639982541609683,-22.13999450074325,0 28.6525308106527,-24.123450319942798,0 29.673722228294423,-25.63650421284546,0 30.653188875749265,-25.361455368529604,0</coordinates></LinearRing></outerBoundaryIs>
    </Polygon>
  </MultiGeometry>
</Placemark>
<Placemark>
  <name>FASA</name>
  <description>EMEA</description>
  <styleUrl>#fir</styleUrl>
  <MultiGeometry>
    <Polygon>
      <outerBoundaryIs><LinearRing><coordinates>15,-27.5,0 21,-27.5,0 21,-26.833333,0 21.7,-26.85,0 22.05,-26.616667,0 22.733333,-26.016667,0 23,-25.3,0 23.533333,-25.3,0 23.933333,-25.633333,0 24.616667,-25.816667,0 25.583333,-25.633333,0 25.85,-24.75,0 26.416667,-24.641667,0 26.85,-24.266667,0 27,-23.666667,0 27.533333,-23.4,0 28.35,-22.566667,0 29.64,-22.14,0 31.316642,-22.417483,0 31.541328,-23.418122,0 31.983056,-24.301511,0 31.932844,-25.834333,0 32.099506,-26.017881,0 32.133608,-26.835519,0 32.894467,-26.850519,0 35,-27.833333,0 32,-33,0 28,-37,0 15,-37,0 15,-27.5,0</coordinates></LinearRing></outerBoundaryIs>
    </Polygon>
  </MultiGeometry>
</Placemark>
<Placemark>
  <name>FBGR</name>
  <description>EMEA</description>
  <styleUrl>#fir</styleUrl>
  <MultiGeometry>
    <Polygon>
      <outerBoundaryIs><LinearRing><coordinates>20.998769,-18.317444,0 23.315206,-18.000822,0 23.615172,-18.509114,0 24.365103,-17.950833,0 24.581744,-18.063325,0 25.262514,-17.795297,0 26.166667,-19.55,0 27.2,-20.083333,0 27.283333,-20.483333,0 27.716667,-20.516667,0 27.683333,-21.066667,0 28.016667,-21.566667,0 28.991667,-21.766667,0 29.35,-22.2,0 28.35,-22.566667,0 27.533333,-23.4,0 27.0,-23.666667,0 26.85,-24.266667,0 26.416667,-24.641667,0 25.85,-24.75,0 25.583333,-25.633333,0 24.616667,-25.816667,0 23.933333,-25.633333,0 23.533333,-25.3,0 23.0,-25.3,0 22.733333,-26.016667,0 22.05,-26.616667,0 21.7,-26.85,0 20.7,-26.866667,0 20.6,-26.466667,0 20.866667,-26.15,0 20.816667,-25.866667,0 20.333333,-25.0,0 20.0,-24.750556,0 20.0,-22.0,0 21.0,-22.0,0 20.998769,-18.317444,0</coordinates></LinearRing></outerBoundaryIs>
    </Polygon>
  </MultiGeometry>
</Placemark>
<Placemark>
  <name>FCCC</name>
  <description>EMEA</description>
  <styleUrl>#fir</styleUrl>
  <MultiGeometry>
    <Polygon>
      <outerBoundaryIs><LinearRing><coordinates>6.583333,3.0,0 8.538889,4.7,0 8.822222,5.191667,0 8.838186,5.820003,0 9.706256,6.517161,0 9.782089,6.800469,0 10.161819,7.037947,0 10.490992,6.90185,0 10.572936,7.165714,0 11.098503,6.547717,0 11.35,6.5,0 11.845833,7.075,0 12.216667,8.0,0 24.966667,8.0,0 25.283853,7.759508,0 25.15,7.55,0 25.333333,7.35,0 26.367211,6.634606,0 26.233333,6.45,0 26.4,6.1,0 27.167231,5.693019,0 27.466667,5.016667,0 27.166667,5.2,0 26.416667,5.083333,0 25.366667,5.333333,0 25.333333,5.033333,0 24.75,4.916667,0 24.443333,5.096944,0 23.373333,4.604444,0 22.936944,4.816944,0 22.293722,4.113639,0 20.556389,4.399444,0 20.360556,4.733056,0 19.433333,5.132222,0 18.543889,4.308889,0 18.643333,3.192222,0 18.116667,2.268333,0 17.75,-0.5,0 16.166667,-2.25,0 16.25,-3.216667,0 15.916667,-3.966667,0 15.5,-4.083333,0 14.833333,-4.833333,0 14.416667,-4.866667,0 14.416667,-4.333333,0 13.833333,-4.416667,0 13.466667,-4.883333,0 12.766667,-4.35,0 12.0,-5.083333,0 8.833333,-5.5,0 6.583333,-4.166667,0 6.583333,3.0,0</coordinates></LinearRing></outerBoundaryIs>
    </Polygon>
  </MultiGeometry>
</Placemark>
<Placemark>
  <name>FIMM</name>
  <description>EMEA</description>
  <styleUrl>#fir</styleUrl>
  <MultiGeometry>
    <Polygon>
      <outerBoundaryIs><LinearRing><coordinates>55.5,-10.0,0 60.0,-10.0,0 60.0,-6.0,0 75.0,-6.0,0 75.0,-45.0,0 57.0,-45.0,0 57.0,-22.333333,0 55.5,-19.0,0 55.5,-10.0,0</coordinates></LinearRing></outerBoundaryIs>
    </Polygon>
  </MultiGeometry>
</Placemark>
<Placemark>
  <name>FLFI</name>
  <description>EMEA</description>
  <styleUrl>#fir</styleUrl>
  <MultiGeometry>
    <Polygon>
      <outerBoundaryIs><LinearRing><coordinates>21.999725,-13.001547,0 22.999753,-13.001547,0 24.333122,-11.001717,0 25.499819,-12.001633,0 27.999886,-12.001636,0 29.884008,-8.118669,0 30.766628,-8.218625,0 31.024136,-8.585261,0 32.954472,-9.4059,0 33.706853,-10.571053,0 33.245281,-10.893008,0 33.405794,-11.155119,0 33.225511,-11.427914,0 33.264964,-12.151919,0 33.551717,-12.365519,0 33.015111,-12.655225,0 33.015536,-13.216225,0 32.672364,-13.612422,0 32.990933,-14.016428,0 33.209392,-14.005333,0 30.214483,-14.995158,0 30.424953,-15.618003,0 29.749933,-15.618003,0 28.916578,-15.942975,0 28.816575,-16.4846,0 27.829881,-16.963728,0 27.049858,-17.951147,0 26.653947,-18.064572,0 25.383144,-17.851156,0 24.704514,-17.502847,0 23.433333,-17.633333,0 22.15,-16.483333,0 22.0,-16.2,0 21.999725,-13.001547,0</coordinates></LinearRing></outerBoundaryIs>
    </Polygon>
  </MultiGeometry>
</Placemark>
<Placemark>
  <name>FMMM</name>
  <description>EMEA</description>
  <styleUrl>#fir</styleUrl>
  <MultiGeometry>
    <Polygon>
      <outerBoundaryIs><LinearRing><coordinates>45.0,-10.0,0 55.5,-10.0,0 55.5,-19.0,0 57.0,-22.333333,0 57.0,-30.0,0 40.0,-30.0,0 40.0,-20.0,0 43.0,-15.0,0 41.50025,-11.001717,0 45.0,-10.0,0</coordinates></LinearRing></outerBoundaryIs>
    </Polygon>
  </MultiGeometry>
</Placemark>
<Placemark>
  <name>FNAN</name>
  <description>EMEA</description>
  <styleUrl>#fir</styleUrl>
  <MultiGeometry>
    <Polygon>
      <outerBoundaryIs><LinearRing><coordinates>6.583333,-4.166667,0 8.833333,-5.5,0 12.0,-5.083333,0 12.766667,-4.35,0 13.116667,-4.683333,0 12.833333,-4.733333,0 12.533333,-5.133333,0 12.533333,-5.733333,0 12.2,-5.783333,0 12.216667,-6.05,0 16.0,-5.833333,0 22.0,-7.333333,0 22.0,-9.0,0 24.333122,-11.001717,0 22.999753,-13.001547,0 21.999725,-13.001547,0 22.0,-16.2,0 23.433333,-17.633333,0 20.866667,-18.016667,0 18.883333,-17.8,0 18.433333,-17.383333,0 13.95,-17.433333,0 13.15,-16.95,0 12.6,-17.233333,0 11.75,-17.25,0 10.0,-18.0,0 -5.0,-18.0,0 -10.0,-20.0,0 -10.0,-12.0,0 6.583333,-5.866667,0 6.583333,-4.166667,0</coordinates></LinearRing></outerBoundaryIs>
    </Polygon>
  </MultiGeometry>
</Placemark>
<Placemark>
  <name>FQBE</name>
  <description>EMEA</description>
  <styleUrl>#fir</styleUrl>
  <MultiGeometry>
    <Polygon>
      <outerBoundaryIs><LinearRing><coordinates>34.967311,-11.569983,0 35.557869,-11.606114,0 35.8751,-11.410019,0 36.183442,-11.718325,0 37.050131,-11.585003,0 37.466808,-11.718325,0 37.783483,-11.568336,0 37.900153,-11.268364,0 38.441836,-11.41835,0 39.266858,-11.168369,0 40.500222,-10.418433,0 41.50025,-11.001717,0 43.0,-15.0,0 40.0,-20.0,0 40.0,-30.0,0 32.894467,-26.850519,0 32.133608,-26.835519,0 32.099506,-26.017881,0 31.932844,-25.834333,0 31.983056,-24.301511,0 31.541328,-23.418122,0 31.316642,-22.417483,0 32.491675,-21.334228,0 32.366672,-21.134242,0 32.487508,-20.617614,0 33.012522,-20.021825,0 33.054192,-19.784342,0 32.775017,-19.476033,0 32.875019,-19.101061,0 32.700014,-18.934408,0 33.050025,-18.342786,0 33.041692,-17.342864,0 32.834739,-16.922064,0 32.983356,-16.705417,0 31.916658,-16.413772,0 31.245808,-16.001306,0 30.424953,-16.001306,0 30.214483,-14.995158,0 33.241206,-14.000403,0 33.683417,-14.602839,0 34.073942,-15.858261,0 35.802328,-16.039569,0 35.870256,-14.670886,0 34.859239,-13.482067,0 34.522564,-13.351522,0 34.406792,-12.208289,0 34.642142,-11.585322,0 34.967311,-11.569983,0</coordinates></LinearRing></outerBoundaryIs>
    </Polygon>
  </MultiGeometry>
</Placemark>
<Placemark>
  <name>FQMA</name>
  <description>EMEA</description>
  <styleUrl>#fir</styleUrl>
  <MultiGeometry>
    <Polygon>
      <outerBoundaryIs><LinearRing><coordinates>34.687233713163366,-22.41722460827302,0 31.316642,-22.417483,0 31.541328,-23.418122,0 31.983056,-24.301511,0 31.932844,-25.834333,0 32.099506,-26.017881,0 32.133608,-26.835519,0 32.894467,-26.850519,0 40,-30,0 40,-20,0 37.58065893968798,-18.311658903530535,0 37.06701151337129,-18.65021542388984,0 36.42138280398988,-18.53314108781446,0 35.80990895236644,-19.102572086716457,0 36.07120411291133,-19.67362172931663,0 35.95530560854937,-20.29471785135481,0 35.148452635939066,-20.876663648714384,0 35.3108429475157,-21.276366462586505,0 35.99172718584545,-21.647059294874985,0 36.030415293532016,-22.269523314953517,0 35.38998100311325,-22.70981511305407,0 34.687233713163366,-22.41722460827302,0</coordinates></LinearRing></outerBoundaryIs>
    </Polygon>
  </MultiGeometry>
</Placemark>
<Placemark>
  <name>FSSS</name>
  <description>EMEA</description>
  <styleUrl>#fir</styleUrl>
  <MultiGeometry>
    <Polygon>
      <outerBoundaryIs><LinearRing><coordinates>44.0,-2.0,0 60.0,10.7,0 60.0,-10.0,0 45.0,-10.0,0 44.000975,-10.301769,0 44.0,-2.0,0</coordinates></LinearRing></outerBoundaryIs>
    </Polygon>
  </MultiGeometry>
</Placemark>
<Placemark>
  <name>FTTT</name>
  <description>EMEA</description>
  <styleUrl>#fir</styleUrl>
  <MultiGeometry>
    <Polygon>
      <outerBoundaryIs><LinearRing><coordinates>11.5,22.0,0 19.0,22.0,0 24.0,19.5,0 24.000503,15.700519,0 23.133333,15.708333,0 22.908333,15.533333,0 22.996308,15.213061,0 22.670833,14.85,0 22.725467,14.683936,0 22.408333,14.595833,0 22.579628,14.150644,0 22.091667,13.783333,0 22.283786,13.350711,0 21.825,12.8,0 21.933333,12.633333,0 22.458789,12.621603,0 22.475,12.016667,0 22.642128,12.067483,0 22.544444,11.644444,0 22.944911,11.418925,0 22.875,10.916667,0 23.69215,9.863497,0 23.516667,8.733333,0 24.277719,8.702208,0 24.219167,8.293056,0 24.858333,8.175,0 24.966667,8.0,0 12.216667,8.0,0 12.239444,8.430417,0 12.802778,8.768333,0 12.8475,9.375556,0 13.223056,9.5475,0 13.726039,10.978986,0 13.975767,11.304514,0 14.633333,11.525,0 14.653831,12.171661,0 14.183333,12.369722,0 14.082708,13.083247,0 13.632697,13.716525,0 12.894075,13.487375,0 12.4775,13.065278,0 11.5,13.354167,0 11.5,22.0,0</coordinates></LinearRing></outerBoundaryIs>
    </Polygon>
  </MultiGeometry>
</Placemark>
<Placemark>
  <name>FVHF</name>
  <description>EMEA</description>
  <styleUrl>#fir</styleUrl>
  <MultiGeometry>
    <Polygon>
      <outerBoundaryIs><LinearRing><coordinates>30.424953,-15.618003,0 30.424953,-16.001306,0 31.245808,-16.001306,0 31.916658,-16.413772,0 32.983356,-16.705417,0 32.834739,-16.922064,0 33.041692,-17.342864,0 33.050025,-18.342786,0 32.700014,-18.934408,0 32.875019,-19.101061,0 32.775017,-19.476033,0 33.054192,-19.784342,0 33.012522,-20.021825,0 32.487508,-20.617614,0 32.366672,-21.134242,0 32.491675,-21.334228,0 31.316642,-22.417483,0 29.35,-22.2,0 28.991667,-21.766667,0 28.016667,-21.566667,0 27.683333,-21.066667,0 27.716667,-20.516667,0 27.283333,-20.483333,0 27.2,-20.083333,0 26.166667,-19.55,0 25.233333,-17.9,0 25.699819,-17.817825,0 26.653947,-18.064572,0 27.049858,-17.951147,0 27.829881,-16.963728,0 28.816575,-16.4846,0 28.916578,-15.942975,0 29.749933,-15.618003,0 30.424953,-15.618003,0</coordinates></LinearRing></outerBoundaryIs>
    </Polygon>
  </MultiGeometry>
</Placemark>
<Placemark>
  <name>FWLL</name>
  <description>EMEA</description>
  <styleUrl>#fir</styleUrl>
  <MultiGeometry>
    <Polygon>
      <outerBoundaryIs><LinearRing><coordinates>33.683417,-14.602839,0 33.294231,-14.033692,0 33.041411,-14.052597,0 32.672364,-13.612422,0 33.015536,-13.216225,0 33.015111,-12.655225,0 33.551717,-12.365519,0 33.264964,-12.151919,0 33.225511,-11.427914,0 33.405794,-11.155119,0 33.245281,-10.893008,0 33.706853,-10.571053,0 33.212892,-9.621578,0 33.003589,-9.640731,0 32.998783,-9.37055,0 33.938836,-9.7147,0 34.034625,-9.4949,0 34.504056,-9.982189,0 34.602428,-11.033261,0 34.967311,-11.569983,0 34.642142,-11.585322,0 34.406792,-12.208289,0 34.522564,-13.351522,0 35.083489,-13.702986,0 35.916769,-14.891672,0 35.802328,-16.039569,0 35.650944,-16.114083,0 34.073942,-15.858261,0 33.683417,-14.602839,0</coordinates></LinearRing></outerBoundaryIs>
    </Polygon>
  </MultiGeometry>
</Placemark>
<Placemark>
  <name>FYWF</name>
  <description>EMEA</description>
  <styleUrl>#fir</styleUrl>
  <MultiGeometry>
    <Polygon>
      <outerBoundaryIs><LinearRing><coordinates>11.200380876357428,-17.485886410131826,0 12.083333,-17.15,0 12.6,-17.233333,0 13.15,-16.95,0 13.95,-17.433333,0 18.433333,-17.383333,0 18.883333,-17.8,0 20.866667,-18.016667,0 24.183111,-17.484517,0 24.98515,-17.569667,0 25.262514,-17.795297,0 24.581744,-18.063325,0 24.365103,-17.950833,0 23.615172,-18.509114,0 23.315206,-18.000822,0 20.998769,-18.317444,0 21,-22,0 20,-22,0 20,-24.750556,0 20.333333,-25,0 20.816667,-25.866667,0 20.866667,-26.15,0 20.6,-26.466667,0 20.7,-26.866667,0 21,-26.833333,0 21,-27.5,0 14.765334842432338,-27.500000003041613,0 11.200380876357428,-17.485886410131826,0</coordinates></LinearRing></outerBoundaryIs>
    </Polygon>
  </MultiGeometry>
</Placemark>
<Placemark>
  <name>FZZA</name>
  <description>EMEA</description>
  <styleUrl>#fir</styleUrl>
  <MultiGeometry>
    <Polygon>
      <outerBoundaryIs><LinearRing><coordinates>25.499819,-12.001633,0 27.999886,-12.001636,0 29.884008,-8.118669,0 30.100678,-6.868783,0 29.634,-6.302167,0 29.249922,-3.0524,0 28.850644,-2.535842,0 29.247322,-1.676194,0 29.600664,-1.385942,0 29.738444,-0.023008,0 31.000694,1.747117,0 30.750689,3.996925,0 30.200636,4.001497,0 29.817294,4.568114,0 29.500619,4.701436,0 29.217278,4.334803,0 28.792269,4.559783,0 28.375592,4.276475,0 27.166667,5.2,0 26.416667,5.083333,0 25.566667,5.366667,0 25.366667,5.333333,0 25.333333,5.033333,0 24.75,4.916667,0 24.443333,5.096944,0 23.373333,4.604444,0 22.936944,4.816944,0 22.293722,4.113639,0 20.556389,4.399444,0 20.360556,4.733056,0 19.433333,5.132222,0 18.543889,4.308889,0 18.643333,3.192222,0 18.116667,2.268333,0 17.75,-0.5,0 16.166667,-2.25,0 16.25,-3.216667,0 15.916667,-3.966667,0 15.5,-4.083333,0 14.833333,-4.833333,0 14.416667,-4.866667,0 14.416667,-4.333333,0 13.833333,-4.416667,0 13.466667,-4.883333,0 13.166667,-4.583333,0 12.833333,-4.733333,0 12.533333,-5.133333,0 12.533333,-5.733333,0 12.2,-5.783333,0 12.216667,-6.05,0 16.0,-5.833333,0 22.0,-7.333333,0 22.0,-9.0,0 25.499819,-12.001633,0</coordinates></LinearRing></outerBoundaryIs>
    </Polygon>
  </MultiGeometry>
</Placemark>
<Placemark>
  <name>GCCC</name>
  <description>EMEA</description>
  <styleUrl>#fir</styleUrl>
  <MultiGeometry>
    <Polygon>
      <outerBoundaryIs><LinearRing><coordinates>-12.5,30,0 -15.744333,31.484585,0 -16.669244,31.423573,0 -17.416667,31.65,0 -20,30,0 -20.391944,29.999444,0 -20.393333,28.45,0 -19.671111,28.059167,0 -19.668611,27,0 -18.006667,25.002778,0 -15.541180387099951,25.000861181484325,0 -13.001957684015007,28.247994077303982,0 -12.5,30,0</coordinates></LinearRing></outerBoundaryIs>
    </Polygon>
  </MultiGeometry>
</Placemark>
<Placemark>
  <name>GLRB</name>
  <description>EMEA</description>
  <styleUrl>#fir</styleUrl>
  <MultiGeometry>
    <Polygon>
      <outerBoundaryIs><LinearRing><coordinates>-16.916556,8.99995,0 -14.649853,11.499725,0 -13.716506,11.699706,0 -13.699839,11.999678,0 -13.966508,12.199661,0 -13.649839,12.316317,0 -13.708172,12.674619,0 -13.083161,12.649622,0 -13.066494,12.499633,0 -12.366483,12.316317,0 -11.383136,12.416308,0 -11.483139,12.199661,0 -11.233133,11.999678,0 -10.899794,12.216325,0 -10.666458,11.899686,0 -10.333119,12.232989,0 -9.716444,12.024675,0 -9.349772,12.241322,0 -9.292825,12.499631,0 -7.999753,11.208633,0 -8.416428,7.500086,0 -7.449747,6.250203,0 -7.333081,0.000794,0 -16.916556,8.99995,0</coordinates></LinearRing></outerBoundaryIs>
    </Polygon>
  </MultiGeometry>
</Placemark>
<Placemark>
  <name>GMAC</name>
  <description>EMEA</description>
  <styleUrl>#fir</styleUrl>
  <MultiGeometry>
    <Polygon>
      <outerBoundaryIs><LinearRing><coordinates>-15.744332925956826,31.48458511510887,0 -14.616661628137962,32.25000709664769,0 -12.000000132157737,35.96666707762215,0 -6.450826294805438,35.8333289255704,0 -9.441234754311807,33.311817841193886,0 -9.456939138146964,33.05880099107735,0 -9.730760934656558,32.959894058359765,0 -12.500000337317601,30.000000589995125,0 -15.744332686167553,31.48458520500047,0 -15.744332925956826,31.48458511510887,0</coordinates></LinearRing></outerBoundaryIs>
    </Polygon>
  </MultiGeometry>
</Placemark>
<Placemark>
  <name>GMMM</name>
  <description>EMEA</description>
  <styleUrl>#fir</styleUrl>
  <MultiGeometry>
    <Polygon>
      <outerBoundaryIs><LinearRing><coordinates>-13.166666929858508,27.66666689826353,0 -12.49999986088983,30.00000072342995,0 -9.730760758763608,32.95989440927838,0 -9.456910831310978,33.05881467025648,0 -9.441234819687224,33.31181838044334,0 -6.45082563950578,35.83333321223499,0 -2.099999937395637,35.83333287266058,0 -2.2166674760647993,35.03333285398351,0 -1.7833332988004997,34.75000019860266,0 -1.7000001976860517,33.266667032828025,0 -1.4000005925260837,32.71666696070331,0 -1.033332764992565,32.516666497212384,0 -1.2500001891984027,32.116666968162605,0 -2.833333614707044,32.133333060889,0 -2.9666671359804297,31.99999949166687,0 -2.6666676445121027,31.833333080614068,0 -8.666666964502951,28.66666740021283,0 -8.666666693016026,27.666667087080015,0 -13.166667003238985,27.66666700774435,0 -13.166666929858508,27.66666689826353,0</coordinates></LinearRing></outerBoundaryIs>
    </Polygon>
  </MultiGeometry>
</Placemark>
<Placemark>
  <name>GOOC</name>
  <description>EMEA</description>
  <styleUrl>#fir</styleUrl>
  <MultiGeometry>
    <Polygon>
      <outerBoundaryIs><LinearRing><coordinates>-37.5,16.999167,0 -21.366389,12.966111,0 -7.333081,0.000794,0 -2.999444,-1.848889,0 -3.0,-9.533333,0 -10.0,-12.0,0 -9.999722,-6.365,0 -16.0,-6.366667,0 -35.0,7.666667,0 -37.5,13.5,0 -37.5,16.999167,0</coordinates></LinearRing></outerBoundaryIs>
    </Polygon>
  </MultiGeometry>
</Placemark>
<Placemark>
  <name>GOOO</name>
  <description>EMEA</description>
  <styleUrl>#fir</styleUrl>
  <MultiGeometry>
    <Polygon>
      <outerBoundaryIs><LinearRing><coordinates>-8.666615,27.333301,0 -3.582997,24.165381,0 -3.599681,16.349297,0 -4.283028,12.866261,0 -5.249711,11.499717,0 -5.616383,10.033183,0 -7.999753,10.166506,0 -7.999753,11.208633,0 -9.292825,12.499631,0 -9.349772,12.241322,0 -9.716444,12.024675,0 -10.333119,12.232989,0 -10.666458,11.899686,0 -10.899794,12.216325,0 -11.233133,11.999678,0 -11.483139,12.199661,0 -11.383136,12.416308,0 -12.366483,12.316317,0 -13.066494,12.499633,0 -13.083161,12.649622,0 -13.708172,12.674619,0 -13.649839,12.316317,0 -13.966508,12.199661,0 -13.699839,11.999678,0 -13.716506,11.699706,0 -14.649853,11.499725,0 -16.916556,8.99995,0 -21.366389,12.966111,0 -19.999936,14.999422,0 -19.999936,19.999025,0 -18.999919,18.9991,0 -17.066553,20.7823,0 -16.91655,21.332261,0 -12.999819,21.332256,0 -13.083153,22.998808,0 -12.749814,23.390447,0 -11.9998,23.448775,0 -11.999797,25.998614,0 -8.666408,25.998608,0 -8.666615,27.333301,0</coordinates></LinearRing></outerBoundaryIs>
    </Polygon>
  </MultiGeometry>
</Placemark>
<Placemark>
  <name>GVSC</name>
  <description>EMEA</description>
  <styleUrl>#fir</styleUrl>
  <MultiGeometry>
    <Polygon>
      <outerBoundaryIs><LinearRing><coordinates>-25.0,24.0,0 -19.999936,19.999025,0 -19.999936,14.999422,0 -21.366389,12.966111,0 -37.5,16.999167,0 -25.0,24.0,0</coordinates></LinearRing></outerBoundaryIs>
    </Polygon>
  </MultiGeometry>
</Placemark>
<Placemark>
  <name>HAAA</name>
  <description>EMEA</description>
  <styleUrl>#fir</styleUrl>
  <MultiGeometry>
    <Polygon>
      <outerBoundaryIs><LinearRing><coordinates>36.45,14.266667,0 37.294828,14.443611,0 37.570753,14.094428,0 37.930278,14.8875,0 38.448422,14.403844,0 39.079178,14.659378,0 39.259444,14.439167,0 40.15425,14.474444,0 40.933333,14.08,0 42.343239,12.499325,0 42.697344,12.363253,0 43.2,12.75,0 44.050956,12.167428,0 44.240836,11.762083,0 44.040039,10.893233,0 43.333333,11.666667,0 42.683333,10.6,0 43.5,9.4,0 44.0,9.0,0 47.0,8.0,0 48.0,8.0,0 44.983333,4.916667,0 43.433333,4.8,0 42.816667,4.241667,0 42.075,4.183333,0 41.919444,4.0,0 36.000789,4.001508,0 33.000706,8.001144,0 36.000789,13.000714,0 36.45,14.266667,0</coordinates></LinearRing></outerBoundaryIs>
    </Polygon>
  </MultiGeometry>
</Placemark>
<Placemark>
  <name>HBBA</name>
  <description>EMEA</description>
  <styleUrl>#fir</styleUrl>
  <MultiGeometry>
    <Polygon>
      <outerBoundaryIs><LinearRing><coordinates>29.414094,-4.449503,0 29.049917,-2.619106,0 29.699933,-2.821867,0 29.933275,-2.660769,0 29.958275,-2.324686,0 30.449397,-2.323853,0 30.563847,-2.417733,0 30.408286,-2.86075,0 30.849964,-2.974631,0 30.833297,-3.252383,0 30.041611,-4.268964,0 29.414094,-4.449503,0</coordinates></LinearRing></outerBoundaryIs>
    </Polygon>
  </MultiGeometry>
</Placemark>
<Placemark>
  <name>HCSM</name>
  <description>EMEA</description>
  <styleUrl>#fir</styleUrl>
  <MultiGeometry>
    <Polygon>
      <outerBoundaryIs><LinearRing><coordinates>44.240836,11.762083,0 44.040039,10.893233,0 43.333333,11.666667,0 42.683333,10.6,0 43.5,9.4,0 44.0,9.0,0 47.0,8.0,0 48.0,8.0,0 44.983333,4.916667,0 44.0,4.958333,0 43.1,4.616667,0 42.816667,4.241667,0 42.075,4.183333,0 41.0,2.833333,0 41.0,-0.833333,0 42.001,-2.002556,0 44.0,-2.0,0 60.0,10.7,0 59.999594,12.000714,0 51.582714,12.000697,0 50.766025,12.184033,0 44.240836,11.762083,0</coordinates></LinearRing></outerBoundaryIs>
    </Polygon>
  </MultiGeometry>
</Placemark>
<Placemark>
  <name>HECC</name>
  <description>EMEA</description>
  <styleUrl>#fir</styleUrl>
  <MultiGeometry>
    <Polygon>
      <outerBoundaryIs><LinearRing><coordinates>24.166666666667,34,0 25.151111111111,31.646666666667,0 24.868055555556,31.375,0 25.018888888889,30.787222222222,0 24.706388888889,30.155833333333,0 25.000618333333,29.259177777778,0 25,22,0 38,22,0 34.972500000000004,26.677222222222223,0 34.473888888888894,27.836388888888887,0 34.94997222222222,29.46666388888889,0 34.001666666667,31.825,0 30,33.5,0 27.166666666667,34,0 24.166666666667,34,0</coordinates></LinearRing></outerBoundaryIs>
    </Polygon>
  </MultiGeometry>
</Placemark>
<Placemark>
  <name>HHAA</name>
  <description>EMEA</description>
  <styleUrl>#fir</styleUrl>
  <MultiGeometry>
    <Polygon>
      <outerBoundaryIs><LinearRing><coordinates>38.5,20.0,0 41.0,16.0,0 42.25,15.366667,0 43.2,12.75,0 42.753717,12.392414,0 42.343239,12.499325,0 40.933333,14.08,0 40.15425,14.474444,0 39.259444,14.439167,0 39.079178,14.659378,0 38.448422,14.403844,0 37.930278,14.8875,0 37.570753,14.094428,0 37.294828,14.443611,0 36.45,14.266667,0 38.5,20.0,0</coordinates></LinearRing></outerBoundaryIs>
    </Polygon>
  </MultiGeometry>
</Placemark>
<Placemark>
  <name>HJJJ</name>
  <description>EMEA</description>
  <styleUrl>#fir</styleUrl>
  <MultiGeometry>
    <Polygon>
      <outerBoundaryIs><LinearRing><coordinates>30.200636,4.001497,0 36.000789,4.001508,0 33.000706,8.001144,0 34.55530334626159,10.591845075419931,0 32.17181464385045,10.821432710135989,0 31.841458880562442,10.397080693757744,0 31.331323875927087,10.366052804388154,0 30.85632339307789,9.88283905670583,0 23.526374618217968,10.123185447590455,0 23.69215,9.863497,0 23.516667,8.733333,0 24.277719,8.702208,0 24.219167,8.293056,0 24.858333,8.175,0 25.283853,7.759508,0 25.15,7.55,0 25.333333,7.35,0 26.367211,6.634606,0 26.233333,6.45,0 26.4,6.1,0 27.167231,5.693019,0 27.183333,5.416667,0 27.800578,4.584781,0 28.375592,4.276475,0 28.792269,4.559783,0 29.217278,4.334803,0 29.500619,4.701436,0 29.817294,4.568114,0 30.200636,4.001497,0</coordinates></LinearRing></outerBoundaryIs>
    </Polygon>
  </MultiGeometry>
</Placemark>
<Placemark>
  <name>HKNA</name>
  <description>EMEA</description>
  <styleUrl>#fir</styleUrl>
  <MultiGeometry>
    <Polygon>
      <outerBoundaryIs><LinearRing><coordinates>41.919444,4.0,0 41.0,2.833333,0 41.0,-0.833333,0 42.001,-2.002556,0 44.0,-2.0,0 44.001056,-4.702333,0 39.234203,-4.702303,0 37.605003,-3.519078,0 37.675836,-3.056622,0 33.917425,-1.002642,0 33.900756,0.113925,0 34.513269,1.105506,0 34.800775,1.226328,0 35.034114,1.917933,0 34.928558,2.522047,0 34.459103,3.180325,0 34.459103,3.67195,0 34.075761,3.996922,0 41.919444,4.0,0</coordinates></LinearRing></outerBoundaryIs>
    </Polygon>
  </MultiGeometry>
</Placemark>
<Placemark>
  <name>HLLL</name>
  <description>EMEA</description>
  <styleUrl>#fir</styleUrl>
  <MultiGeometry>
    <Polygon>
      <outerBoundaryIs><LinearRing><coordinates>11.5,34.333333,0 23.583333,34.333333,0 24.166666666667,34,0 25.151111111111,31.646666666667,0 24.868055555556,31.375,0 25.018888888889,30.787222222222,0 24.706388888889,30.155833333333,0 25.000618333333,29.259177777778,0 25.000542,20.000192,0 24,20.000003,0 24,19.5,0 19,22,0 11.5,22,0 11.5,23.254167,0 11.982572,23.523775,0 11.600581,24.252142,0 10.233333,24.616667,0 10.033333,24.883333,0 10.033847,25.335408,0 9.383333,26.183333,0 9.93385,26.535336,0 9.8,27.266667,0 9.967189,27.868592,0 9.933333,28.966667,0 9.416667,30.166667,0 9.899469,30.331547,0 10.24945,30.714903,0 10.15,31.483333,0 10.333333,31.7,0 11.5,32.366669,0 11.5,34.333333,0</coordinates></LinearRing></outerBoundaryIs>
    </Polygon>
  </MultiGeometry>
</Placemark>
<Placemark>
  <name>HRYR</name>
  <description>EMEA</description>
  <styleUrl>#fir</styleUrl>
  <MultiGeometry>
    <Polygon>
      <outerBoundaryIs><LinearRing><coordinates>29.123431,-1.874789,0 29.550661,-1.385942,0 29.824697,-1.314006,0 29.915114,-1.489544,0 30.462456,-1.060969,0 30.897189,-2.074706,0 30.770797,-2.392736,0 29.958275,-2.324686,0 29.866606,-2.767703,0 29.366592,-2.835753,0 29.329092,-2.662433,0 29.077417,-2.597439,0 29.036028,-2.740761,0 28.850644,-2.535842,0 29.167319,-2.102547,0 29.123431,-1.874789,0</coordinates></LinearRing></outerBoundaryIs>
    </Polygon>
  </MultiGeometry>
</Placemark>
<Placemark>
  <name>HSSS</name>
  <description>EMEA</description>
  <styleUrl>#fir</styleUrl>
  <MultiGeometry>
    <Polygon>
      <outerBoundaryIs><LinearRing><coordinates>25.000547,22.00005,0 38.0,22.0,0 38.5,20.0,0 36.000789,13.000706,0 33.000706,8.001144,0 36.000789,4.001508,0 30.200636,4.001497,0 29.817294,4.568114,0 29.500619,4.701436,0 29.217278,4.334803,0 28.792269,4.559783,0 28.375592,4.276475,0 27.800578,4.584781,0 27.183333,5.416667,0 27.167231,5.693019,0 26.4,6.1,0 26.233333,6.45,0 26.367211,6.634606,0 25.333333,7.35,0 25.15,7.55,0 25.283853,7.759508,0 24.858333,8.175,0 24.219167,8.293056,0 24.277719,8.702208,0 23.516667,8.733333,0 23.69215,9.863497,0 22.875,10.916667,0 22.944911,11.418925,0 22.544444,11.644444,0 22.642128,12.067483,0 22.475,12.016667,0 22.458789,12.621603,0 21.933333,12.633333,0 21.825,12.8,0 22.283786,13.350711,0 22.091667,13.783333,0 22.579628,14.150644,0 22.408333,14.595833,0 22.725467,14.683936,0 22.670833,14.85,0 22.996308,15.213061,0 22.908333,15.533333,0 23.133333,15.708333,0 24.000503,15.700519,0 24.0,20.000003,0 25.000542,20.000192,0 25.000547,22.00005,0</coordinates></LinearRing></outerBoundaryIs>
    </Polygon>
  </MultiGeometry>
</Placemark>
<Placemark>
  <name>HTDC</name>
  <description>EMEA</description>
  <styleUrl>#fir</styleUrl>
  <MultiGeometry>
    <Polygon>
      <outerBoundaryIs><LinearRing><coordinates>29.233256,-3.435703,0 29.249922,-3.0524,0 28.88815,-2.658053,0 28.867314,-2.369189,0 29.083986,-2.277531,0 29.123431,-1.874789,0 29.550661,-1.385942,0 29.824697,-1.314006,0 29.915114,-1.489544,0 30.361794,-1.060969,0 30.834025,-1.002642,0 34.029928,-1.002642,0 37.675836,-3.056622,0 37.605003,-3.519078,0 39.234203,-4.702303,0 44.001056,-4.702333,0 44.000975,-10.301769,0 41.50025,-11.001717,0 40.500222,-10.418433,0 39.266858,-11.168369,0 38.441836,-11.41835,0 37.900153,-11.268364,0 37.783483,-11.568336,0 37.466808,-11.718325,0 37.050131,-11.585003,0 36.183442,-11.718325,0 35.8751,-11.410019,0 35.557869,-11.606114,0 34.967311,-11.569983,0 34.602428,-11.033261,0 34.504056,-9.982189,0 34.034625,-9.4949,0 33.938836,-9.7147,0 33.456556,-9.621847,0 31.024136,-8.585261,0 30.766628,-8.218625,0 29.884008,-8.118669,0 30.100678,-6.868783,0 29.634,-6.302167,0 29.233256,-3.435703,0</coordinates></LinearRing></outerBoundaryIs>
    </Polygon>
  </MultiGeometry>
</Placemark>
<Placemark>
  <name>HUEC</name>
  <description>EMEA</description>
  <styleUrl>#fir</styleUrl>
  <MultiGeometry>
    <Polygon>
      <outerBoundaryIs><LinearRing><coordinates>33.917425,-1.002642,0 30.834025,-1.002642,0 30.361794,-1.060969,0 29.915114,-1.489544,0 29.824697,-1.314006,0 29.600664,-1.385942,0 29.738444,-0.023008,0 31.000694,1.747117,0 30.750689,3.996925,0 34.075761,3.996922,0 34.459103,3.67195,0 34.459103,3.180325,0 34.928558,2.522047,0 35.034114,1.917933,0 34.800775,1.226328,0 34.513269,1.105506,0 33.900756,0.113925,0 33.917425,-1.002642,0</coordinates></LinearRing></outerBoundaryIs>
    </Polygon>
  </MultiGeometry>
</Placemark>
<Placemark>
  <name>KZAB</name>
  <description>AMAS</description>
  <styleUrl>#fir</styleUrl>
  <MultiGeometry>
    <Polygon>
      <outerBoundaryIs><LinearRing><coordinates>-111.841667,35.766667,0 -110.233333,35.7,0 -108.216667,36.033333,0 -106.083333,36.716667,0 -105.0,36.716667,0 -102.55,37.5,0 -101.75,36.5,0 -100.0,35.829167,0 -100.0,35.333333,0 -100.75,34.466667,0 -102.325,34.55,0 -103.8,33.383333,0 -103.933333,32.466667,0 -103.8,32.033333,0 -103.333333,31.65,0 -102.15,31.283333,0 -102.558333,29.766667,0 -102.758333,29.741667,0 -102.88333,29.208333,0 -103.18333,28.916667,0 -104.516667,29.65,0 -104.983333,30.683333,0 -106.53333,31.783333,0 -108.216667,31.783333,0 -108.21666,31.333333,0 -111.1,31.333333,0 -113.508333,32.1,0 -113.684722,32.7375,0 -114.0,32.683333,0 -114.0,34.666667,0 -112.666667,35.383333,0 -112.0,35.433333,0 -111.841667,35.766667,0</coordinates></LinearRing></outerBoundaryIs>
    </Polygon>
  </MultiGeometry>
</Placemark>
<Placemark>
  <name>KZAU</name>
  <description>AMAS</description>
  <styleUrl>#fir</styleUrl>
  <MultiGeometry>
    <Polygon>
      <outerBoundaryIs><LinearRing><coordinates>-91.725,42.725,0 -90.291667,44.154167,0 -89.076111,44.225,0 -87.541667,43.966667,0 -87.169444,43.691667,0 -84.963611,43.586667,0 -85.0,42.0,0 -84.766667,41.858333,0 -84.683333,40.666667,0 -86.1,40.0,0 -89.75,40.0,0 -91.65,40.783333,0 -93.491667,40.525,0 -93.6,41.166667,0 -93.0,42.783333,0 -91.725,42.725,0</coordinates></LinearRing></outerBoundaryIs>
    </Polygon>
  </MultiGeometry>
</Placemark>
<Placemark>
  <name>KZBW</name>
  <description>AMAS</description>
  <styleUrl>#fir</styleUrl>
  <MultiGeometry>
    <Polygon>
      <outerBoundaryIs><LinearRing><coordinates>-76.791667,43.633333,0 -75.5,44.716667,0 -75.7,44.666667,0 -75.75,44.816667,0 -74.883333,44.966667,0 -74.966667,45.069167,0 -74.784444,45.143056,0 -74.25,45.0,0 -71.483333,45.016667,0 -71.336111,45.283333,0 -71.0,45.316667,0 -70.25,45.908333,0 -70.0,46.75,0 -69.216667,47.45,0 -68.566667,47.2875,0 -67.655556,47.508611,0 -67.064722,47.091944,0 -67.3,46.536111,0 -67.216667,46.143056,0 -67.806944,45.783333,0 -67.0,44.933333,0 -67.0,41.616667,0 -72.499444,40.072222,0 -72.781389,40.198611,0 -73.166667,39.683333,0 -73.729167,39.933333,0 -73.291667,40.801389,0 -73.551389,41.145833,0 -73.878333,41.0,0 -74.025,41.333333,0 -76.802778,42.608333,0 -76.675,42.879167,0 -76.791667,43.633333,0</coordinates></LinearRing></outerBoundaryIs>
    </Polygon>
  </MultiGeometry>
</Placemark>
<Placemark>
  <name>KZDC</name>
  <description>AMAS</description>
  <styleUrl>#fir</styleUrl>
  <MultiGeometry>
    <Polygon>
      <outerBoundaryIs><LinearRing><coordinates>-80.4,39.166667,0 -79.894444,39.173611,0 -77.840278,39.855556,0 -77.356667,39.781667,0 -77.105556,39.446389,0 -76.347222,39.391667,0 -75.341667,40.066667,0 -74.684722,39.983333,0 -73.698611,40.238889,0 -73.729167,39.933333,0 -73.166667,39.683333,0 -74.0,38.536944,0 -74.666389,37.081667,0 -74.936944,35.496944,0 -76.779444,32.967778,0 -78.75,34.444444,0 -79.333333,34.425,0 -80.147222,34.855556,0 -79.804167,35.383333,0 -79.744444,36.088889,0 -79.95,36.154167,0 -80.841667,37.466667,0 -80.4,39.166667,0</coordinates></LinearRing></outerBoundaryIs>
    </Polygon>
  </MultiGeometry>
</Placemark>
<Placemark>
  <name>KZDV</name>
  <description>AMAS</description>
  <styleUrl>#fir</styleUrl>
  <MultiGeometry>
    <Polygon>
      <outerBoundaryIs><LinearRing><coordinates>-103.166667,44.958333,0 -101.483333,44.7,0 -101.408333,43.708333,0 -100.1,43.288889,0 -99.016667,42.0,0 -99.058333,39.983333,0 -98.8,39.466667,0 -102.55,37.5,0 -105.0,36.716667,0 -106.083333,36.716667,0 -107.466667,36.2,0 -110.233333,35.7,0 -111.841667,35.766667,0 -111.504167,36.420833,0 -111.879167,37.4125,0 -109.983333,38.2,0 -109.983333,39.216667,0 -110.3,39.583333,0 -109.166667,40.0,0 -109.1,40.85,0 -107.05,42.416667,0 -107.283333,43.883333,0 -106.266667,44.316667,0 -106.0,45.2375,0 -103.166667,44.958333,0</coordinates></LinearRing></outerBoundaryIs>
    </Polygon>
  </MultiGeometry>
</Placemark>
<Placemark>
  <name>KZFW</name>
  <description>AMAS</description>
  <styleUrl>#fir</styleUrl>
  <MultiGeometry>
    <Polygon>
      <outerBoundaryIs><LinearRing><coordinates>-100.0,35.829167,0 -97.883333,35.925,0 -97.583333,35.491667,0 -97.083333,35.458333,0 -95.6125,36.016667,0 -95.0,35.654167,0 -95.0,35.066667,0 -94.783333,34.691667,0 -93.158333,33.95,0 -91.9,33.004167,0 -91.688889,32.283333,0 -92.258333,32.283333,0 -93.320833,31.558333,0 -95.983333,31.466667,0 -96.683333,31.204167,0 -99.466667,31.383333,0 -100.55,30.983333,0 -103.333333,31.65,0 -103.8,32.033333,0 -103.933333,32.466667,0 -103.8,33.383333,0 -102.325,34.55,0 -100.75,34.466667,0 -100.0,35.333333,0 -100.0,35.829167,0</coordinates></LinearRing></outerBoundaryIs>
    </Polygon>
  </MultiGeometry>
</Placemark>
<Placemark>
  <name>KZHU</name>
  <description>AMAS</description>
  <styleUrl>#fir</styleUrl>
  <MultiGeometry>
    <Polygon>
      <outerBoundaryIs><LinearRing><coordinates>-102.558333,29.766667,0 -102.15,31.283333,0 -100.55,30.983333,0 -99.466667,31.383333,0 -96.683333,31.204167,0 -95.983333,31.466667,0 -93.320833,31.558333,0 -92.258333,32.283333,0 -91.688889,32.283333,0 -91.308333,31.9125,0 -90.345833,31.65,0 -87.816667,31.520833,0 -87.4,31.280556,0 -88.025,30.220833,0 -88.0,28.141667,0 -87.683333,27.5,0 -86.0,27.0,0 -85.088333,26.2,0 -84.993167,24.0,0 -86.0,24.0,0 -88.0,24.5,0 -93.0,24.5,0 -95.916667,26.0,0 -97.4,25.841667,0 -98.216667,26.066667,0 -99.066667,26.4,0 -99.525,27.491667,0 -100.191667,28.183333,0 -100.75,29.166667,0 -101.516667,29.758333,0 -102.558333,29.766667,0</coordinates></LinearRing></outerBoundaryIs>
    </Polygon>
  </MultiGeometry>
</Placemark>
<Placemark>
  <name>KZID</name>
  <description>AMAS</description>
  <styleUrl>#fir</styleUrl>
  <MultiGeometry>
    <Polygon>
      <outerBoundaryIs><LinearRing><coordinates>-88.25,40.0,0 -86.1,40.0,0 -84.683333,40.666667,0 -84.7,40.908333,0 -83.745833,40.783333,0 -83.333333,40.508333,0 -81.783333,40.6,0 -81.55,39.75,0 -80.4,39.166667,0 -80.841667,37.466667,0 -80.745833,37.304167,0 -85.4,36.183333,0 -85.583333,36.9,0 -86.15,37.3,0 -87.397222,37.275,0 -88.316667,37.725,0 -88.094444,38.485278,0 -88.25,40.0,0</coordinates></LinearRing></outerBoundaryIs>
    </Polygon>
  </MultiGeometry>
</Placemark>
<Placemark>
  <name>KZJX</name>
  <description>AMAS</description>
  <styleUrl>#fir</styleUrl>
  <MultiGeometry>
    <Polygon>
      <outerBoundaryIs><LinearRing><coordinates>-80.115556,29.025,0 -80.733333,28.9,0 -81.5,28.345833,0 -81.734167,28.864167,0 -81.862222,28.185,0 -82.383333,27.95,0 -82.941667,27.95,0 -84.015278,28.55,0 -84.615833,28.062778,0 -84.944444,28.043056,0 -85.25,27.5,0 -86.0,27.0,0 -87.683333,27.5,0 -88.0,28.141667,0 -88.025,30.220833,0 -87.4,31.280556,0 -86.95,31.491667,0 -85.583333,31.7625,0 -85.308333,31.533333,0 -83.1125,31.683333,0 -81.933333,32.5625,0 -81.333333,34.394444,0 -79.916667,34.85,0 -79.333333,34.425,0 -78.75,34.444444,0 -76.779444,32.967778,0 -77.0,32.262222,0 -77.0,30.0,0 -79.286667,30.200278,0 -79.90018159814889,29.821349644270185,0 -80.115556,29.025,0</coordinates></LinearRing></outerBoundaryIs>
    </Polygon>
  </MultiGeometry>
</Placemark>
<Placemark>
  <name>KZKC</name>
  <description>AMAS</description>
  <styleUrl>#fir</styleUrl>
  <MultiGeometry>
    <Polygon>
      <outerBoundaryIs><LinearRing><coordinates>-98.8,39.466667,0 -91.65,40.783333,0 -89.75,40.0,0 -88.25,40.0,0 -88.094444,38.485278,0 -88.316667,37.725,0 -88.833333,37.533333,0 -94.683333,36.433333,0 -96.404167,35.65,0 -97.583333,35.491667,0 -97.883333,35.925,0 -100.0,35.829167,0 -101.75,36.5,0 -102.55,37.5,0 -98.8,39.466667,0</coordinates></LinearRing></outerBoundaryIs>
    </Polygon>
  </MultiGeometry>
</Placemark>
<Placemark>
  <name>KZLA</name>
  <description>AMAS</description>
  <styleUrl>#fir</styleUrl>
  <MultiGeometry>
    <Polygon>
      <outerBoundaryIs><LinearRing><coordinates>-123.25,34.5,0 -120.85,35.533333,0 -120.116667,35.75,0 -119.5,35.633333,0 -119.166667,36.133333,0 -118.583333,36.133333,0 -118.583333,37.2,0 -117.333333,37.2,0 -117.008333,37.366667,0 -117.0947222,37.88333333,0 -114.0,37.96833333,0 -113.7833333,37.71666667,0 -113.0,37.5,0 -111.8791667,37.4125,0 -111.504167,36.420833,0 -112.0,35.433333,0 -112.666667,35.383333,0 -114.0,34.666667,0 -114.0,32.683333,0 -113.684722,32.7375,0 -113.508333,32.1,0 -114.81111,32.491667,0 -114.718611,32.718611,0 -117.123611,32.534167,0 -122.525,30.0,0 -123.5467,31.13167,0 -125.0,34.16667,0 -123.25,34.5,0</coordinates></LinearRing></outerBoundaryIs>
    </Polygon>
  </MultiGeometry>
</Placemark>
<Placemark>
  <name>KZLC</name>
  <description>AMAS</description>
  <styleUrl>#fir</styleUrl>
  <MultiGeometry>
    <Polygon>
      <outerBoundaryIs><LinearRing><coordinates>-114.6666667,49.0,0 -103.1666667,49.0,0 -103.1666667,44.95833333,0 -106.0,45.2375,0 -106.2666667,44.3166667,0 -107.2833333,43.88333333,0 -107.05,42.41666667,0 -109.1,40.85,0 -109.1666667,40.0,0 -110.3,39.58333333,0 -109.9833333,39.21666667,0 -109.9833333,38.2,0 -111.8791667,37.4125,0 -113.0,37.5,0 -114.2008333,38.01666667,0 -117.0947222,37.88333333,0 -117.2666667,38.08333333,0 -117.3666667,39.93333333,0 -119.5,41.0,0 -119.0,42.66666667,0 -119.2833333,43.63333333,0 -118.45,44.85,0 -117.75,45.33333333,0 -115.0,45.33333333,0 -115.0,48.41666667,0 -114.6666667,49.0,0</coordinates></LinearRing></outerBoundaryIs>
    </Polygon>
  </MultiGeometry>
</Placemark>
<Placemark>
  <name>KZMA</name>
  <description>AMAS</description>
  <styleUrl>#fir</styleUrl>
  <MultiGeometry>
    <Polygon>
      <outerBoundaryIs><LinearRing><coordinates>-86.0,27.0,0 -85.25,27.5,0 -84.944444,28.043056,0 -84.616111,28.0625,0 -84.015278,28.55,0 -82.941667,27.95,0 -81.862222,28.185,0 -81.734167,28.864167,0 -81.5,28.345833,0 -80.733333,28.9,0 -80.115556,29.025,0 -79.900833,29.822222,0 -79.286667,30.200278,0 -77.0,30.0,0 -76.264444,27.833333,0 -74.833333,27.833333,0 -73.2,25.0,0 -68.4925,25.0,0 -67.650556,21.239167,0 -69.15,19.65,0 -70.5,20.416667,0 -73.0,20.416667,0 -73.333333,20.0,0 -75.166667,22.0,0 -78.0,24.0,0 -84.999722,24.0,0 -85.091667,26.2,0 -86.0,27.0,0</coordinates></LinearRing></outerBoundaryIs>
    </Polygon>
  </MultiGeometry>
</Placemark>
<Placemark>
  <name>KZME</name>
  <description>AMAS</description>
  <styleUrl>#fir</styleUrl>
  <MultiGeometry>
    <Polygon>
      <outerBoundaryIs><LinearRing><coordinates>-95.6125,36.016667,0 -94.683333,36.433333,0 -88.316667,37.725,0 -87.397222,37.275,0 -86.15,37.3,0 -85.583333,36.9,0 -85.283333,35.65,0 -87.0,35.333333,0 -87.0,34.366667,0 -87.55,34.016667,0 -87.633333,33.316667,0 -87.986111,33.043056,0 -87.85,32.697222,0 -88.347222,32.330556,0 -88.325,31.516667,0 -90.345833,31.65,0 -91.308333,31.9125,0 -91.688889,32.283333,0 -91.9,33.004167,0 -93.158333,33.95,0 -94.783333,34.691667,0 -95.0,35.066667,0 -95.0,35.654167,0 -95.6125,36.016667,0</coordinates></LinearRing></outerBoundaryIs>
    </Polygon>
  </MultiGeometry>
</Placemark>
<Placemark>
  <name>KZMP</name>
  <description>AMAS</description>
  <styleUrl>#fir</styleUrl>
  <MultiGeometry>
    <Polygon>
      <outerBoundaryIs><LinearRing><coordinates>-103.166667,49.0,0 -93.5,49.0,0 -88.775,47.908333,0 -87.0,47.083333,0 -84.533333,46.383333,0 -82.5,45.333333,0 -82.169444,43.855278,0 -84.963611,43.586667,0 -87.169444,43.691667,0 -87.541667,43.966667,0 -89.076111,44.225,0 -90.291667,44.154167,0 -91.725,42.725,0 -93.0,42.783333,0 -93.6,41.166667,0 -93.491667,40.525,0 -98.8,39.466667,0 -99.058333,39.983333,0 -99.016667,42.0,0 -100.1,43.288889,0 -101.408333,43.708333,0 -101.483333,44.7,0 -103.166667,44.958333,0 -103.166667,49.0,0</coordinates></LinearRing></outerBoundaryIs>
    </Polygon>
  </MultiGeometry>
</Placemark>
<Placemark>
  <name>KZNY</name>
  <description>AMAS</description>
  <styleUrl>#fir</styleUrl>
  <MultiGeometry>
    <Polygon>
      <outerBoundaryIs><LinearRing><coordinates>-75.027778,40.093056,0 -75.341667,40.066667,0 -76.347222,39.391667,0 -77.105556,39.446389,0 -77.356667,39.781667,0 -77.840278,39.855556,0 -78.127778,40.858333,0 -77.113056,42.298889,0 -76.233333,42.366667,0 -74.808333,41.758333,0 -73.895833,41.258333,0 -73.878333,41.0,0 -73.551389,41.145833,0 -73.291667,40.801389,0 -73.5,40.508333,0 -72.499444,40.072222,0 -67.0,41.616667,0 -67.0,39.0,0 -69.399444,38.464444,0 -70.515556,37.495278,0 -72.126111,36.806111,0 -72.0,35.0,0 -77.0,31.583333,0 -76.779444,32.967778,0 -74.936944,35.496944,0 -74.666389,37.081667,0 -73.658333,39.034722,0 -74.194444,39.579167,0 -75.058333,39.622222,0 -74.684722,39.983333,0 -75.027778,40.093056,0</coordinates></LinearRing></outerBoundaryIs>
    </Polygon>
  </MultiGeometry>
</Placemark>
<Placemark>
  <name>KZOA</name>
  <description>AMAS</description>
  <styleUrl>#fir</styleUrl>
  <MultiGeometry>
    <Polygon>
      <outerBoundaryIs><LinearRing><coordinates>-125.333333,40.216667,0 -123.833333,40.216667,0 -123.533333,40.3875,0 -123.533333,41.333333,0 -122.416667,41.333333,0 -121.25,41.0,0 -119.5,41.0,0 -117.366667,39.933333,0 -117.266667,38.083333,0 -117.008333,37.366667,0 -117.333333,37.2,0 -118.583333,37.2,0 -118.583333,36.133333,0 -119.166667,36.133333,0 -119.5,35.633333,0 -120.116667,35.75,0 -120.85,35.533333,0 -123.25,34.5,0 -124.2015,35.993,0 -125.83317,35.49993,0 -126.93082,36.46244,0 -127,40.83289,0 -126.9,40.983333,0 -125.333333,40.216667,0</coordinates></LinearRing></outerBoundaryIs>
    </Polygon>
  </MultiGeometry>
</Placemark>
<Placemark>
  <name>KZOB</name>
  <description>AMAS</description>
  <styleUrl>#fir</styleUrl>
  <MultiGeometry>
    <Polygon>
      <outerBoundaryIs><LinearRing><coordinates>-82.466667,42.870833,0 -79.844444,42.836111,0 -79.058333,42.95,0 -78.677778,43.633333,0 -76.791667,43.633333,0 -76.675,42.879167,0 -76.802778,42.608333,0 -76.233333,42.366667,0 -77.113056,42.298889,0 -78.127778,40.858333,0 -77.840278,39.855556,0 -79.894444,39.173611,0 -80.5,39.166667,0 -81.55,39.75,0 -81.783333,40.6,0 -83.333333,40.508333,0 -83.745833,40.783333,0 -84.7,40.908333,0 -84.766667,41.858333,0 -85.0,42.0,0 -84.963611,43.586667,0 -82.169444,43.855278,0 -82.466667,42.870833,0</coordinates></LinearRing></outerBoundaryIs>
    </Polygon>
  </MultiGeometry>
</Placemark>
<Placemark>
  <name>KZSE</name>
  <description>AMAS</description>
  <styleUrl>#fir</styleUrl>
  <MultiGeometry>
    <Polygon>
      <outerBoundaryIs><LinearRing><coordinates>-128.0,48.333333,0 -124.75,48.5,0 -123.55,48.233333,0 -123.258333,48.283333,0 -123.116667,48.425,0 -123.266667,48.7,0 -123.008333,48.766667,0 -123.333333,49.0,0 -114.666667,49.0,0 -115.0,48.416667,0 -115.0,45.333333,0 -117.75,45.333333,0 -118.45,44.85,0 -119.283333,43.633333,0 -119.0,42.666667,0 -119.5,41.0,0 -121.25,41.0,0 -122.416667,41.333333,0 -123.533333,41.333333,0 -123.533333,40.3875,0 -123.833333,40.216667,0 -125.333333,40.216667,0 -126.9,40.983333,0 -126.5,45.0,0 -128.0,48.333333,0</coordinates></LinearRing></outerBoundaryIs>
    </Polygon>
  </MultiGeometry>
</Placemark>
<Placemark>
  <name>KZTL</name>
  <description>AMAS</description>
  <styleUrl>#fir</styleUrl>
  <MultiGeometry>
    <Polygon>
      <outerBoundaryIs><LinearRing><coordinates>-80.745833,37.304167,0 -79.744444,36.088889,0 -79.804167,35.383333,0 -80.147222,34.855556,0 -81.333333,34.394444,0 -81.933333,32.5625,0 -82.333333,32.166667,0 -83.1125,31.683333,0 -85.308333,31.533333,0 -85.583333,31.7625,0 -87.4,31.280556,0 -87.816667,31.520833,0 -88.325,31.516667,0 -88.347222,32.330556,0 -87.85,32.697222,0 -87.986111,33.043056,0 -87.633333,33.316667,0 -87.55,34.016667,0 -87.0,34.366667,0 -87.0,35.333333,0 -85.283333,35.65,0 -85.4,36.183333,0 -80.745833,37.304167,0</coordinates></LinearRing></outerBoundaryIs>
    </Polygon>
  </MultiGeometry>
</Placemark>
<Placemark>
  <name>LAAA</name>
  <description>EMEA</description>
  <styleUrl>#fir</styleUrl>
  <MultiGeometry>
    <Polygon>
      <outerBoundaryIs><LinearRing><coordinates>20.003164,39.694469,0 19.0,40.416667,0 18.866667,41.133333,0 19.381667,41.847778,0 19.287453,42.175083,0 19.739108,42.654553,0 19.809247,42.467106,0 20.082467,42.553247,0 20.525042,42.213328,0 20.527125,41.221581,0 21.057306,40.676889,0 20.68405,40.097528,0 20.308286,39.985439,0 20.408042,39.821442,0 20.003164,39.694469,0</coordinates></LinearRing></outerBoundaryIs>
    </Polygon>
  </MultiGeometry>
</Placemark>
<Placemark>
  <name>LBSR</name>
  <description>EMEA</description>
  <styleUrl>#fir</styleUrl>
  <MultiGeometry>
    <Polygon>
      <outerBoundaryIs><LinearRing><coordinates>22.944217,41.335692,0 23.026053,41.729058,0 22.871328,42.014253,0 22.365128,42.315861,0 22.558825,42.473525,0 22.439547,42.825806,0 22.993994,43.137389,0 22.366517,43.808639,0 22.672519,44.211886,0 23.028725,44.102775,0 22.884031,43.845394,0 24.2,43.7,0 25.55,43.633333,0 26.133333,43.966667,0 27.0,44.133333,0 29.0,43.666667,0 30.533333,43.683333,0 30.75,42.8,0 29.0,42.116667,0 27.55,41.966667,0 27.033333,42.1,0 26.058228,41.699403,0 26.191792,41.441894,0 25.898542,41.306778,0 25.235508,41.247403,0 24.535214,41.567236,0 22.944217,41.335692,0</coordinates></LinearRing></outerBoundaryIs>
    </Polygon>
  </MultiGeometry>
</Placemark>
<Placemark>
  <name>LCCC</name>
  <description>EMEA</description>
  <styleUrl>#fir</styleUrl>
  <MultiGeometry>
    <Polygon>
      <outerBoundaryIs><LinearRing><coordinates>30.0,33.5,0 30.0,36.083333,0 35.666667,35.916667,0 35.483333,35.566667,0 35.708333,34.638889,0 35.031965,34.52603,0 34.629242,34.192435,0 34.543173,33.733574,0 34.858204,33.097922,0 34.582661,33.097922,0 34.561808,32.725069,0 34.003739,32.182695,0 34.00055,31.827319,0 30.0,33.5,0</coordinates></LinearRing></outerBoundaryIs>
    </Polygon>
  </MultiGeometry>
</Placemark>
<Placemark>
  <name>LDZO</name>
  <description>EMEA</description>
  <styleUrl>#fir</styleUrl>
  <MultiGeometry>
    <Polygon>
      <outerBoundaryIs><LinearRing><coordinates>13.582389,45.479611,0 14.439253,45.5108,0 14.578828,45.663636,0 14.819942,45.459144,0 15.333842,45.453358,0 15.404131,45.658294,0 15.246614,45.725761,0 15.679233,45.846406,0 15.617236,46.217689,0 16.390292,46.527233,0 17.863039,45.775275,0 18.897928,45.923633,0 18.900067,45.571647,0 19.100933,45.511631,0 18.978197,45.372136,0 19.442739,45.182542,0 19.081147,45.141639,0 19.153719,44.95415,0 18.978894,44.854253,0 18.673408,45.096036,0 17.850692,45.046086,0 16.932628,45.279514,0 16.527667,45.228917,0 16.339653,45.002261,0 15.930186,45.235847,0 15.742519,45.065686,0 15.770939,44.753083,0 16.107972,44.544797,0 16.32315,44.104694,0 17.30685,43.457222,0 17.704483,43.00875,0 17.579453,42.938122,0 18.519939,42.437881,0 18.316667,41.416667,0 16.164167,42.435,0 14.5,43.5,0 13.333333,44.533333,0 13.0,45.3,0 13.36,45.571667,0 13.582389,45.479611,0</coordinates></LinearRing></outerBoundaryIs>
    </Polygon>
  </MultiGeometry>
</Placemark>
<Placemark>
  <name>LECB</name>
  <description>EMEA</description>
  <styleUrl>#fir</styleUrl>
  <MultiGeometry>
    <Polygon>
      <outerBoundaryIs><LinearRing><coordinates>-0.066667,42.7,0 0.633333,42.716667,0 0.75,42.883333,0 2.05,42.4,0 3.0,42.5,0 4.666667,42.0,0 4.666667,39.0,0 3.75,38.333333,0 -1.00702,36.448075,0 -1.498889,36.637778,0 -1.774958,37.119862,0 -0.066667,42.7,0</coordinates></LinearRing></outerBoundaryIs>
    </Polygon>
  </MultiGeometry>
</Placemark>
<Placemark>
  <name>LECL</name>
  <description>EMEA</description>
  <styleUrl>#fir</styleUrl>
  <MultiGeometry>
    <Polygon>
      <outerBoundaryIs><LinearRing><coordinates>0.6986111106492833,40.23138888899511,0 0.6986111106492833,40.577777777836545,0 -0.4138888892832193,40.577777777836545,0 -0.4138888892832193,40.233333333253306,0 -0.9299492159404484,40.230780625289945,0 -1.0090376020429164,39.99987493937226,0 -1.3666666674080046,39.999999999978144,0 -1.8272222218275629,39.45611111128091,0 -1.4397666667164122,39.04431944411285,0 -2.1144972216691422,38.63440277803845,0 -2.0333333326177745,38.19999999970348,0 -1.5770009335213953,37.89286537874097,0 -1.7061863200662815,37.00005475226404,0 -0.48888888919790013,37.39055555581885,0 0.166666666976182,38.000000000211664,0 0.4833333328834288,38.4999999997261,0 0.4833333328834288,39.25000000002767,0 0.18953055614655365,39.707988888974874,0 0.6986111106492833,40.23138888899511,0</coordinates></LinearRing></outerBoundaryIs>
    </Polygon>
  </MultiGeometry>
</Placemark>
<Placemark>
  <name>LECM</name>
  <description>EMEA</description>
  <styleUrl>#fir</styleUrl>
  <MultiGeometry>
    <Polygon>
      <outerBoundaryIs><LinearRing><coordinates>-6.952222,39.031389,0 -7.526389,39.661111,0 -7,39.686111,0 -6.902778,39.866667,0 -7,40.230556,0 -6.775,40.366667,0 -6.933333,41.033333,0 -6.2,41.583333,0 -6.544444,41.691667,0 -6.541667,41.933333,0 -8.066667,41.802778,0 -8.186111,42.147222,0 -8.933333,41.866667,0 -10,42,0 -13,43,0 -13,45,0 -8,45,0 -4,44.333333,0 -1.783333,43.583333,0 -1.783333,43.391667,0 -1.383333,43.1,0 -0.133333,42.816667,0 -1.28,39.031389,0 -4.574532660562355,38.91008257524197,0 -6.952222,39.031389,0</coordinates></LinearRing></outerBoundaryIs>
    </Polygon>
  </MultiGeometry>
</Placemark>
<Placemark>
  <name>LECP</name>
  <description>EMEA</description>
  <styleUrl>#fir</styleUrl>
  <MultiGeometry>
    <Polygon>
      <outerBoundaryIs><LinearRing><coordinates>4.666666666666667,40.5,0 2.3583333333333334,40.5,0 1.413299722222222,39.699999722222216,0 0.2275,39.649166666666666,0 0.48333333333333334,39.25,0 0.4261111111111111,38.41,0 1.0547222222222223,38.608333333333334,0 1.4666666666666668,38.43333333333333,0 4.338333333333333,39.44361111111111,0 4.666666666666667,39.71638888888889,0 4.666666666666667,40.5,0</coordinates></LinearRing></outerBoundaryIs>
    </Polygon>
  </MultiGeometry>
</Placemark>
<Placemark>
  <name>LECS</name>
  <description>EMEA</description>
  <styleUrl>#fir</styleUrl>
  <MultiGeometry>
    <Polygon>
      <outerBoundaryIs><LinearRing><coordinates>-6.972915587756824,38.999954507288756,0 -1.28,39.031389,0 -1.774957756868941,37.119861956927565,0 -1.498889220722339,36.63777763636615,0 -1.0070198155711347,36.44807474113519,0 -2.3332736148502127,35.833332467031674,0 -2.3422692800649654,35.09938860051456,0 -3.4999999791322507,35.2028607374751,0 -3.4999974321405807,35.833332979713695,0 -7.383333,35.833333,0 -7.519444,37.558333,0 -7.246944,37.989167,0 -6.99,38.033333,0 -6.9325,38.213611,0 -7.333333,38.5,0 -6.972915587756824,38.999954507288756,0</coordinates></LinearRing></outerBoundaryIs>
    </Polygon>
  </MultiGeometry>
</Placemark>
<Placemark>
  <name>LFBB</name>
  <description>EMEA</description>
  <styleUrl>#fir</styleUrl>
  <MultiGeometry>
    <Polygon>
      <outerBoundaryIs><LinearRing><coordinates>4.273611,44.431667,0 3.369167,44.858889,0 4.491389,45.358333,0 4.229444,45.689444,0 3.668889,45.777778,0 3.369722,46.524167,0 3.5,46.566667,0 2.610278,48.133333,0 1.782222,48.133333,0 1.466667,47.166389,0 0.986667,47.004167,0 -0.25,47.044444,0 -0.25,46.5,0 -1.66,45.981389,0 -1.758611,44.065278,0 -2.070163,43.680913,0 -1.383333,43.1,0 -0.066667,42.7,0 0.633333,42.716667,0 0.75,42.883333,0 2.05,42.4,0 3.166667,42.433333,0 4.221944,44.085,0 4.273611,44.431667,0</coordinates></LinearRing></outerBoundaryIs>
    </Polygon>
  </MultiGeometry>
</Placemark>
<Placemark>
  <name>LFEE</name>
  <description>EMEA</description>
  <styleUrl>#fir</styleUrl>
  <MultiGeometry>
    <Polygon>
      <outerBoundaryIs><LinearRing><coordinates>7.499444,47.632778,0 7.343056,47.371944,0 5.958333,46.983333,0 5.583333,46.7,0 5.183333,46.7,0 4.488889,47.349167,0 4.0775,47.2675,0 3.528611,47.5275,0 2.792778,48.395278,0 3.016667,48.583333,0 1.403333,49.921944,0 1.951667,50.229444,0 1.538333,50.601667,0 1.734722,50.712222,0 1.466667,51.0,0 2.55,51.083333,0 2.616667,50.8,0 3.116667,50.783333,0 3.683333,50.291667,0 4.166667,50.25,0 4.183333,49.95,0 4.877522,50.156097,0 4.85,49.783333,0 5.483333,49.5,0 6.416667,49.466667,0 6.733333,49.15,0 8.216667,48.966667,0 7.8,48.6,0 7.499444,47.632778,0</coordinates></LinearRing></outerBoundaryIs>
    </Polygon>
  </MultiGeometry>
</Placemark>
<Placemark>
  <name>LFFF</name>
  <description>EMEA</description>
  <styleUrl>#fir</styleUrl>
  <MultiGeometry>
    <Polygon>
      <outerBoundaryIs><LinearRing><coordinates>5.161667,46.5,0 5.133333,46.233333,0 3.683333,46.283333,0 3.065,47.313889,0 1.814167,46.881667,0 1.466667,47.166389,0 0.986667,47.004167,0 -0.25,47.044444,0 -0.693889,47.520833,0 -0.25,47.933056,0 -0.25,50.0,0 0.769722,50.401389,0 1.403333,49.921944,0 1.951667,50.229444,0 1.538333,50.601667,0 1.734722,50.712222,0 1.466667,51.0,0 2.55,51.083333,0 2.616667,50.8,0 3.116667,50.783333,0 3.683333,50.291667,0 4.166667,50.25,0 4.183333,49.95,0 4.877522,50.156097,0 4.85,49.783333,0 5.483333,49.5,0 6.416667,49.466667,0 6.733333,49.15,0 8.216667,48.966667,0 7.8,48.6,0 7.500007,47.483005,0 6.683331,47.066668,0 5.183333,46.7,0 5.161667,46.5,0</coordinates></LinearRing></outerBoundaryIs>
    </Polygon>
  </MultiGeometry>
</Placemark>
<Placemark>
  <name>LFMM</name>
  <description>EMEA</description>
  <styleUrl>#fir</styleUrl>
  <MultiGeometry>
    <Polygon>
      <outerBoundaryIs><LinearRing><coordinates>4.666667,42.0,0 3.166667,42.433333,0 4.221667,44.085,0 4.273611,44.431389,0 3.369167,44.858889,0 4.491389,45.358333,0 4.229444,45.689444,0 3.668611,45.777778,0 3.369722,46.523889,0 3.5,46.566667,0 3.683333,46.283333,0 5.7,46.116667,0 6.333333,45.583333,0 6.766667,44.8,0 7.128056,44.813889,0 7.285556,44.142222,0 7.625278,44.145556,0 7.8375,43.701944,0 9.75,43.166667,0 9.75,41.673333,0 9.498056,41.331944,0 8.331944,41.330833,0 8.0,41.0,0 8.0,39.0,0 4.666667,39.0,0 4.666667,42.0,0</coordinates></LinearRing></outerBoundaryIs>
    </Polygon>
  </MultiGeometry>
</Placemark>
<Placemark>
  <name>LFRR</name>
  <description>EMEA</description>
  <styleUrl>#fir</styleUrl>
  <MultiGeometry>
    <Polygon>
      <outerBoundaryIs><LinearRing><coordinates>-1.758611,44.065278,0 -1.66,45.981389,0 -0.25,46.5,0 -0.25,47.044444,0 0.986667,47.004167,0 1.466667,47.166389,0 1.782222,48.133333,0 2.610278,48.133333,0 3.016667,48.583333,0 0.769722,50.401389,0 -0.25,50.0,0 -2.0,50.0,0 -4.916389,49.478056,0 -8.0,49.583333,0 -8.0,45.0,0 -4.0,44.333333,0 -2.070163117010711,43.680912964576144,0 -1.758611,44.065278,0</coordinates></LinearRing></outerBoundaryIs>
    </Polygon>
  </MultiGeometry>
</Placemark>
<Placemark>
  <name>LGGG</name>
  <description>EMEA</description>
  <styleUrl>#fir</styleUrl>
  <MultiGeometry>
    <Polygon>
      <outerBoundaryIs><LinearRing><coordinates>26.362361,41.706222,0 26.583333,41.366667,0 26.3,41.266667,0 26.283333,40.958333,0 25.6,40.1,0 25.7,39.5,0 26.416667,39.466667,0 26.783333,39.016667,0 26.316667,38.666667,0 26.1695,38.247,0 27.15,37.833333,0 26.983333,37.566667,0 27.1,37.15,0 27.433333,36.9,0 27.233333,36.733333,0 27.45,36.566667,0 27.85,36.716667,0 27.966667,36.516667,0 28.3,36.566667,0 29.25,36.1,0 30.0,36.083333,0 30.0,33.5,0 27.166667,34.0,0 24.166667,34.0,0 19.0,36.5,0 19.0,40.416667,0 20.189561,39.651856,0 20.408042,39.821442,0 20.308286,39.985439,0 20.68405,40.097528,0 21.046336,40.562364,0 20.991778,40.858083,0 24.267486,41.569761,0 25.235508,41.247403,0 25.898542,41.306778,0 26.191792,41.441894,0 26.058228,41.699403,0 26.362361,41.706222,0</coordinates></LinearRing></outerBoundaryIs>
    </Polygon>
  </MultiGeometry>
</Placemark>
<Placemark>
  <name>LHCC</name>
  <description>EMEA</description>
  <styleUrl>#fir</styleUrl>
  <MultiGeometry>
    <Polygon>
      <outerBoundaryIs><LinearRing><coordinates>16.116667,46.883333,0 16.533333,47.05,0 16.45,47.416667,0 16.716667,47.55,0 16.421111,47.666667,0 17.083333,47.716667,0 17.166667,48.016667,0 17.733333,47.75,0 18.675,47.75,0 18.875,47.816667,0 18.816667,48.041667,0 19.65,48.241667,0 19.933333,48.133333,0 20.5,48.5375,0 21.441667,48.588889,0 21.733333,48.354167,0 22.279167,48.4125,0 22.891667,48.041667,0 22.029958,47.531886,0 21.107636,46.254556,0 19.575356,46.171856,0 18.445939,45.749639,0 17.351481,45.947722,0 16.116667,46.883333,0</coordinates></LinearRing></outerBoundaryIs>
    </Polygon>
  </MultiGeometry>
</Placemark>
<Placemark>
  <name>LIBB</name>
  <description>EMEA</description>
  <styleUrl>#fir</styleUrl>
  <MultiGeometry>
    <Polygon>
      <outerBoundaryIs><LinearRing><coordinates>16.6363889,41.5302778,0 14.7886111,41.2319444,0 15.4172219,40.6907222,0 16.2497222,39.2330556,0 17.5283333,37.7297222,0 18.7288889,36.9538889,0 19.0,36.5,0 19.0,40.75,0 18.866667,41.133333,0 16.9605894,42.0595847,0 16.6363889,41.5302778,0</coordinates></LinearRing></outerBoundaryIs>
    </Polygon>
  </MultiGeometry>
</Placemark>
<Placemark>
  <name>LIMM</name>
  <description>EMEA</description>
  <styleUrl>#fir</styleUrl>
  <MultiGeometry>
    <Polygon>
      <outerBoundaryIs><LinearRing><coordinates>7.450833,45.925556,0 7.021111,45.456389,0 7.128056,44.813889,0 7.285556,44.142222,0 7.625278,44.145556,0 7.8375,43.701944,0 9.75,43.166667,0 10.632778,44.170833,0 11.128889,44.388056,0 10.473611,45.748611,0 9.958763,46.378202,0 9.64222,46.286461,0 9.283333,46.496944,0 9.194444,46.181389,0 8.680278,46.106667,0 8.4478,46.46293,0 7.862606,45.917124,0 7.450833,45.925556,0</coordinates></LinearRing></outerBoundaryIs>
    </Polygon>
  </MultiGeometry>
</Placemark>
<Placemark>
  <name>LIPP</name>
  <description>EMEA</description>
  <styleUrl>#fir</styleUrl>
  <MultiGeometry>
    <Polygon>
      <outerBoundaryIs><LinearRing><coordinates>10.389444,47.000556,0 10.479167,46.562222,0 10.101242,46.608884,0 10.176086,46.254897,0 10.0097265,46.2798819,0 10.473611,45.748611,0 11.1288889,44.3880556,0 11.7197222,43.8302778,0 13.0366669,43.295,0 13.6822222,43.2508333,0 14.4266861,43.5649352,0 13.333333,44.533333,0 13.0,45.3,0 13.5,45.633333,0 13.918889,45.632222,0 13.484639,45.9955,0 13.666111,46.174722,0 13.3845,46.290917,0 13.719222,46.519778,0 12.3,46.766667,0 12.2,47.1,0 10.389444,47.000556,0</coordinates></LinearRing></outerBoundaryIs>
    </Polygon>
  </MultiGeometry>
</Placemark>
<Placemark>
  <name>LIRR</name>
  <description>EMEA</description>
  <styleUrl>#fir</styleUrl>
  <MultiGeometry>
    <Polygon>
      <outerBoundaryIs><LinearRing><coordinates>16.039221944444446,39.61506666666667,0 17.528333,37.729722,0 18.728889,36.953889,0 19.0,36.5,0 14.710833,36.5,0 14.784167,36.805,0 13.188055,37.345722,0 11.5,36.62,0 11.5,37.5,0 8.0,39.0,0 8.0,41.0,0 8.331944,41.330833,0 9.498056,41.331944,0 9.75,41.673333,0 9.75,43.166667,0 10.6327778,44.1708333,0 11.1288889,44.3880556,0 11.7197222,43.8302778,0 13.0366669,43.295,0 13.6822222,43.2508333,0 14.4266861,43.5649352,0 16.9605663,42.059547,0 16.5233333,41.4144444,0 14.7886111,41.2319444,0 15.4172219,40.6907222,0 16.039221944444446,39.61506666666667,0</coordinates></LinearRing></outerBoundaryIs>
    </Polygon>
  </MultiGeometry>
</Placemark>
<Placemark>
  <name>LJLA</name>
  <description>EMEA</description>
  <styleUrl>#fir</styleUrl>
  <MultiGeometry>
    <Polygon>
      <outerBoundaryIs><LinearRing><coordinates>13.582389,45.479611,0 13.36,45.571667,0 13.918889,45.632222,0 13.484639,45.9955,0 13.666111,46.174722,0 13.3845,46.290917,0 13.719222,46.519778,0 14.572917,46.379392,0 15.062583,46.652972,0 16.035142,46.662333,0 15.988917,46.827525,0 16.288725,46.874747,0 16.614192,46.478553,0 15.617236,46.217689,0 15.679233,45.846406,0 15.246614,45.725761,0 15.404131,45.658294,0 15.333842,45.453358,0 14.819942,45.459144,0 14.578828,45.663636,0 14.439253,45.5108,0 13.582389,45.479611,0</coordinates></LinearRing></outerBoundaryIs>
    </Polygon>
  </MultiGeometry>
</Placemark>
<Placemark>
  <name>LKAA</name>
  <description>EMEA</description>
  <styleUrl>#fir</styleUrl>
  <MultiGeometry>
    <Polygon>
      <outerBoundaryIs><LinearRing><coordinates>15.0,51.016667,0 15.4,50.766667,0 16.333333,50.65,0 16.433333,50.566667,0 16.2,50.433333,0 16.5925,50.122222,0 17.016667,50.216667,0 16.916667,50.433333,0 17.75,50.3,0 17.6,50.166667,0 17.7875,50.021389,0 18.516667,49.9,0 18.85,49.516667,0 18.2,49.3,0 17.883333,48.933333,0 17.183333,48.866667,0 16.95,48.616667,0 15.0,49.016667,0 14.966667,48.766667,0 14.316667,48.55,0 12.52,49.7,0 12.36,50.3,0 15.0,51.016667,0</coordinates></LinearRing></outerBoundaryIs>
    </Polygon>
  </MultiGeometry>
</Placemark>
<Placemark>
  <name>LLLL</name>
  <description>EMEA</description>
  <styleUrl>#fir</styleUrl>
  <MultiGeometry>
    <Polygon>
      <outerBoundaryIs><LinearRing><coordinates>34.978145555556,29.542488055556,0 33.97305,32.010489,0 34.1755,32.4875,0 34.561808,32.725069,0 34.582661,33.097922,0 35.366033,33.064589,0 35.571367,33.287675,0 35.495275,31.120053,0 34.978145555556,29.542488055556,0</coordinates></LinearRing></outerBoundaryIs>
    </Polygon>
  </MultiGeometry>
</Placemark>
<Placemark>
  <name>LLPT</name>
  <description>EMEA</description>
  <styleUrl>#fir</styleUrl>
  <MultiGeometry>
    <Polygon>
      <outerBoundaryIs><LinearRing><coordinates>35.571367,33.287675,0 35.523278,31.701186,0 33.983432,31.936328,0 34.1755,32.4875,0 34.561808,32.725069,0 34.582661,33.097922,0 35.366033,33.064589,0 35.571367,33.287675,0</coordinates></LinearRing></outerBoundaryIs>
    </Polygon>
  </MultiGeometry>
</Placemark>
<Placemark>
  <name>LLSC</name>
  <description>EMEA</description>
  <styleUrl>#fir</styleUrl>
  <MultiGeometry>
    <Polygon>
      <outerBoundaryIs><LinearRing><coordinates>35.523278,31.701186,0 35.495275,31.120053,0 34.9,29.466666666667,0 33.983432,31.936328,0 35.523278,31.701186,0</coordinates></LinearRing></outerBoundaryIs>
    </Polygon>
  </MultiGeometry>
</Placemark>
<Placemark>
  <name>LMMM</name>
  <description>EMEA</description>
  <styleUrl>#fir</styleUrl>
  <MultiGeometry>
    <Polygon>
      <outerBoundaryIs><LinearRing><coordinates>11.5,36.62,0 13.188055277777778,37.34572222222222,0 14.7841667,36.805,0 14.7108333,36.5,0 19.0,36.5,0 23.583333,34.333333,0 11.5,34.333333,0 11.5,36.62,0</coordinates></LinearRing></outerBoundaryIs>
    </Polygon>
  </MultiGeometry>
</Placemark>
<Placemark>
  <name>LOVV</name>
  <description>EMEA</description>
  <styleUrl>#fir</styleUrl>
  <MultiGeometry>
    <Polygon>
      <outerBoundaryIs><LinearRing><coordinates>11.83945,46.99295,0 12.2,47.1,0 12.3,46.766667,0 14.572917,46.379392,0 15.062583,46.652972,0 16.035142,46.662333,0 15.988917,46.827525,0 16.533333,47.05,0 16.45,47.416667,0 16.716667,47.55,0 16.421111,47.666667,0 17.083333,47.716667,0 17.166667,48.016667,0 16.833333,48.383333,0 16.883333,48.716667,0 15.0,49.016667,0 14.966667,48.766667,0 14.666667,48.583333,0 13.76,48.8,0 13.18,48.29,0 12.68,48.24,0 12.54,48.03,0 12.81,47.7,0 11.138025,47.391913,0 10.552626,47.550287,0 10.287093,47.323167,0 9.733056,47.533611,0 10.389444,47.000556,0 11.83945,46.99295,0</coordinates></LinearRing></outerBoundaryIs>
    </Polygon>
  </MultiGeometry>
</Placemark>
<Placemark>
  <name>LPPC</name>
  <description>EMEA</description>
  <styleUrl>#fir</styleUrl>
  <MultiGeometry>
    <Polygon>
      <outerBoundaryIs><LinearRing><coordinates>-8.933333,41.866667,0 -8.186111,42.147222,0 -8.15,41.816667,0 -6.579167,41.969444,0 -6.544444,41.691667,0 -6.2,41.583333,0 -6.933333,41.033333,0 -6.775,40.366667,0 -7.0,40.230556,0 -6.863889,40.013889,0 -7.0,39.686111,0 -7.526389,39.661111,0 -6.952222,39.031389,0 -7.333333,38.5,0 -6.9325,38.213611,0 -6.99,38.033333,0 -7.246944,37.989167,0 -7.519444,37.558333,0 -7.383333,35.966667,0 -12.0,35.966667,0 -14.616667,32.25,0 -15.207576,31.716083,0 -16.047423,31.423573,0 -16.669244,31.423573,0 -17.763694,31.890894,0 -18.321344,32.808128,0 -18.136895,33.824752,0 -15.0,36.5,0 -15.0,42.0,0 -13.0,43.0,0 -10.0,42.0,0 -8.933333,41.866667,0</coordinates></LinearRing></outerBoundaryIs>
    </Polygon>
  </MultiGeometry>
</Placemark>
<Placemark>
  <name>LPPO</name>
  <description>EMEA</description>
  <styleUrl>#fir</styleUrl>
  <MultiGeometry>
    <Polygon>
      <outerBoundaryIs><LinearRing><coordinates>-40.0,45.0,0 -13.0,45.0,0 -13.0,43.0,0 -15.0,42.0,0 -15.0,36.5,0 -17.768056,34.251111,0 -18.254114,33.583292,0 -18.248539,32.55393,0 -17.416667,31.65,0 -20.0,30.0,0 -25.0,30.0,0 -25.0,24.0,0 -37.5,16.999167,0 -40.0,22.3,0 -40.0,45.0,0</coordinates></LinearRing></outerBoundaryIs>
    </Polygon>
  </MultiGeometry>
</Placemark>
<Placemark>
  <name>LQSB</name>
  <description>EMEA</description>
  <styleUrl>#fir</styleUrl>
  <MultiGeometry>
    <Polygon>
      <outerBoundaryIs><LinearRing><coordinates>17.579453,42.938122,0 17.704483,43.00875,0 17.30685,43.457222,0 16.32315,44.104694,0 16.107972,44.544797,0 15.770939,44.753083,0 15.763142,45.180397,0 16.339653,45.002261,0 16.527667,45.228917,0 16.932628,45.279514,0 19.367681,44.886439,0 19.100664,44.3739,0 19.598661,44.070403,0 19.234211,44.0135,0 19.506861,43.586658,0 18.916069,43.513806,0 19.091522,43.310547,0 18.685997,43.251,0 18.478789,42.9596,0 18.559106,42.583706,0 17.579453,42.938122,0</coordinates></LinearRing></outerBoundaryIs>
    </Polygon>
  </MultiGeometry>
</Placemark>
<Placemark>
  <name>LRBB</name>
  <description>EMEA</description>
  <styleUrl>#fir</styleUrl>
  <MultiGeometry>
    <Polygon>
      <outerBoundaryIs><LinearRing><coordinates>20.270972,46.125886,0 20.817547,45.766889,0 20.792156,45.477586,0 21.530231,45.150889,0 21.409697,44.776306,0 22.146433,44.470222,0 22.436436,44.705722,0 22.766667,44.55,0 22.461575,44.465083,0 23.028725,44.102775,0 22.884031,43.845394,0 25.55,43.633333,0 26.133333,43.966667,0 27.0,44.133333,0 29.0,43.666667,0 30.533333,43.683333,0 29.966667,45.15,0 29.416122,45.432542,0 28.666103,45.232533,0 28.205,45.473333,0 28.5122681,45.5015339,0 28.5218811,45.7378181,0 28.9778139,46.0036389,0 28.932495,46.4577269,0 30.1597222,46.4263889,0 29.9432369,46.5607489,0 29.9707031,46.75868,0 29.6246339,47.0439261,0 29.5697019,47.370455,0 29.2401119,47.4615231,0 29.1741939,47.9935981,0 27.5894169,48.4947681,0 26.70639,48.4064139,0 26.199336,47.999264,0 24.999306,47.732583,0 24.574292,47.972867,0 23.182583,48.120083,0 22.029958,47.531886,0 21.170306,46.290667,0 20.270972,46.125886,0</coordinates></LinearRing></outerBoundaryIs>
    </Polygon>
  </MultiGeometry>
</Placemark>
<Placemark>
  <name>LSAG</name>
  <description>EMEA</description>
  <styleUrl>#fir</styleUrl>
  <MultiGeometry>
    <Polygon>
      <outerBoundaryIs><LinearRing><coordinates>6.955245,47.242815,0 5.183333,46.7,0 5.133333,46.233333,0 6.05,45.85,0 6.766667,44.8,0 7.128056,44.813889,0 7.021111,45.456389,0 7.450833,45.925556,0 7.862606,45.917124,0 8.223333,46.330833,0 6.955245,47.242815,0</coordinates></LinearRing></outerBoundaryIs>
    </Polygon>
  </MultiGeometry>
</Placemark>
<Placemark>
  <name>LSAS</name>
  <description>EMEA</description>
  <styleUrl>#fir</styleUrl>
  <MultiGeometry>
    <Polygon>
      <outerBoundaryIs><LinearRing><coordinates>6.955245,47.242815,0 5.183333,46.7,0 5.133333,46.233333,0 6.05,45.85,0 6.766667,44.8,0 7.128056,44.813889,0 7.021111,45.456389,0 7.450833,45.925556,0 7.862606,45.917124,0 8.325577,46.425079,0 8.680278,46.106667,0 9.194444,46.181389,0 9.355545,46.504064,0 9.535103,46.310419,0 9.958763,46.378202,0 10.130424,46.224978,0 10.101242,46.608884,0 10.479167,46.562222,0 10.49057,46.937136,0 9.733056,47.533611,0 9.55,48.166667,0 7.57,48.083056,0 7.5,47.483,0 6.955245,47.242815,0</coordinates></LinearRing></outerBoundaryIs>
    </Polygon>
  </MultiGeometry>
</Placemark>
<Placemark>
  <name>LSAZ</name>
  <description>EMEA</description>
  <styleUrl>#fir</styleUrl>
  <MultiGeometry>
    <Polygon>
      <outerBoundaryIs><LinearRing><coordinates>6.955245,47.242815,0 7.802619,46.509808,0 8.223333,46.330833,0 8.4478,46.46293,0 8.680278,46.106667,0 9.194444,46.181389,0 9.355545,46.504064,0 9.535103,46.310419,0 9.958763,46.378202,0 10.130424,46.224978,0 10.101242,46.608884,0 10.479167,46.562222,0 10.49057,46.937136,0 9.733056,47.533611,0 9.55,48.166667,0 7.57,48.083056,0 7.5,47.483,0 6.955245,47.242815,0</coordinates></LinearRing></outerBoundaryIs>
    </Polygon>
  </MultiGeometry>
</Placemark>
<Placemark>
  <name>LTAA</name>
  <description>EMEA</description>
  <styleUrl>#fir</styleUrl>
  <MultiGeometry>
    <Polygon>
      <outerBoundaryIs><LinearRing><coordinates>29.3981667,42.2749997,0 30.6694444,42.02,0 31.3613889,41.5438889,0 31.5508333,41.0344444,0 31.4302778,40.2383333,0 31.0163889,39.4325,0 29.4291667,39.0786111,0 29.5594444,38.5383333,0 30.0547222,38.1125,0 30.0744444,37.4972222,0 29.7547222,36.8011111,0 29.8087135,36.0713781,0 36.183333,35.775,0 36.416667,36.216667,0 36.716667,36.2625,0 36.658333,36.825,0 37.066667,36.604167,0 38.25,36.883333,0 39.233333,36.641667,0 40.816667,37.0875,0 41.6,37.058333,0 42.216667,37.258333,0 42.341667,37.083333,0 42.6,37.133333,0 42.791667,37.35,0 43.883333,37.183333,0 44.033333,37.3,0 44.233333,37.241667,0 44.270833,36.933333,0 44.757369,37.166172,0 44.566567,37.749064,0 44.216558,37.899067,0 44.466564,38.349075,0 44.299892,38.365742,0 44.01655,39.415764,0 44.383228,39.415767,0 44.449894,39.682439,0 44.7,39.783333,0 44.266667,40.05,0 43.65,40.116667,0 43.666667,40.95,0 42.833333,41.583333,0 41.833333,41.433333,0 37.716667,42.683333,0 30.75,42.8,0 29.3981667,42.2749997,0</coordinates></LinearRing></outerBoundaryIs>
    </Polygon>
  </MultiGeometry>
</Placemark>
<Placemark>
  <name>LTBB</name>
  <description>EMEA</description>
  <styleUrl>#fir</styleUrl>
  <MultiGeometry>
    <Polygon>
      <outerBoundaryIs><LinearRing><coordinates>29.0,42.116667,0 26.616667,41.983333,0 26.362361,41.706222,0 26.583333,41.366667,0 26.3,41.266667,0 26.283333,40.958333,0 25.6,40.1,0 25.7,39.5,0 26.416667,39.466667,0 26.783333,39.016667,0 26.316667,38.666667,0 26.1695,38.247,0 27.15,37.833333,0 26.983333,37.666667,0 27.1,37.15,0 27.433333,36.9,0 27.233333,36.733333,0 27.45,36.566667,0 27.933333,36.7,0 27.966667,36.516667,0 28.3,36.566667,0 28.883333,36.216667,0 29.8087135,36.0713781,0 29.7547222,36.8011111,0 30.0744444,37.4972222,0 30.0547222,38.1125,0 29.5594444,38.5383333,0 29.4291667,39.0786111,0 31.0163889,39.4325,0 31.4302778,40.2383333,0 31.5508333,41.0344444,0 31.3613889,41.5438889,0 30.6694444,42.02,0 29.3981667,42.2749997,0 29.0,42.116667,0</coordinates></LinearRing></outerBoundaryIs>
    </Polygon>
  </MultiGeometry>
</Placemark>
<Placemark>
  <name>LTXX</name>
  <description>EMEA</description>
  <styleUrl>#fir</styleUrl>
  <MultiGeometry>
    <Polygon>
      <outerBoundaryIs><LinearRing><coordinates>29.0,42.116667,0 30.75,42.8,0 37.716667,42.683333,0 41.833333,41.433333,0 42.833333,41.583333,0 43.666667,40.95,0 43.65,40.116667,0 44.266667,40.05,0 44.7,39.783333,0 44.449894,39.682439,0 44.383228,39.415767,0 44.01655,39.415764,0 44.299892,38.365742,0 44.466564,38.349075,0 44.216558,37.899067,0 44.566567,37.749064,0 44.583236,37.449058,0 44.799908,37.299053,0 44.270833,36.933333,0 44.233333,37.241667,0 44.033333,37.3,0 43.883333,37.183333,0 42.791667,37.35,0 42.6,37.133333,0 42.341667,37.083333,0 42.216667,37.258333,0 41.6,37.058333,0 40.816667,37.0875,0 39.233333,36.641667,0 38.25,36.883333,0 37.066667,36.604167,0 36.658333,36.825,0 36.716667,36.2625,0 36.416667,36.216667,0 36.183333,35.775,0 29.25,36.1,0 28.3,36.566667,0 27.966667,36.516667,0 27.933333,36.7,0 27.45,36.566667,0 27.233333,36.733333,0 27.433333,36.9,0 27.1,37.15,0 26.983333,37.566667,0 27.15,37.833333,0 26.1695,38.247,0 26.316667,38.666667,0 26.783333,39.016667,0 26.416667,39.466667,0 25.7,39.5,0 25.6,40.1,0 26.283333,40.958333,0 26.3,41.266667,0 26.583333,41.366667,0 26.362361,41.706222,0 26.616667,41.983333,0 29.0,42.116667,0</coordinates></LinearRing></outerBoundaryIs>
    </Polygon>
  </MultiGeometry>
</Placemark>
<Placemark>
  <name>LUUU</name>
  <description>EMEA</description>
  <styleUrl>#fir</styleUrl>
  <MultiGeometry>
    <Polygon>
      <outerBoundaryIs><LinearRing><coordinates>27.82805556,48.42166667,0 29.17419389,47.99359806,0 29.24011194,47.46152306,0 29.56970194,47.370455,0 29.62463389,47.04392611,0 30.15972222,46.42638889,0 28.932495,46.45772694,0 28.97781389,46.00363889,0 28.52188111,45.73781806,0 28.51226806,45.50153389,0 28.1875,45.473333,0 28.1,46.25,0 28.25,46.633333,0 28.1,46.983333,0 26.95,48.2,0 26.635458,48.261775,0 26.70639,48.40641389,0 27.82805556,48.42166667,0</coordinates></LinearRing></outerBoundaryIs>
    </Polygon>
  </MultiGeometry>
</Placemark>
<Placemark>
  <name>LWSS</name>
  <description>EMEA</description>
  <styleUrl>#fir</styleUrl>
  <MultiGeometry>
    <Polygon>
      <outerBoundaryIs><LinearRing><coordinates>22.944217,41.335692,0 22.724606,41.146167,0 20.991778,40.858083,0 20.593628,41.101944,0 20.46115,41.522858,0 20.893889,42.097778,0 22.379711,42.303439,0 22.871328,42.014253,0 23.026053,41.729058,0 22.944217,41.335692,0</coordinates></LinearRing></outerBoundaryIs>
    </Polygon>
  </MultiGeometry>
</Placemark>
<Placemark>
  <name>LYBA</name>
  <description>EMEA</description>
  <styleUrl>#fir</styleUrl>
  <MultiGeometry>
    <Polygon>
      <outerBoundaryIs><LinearRing><coordinates>22.379711,42.303439,0 20.893889,42.097778,0 20.593433,41.886136,0 20.525042,42.213328,0 20.082467,42.553247,0 19.809247,42.467106,0 19.739108,42.654553,0 19.287453,42.175083,0 19.381667,41.847778,0 18.866667,41.133333,0 18.316667,41.416667,0 18.478789,42.9596,0 18.840803,43.349228,0 19.091522,43.310547,0 18.916069,43.513806,0 19.506861,43.586658,0 19.234211,44.0135,0 19.621936,44.021614,0 19.100664,44.3739,0 19.367681,44.886439,0 18.978894,44.854253,0 19.153719,44.95415,0 19.081147,45.141639,0 19.442739,45.182542,0 18.978197,45.372136,0 19.100933,45.511631,0 18.900067,45.571647,0 18.897928,45.923633,0 19.575356,46.171856,0 20.192469,46.153942,0 20.817547,45.766889,0 20.792156,45.477586,0 21.530231,45.150889,0 21.409697,44.776306,0 22.146433,44.470222,0 22.436436,44.705722,0 22.766667,44.55,0 22.461575,44.465083,0 22.687547,44.272972,0 22.366517,43.808639,0 22.993994,43.137389,0 22.439547,42.825806,0 22.558825,42.473525,0 22.379711,42.303439,0</coordinates></LinearRing></outerBoundaryIs>
    </Polygon>
  </MultiGeometry>
</Placemark>
<Placemark>
  <name>LZBB</name>
  <description>EMEA</description>
  <styleUrl>#fir</styleUrl>
  <MultiGeometry>
    <Polygon>
      <outerBoundaryIs><LinearRing><coordinates>16.95,48.616667,0 17.183333,48.866667,0 17.883333,48.933333,0 18.583333,49.516667,0 19.2,49.416667,0 19.45,49.6,0 19.833333,49.183333,0 20.316667,49.4,0 20.933333,49.3,0 21.633333,49.45,0 22.583333,49.1,0 22.125833,48.378889,0 21.733333,48.354167,0 21.441667,48.588889,0 20.5,48.5375,0 19.933333,48.133333,0 19.65,48.241667,0 18.816667,48.041667,0 18.875,47.816667,0 18.675,47.75,0 17.733333,47.75,0 17.083333,48.033333,0 16.833333,48.383333,0 16.95,48.616667,0</coordinates></LinearRing></outerBoundaryIs>
    </Polygon>
  </MultiGeometry>
</Placemark>
<Placemark>
  <name>MDCS</name>
  <description>AMAS</description>
  <styleUrl>#fir</styleUrl>
  <MultiGeometry>
    <Polygon>
      <outerBoundaryIs><LinearRing><coordinates>-71.666667,16.0,0 -71.736111,18.358333,0 -71.998611,18.633333,0 -71.75,18.75,0 -71.866667,18.966667,0 -71.633333,19.2,0 -71.808333,19.316667,0 -71.666667,20.416667,0 -70.5,20.416667,0 -68.0,19.0,0 -68.0,16.0,0 -71.666667,16.0,0</coordinates></LinearRing></outerBoundaryIs>
    </Polygon>
  </MultiGeometry>
</Placemark>
<Placemark>
  <name>MHCC</name>
  <description>AMAS</description>
  <styleUrl>#fir</styleUrl>
  <MultiGeometry>
    <Polygon>
      <outerBoundaryIs><LinearRing><coordinates>-95.0,13.0,0 -92.233333,14.55,0 -92.08346,15.084167,0 -92.23346,15.250825,0 -91.75011,16.084119,0 -90.466667,16.083333,0 -90.41675,16.384106,0 -91.466667,17.25,0 -91.016667,17.25,0 -90.97843,17.811264,0 -89.15,17.816667,0 -89.03338,18.0007,0 -88.83337,17.850706,0 -88.48336,18.484011,0 -88.03335,18.417347,0 -88.033333,18.15,0 -87.75,18.15,0 -85.99996,20.000611,0 -85.283333,20.183333,0 -85.35,20.733333,0 -82.0,20.0,0 -82.25,15.0,0 -82.816667,12.9,0 -82.566667,9.55,0 -82.85,9.625,0 -82.941667,9.466667,0 -82.933333,9.1,0 -82.716667,8.941667,0 -83.05,8.333333,0 -82.9,8.033333,0 -82.916667,1.416667,0 -92.0,1.416667,0 -104.5,10.0,0 -95.0,13.0,0</coordinates></LinearRing></outerBoundaryIs>
    </Polygon>
  </MultiGeometry>
</Placemark>
<Placemark>
  <name>MKJK</name>
  <description>AMAS</description>
  <styleUrl>#fir</styleUrl>
  <MultiGeometry>
    <Polygon>
      <outerBoundaryIs><LinearRing><coordinates>-82.0,20.0,0 -78.333333,20.0,0 -75.0,18.5,0 -73.0,17.0,0 -74.0,16.0,0 -74.0,15.0,0 -82.25,15.0,0 -82.0,20.0,0</coordinates></LinearRing></outerBoundaryIs>
    </Polygon>
  </MultiGeometry>
</Placemark>
<Placemark>
  <name>MMEX</name>
  <description>AMAS</description>
  <styleUrl>#fir</styleUrl>
  <MultiGeometry>
    <Polygon>
      <outerBoundaryIs><LinearRing><coordinates>-102.8333,23.666667,0 -96.0,23.0,0 -95.0,22.41028,0 -95.0,19.490833,0 -96.7116,13.878333,0 -99.4944,13.036944,0 -105.2822,15.335556,0 -107.7625,18.223889,0 -104.8513,22.690556,0 -103.4355,24.1525,0 -102.8333,23.666667,0</coordinates></LinearRing></outerBoundaryIs>
    </Polygon>
  </MultiGeometry>
</Placemark>
<Placemark>
  <name>MMFR</name>
  <description>AMAS</description>
  <styleUrl>#fir</styleUrl>
  <MultiGeometry>
    <Polygon>
      <outerBoundaryIs><LinearRing><coordinates>-120.833333,30.75,0 -117.123611,32.534167,0 -114.718611,32.71861100000001,0 -114.81111,32.491667,0 -111.1,31.333333,0 -108.216667,31.333333,0 -108.216667,31.783333,0 -106.53333,31.783333,0 -104.983333,30.683333,0 -104.516667,29.65,0 -103.18333,28.916667,0 -102.883333,29.208333,0 -102.758333,29.741667,0 -102.316667,29.875,0 -101.516667,29.758333,0 -100.75,29.166667,0 -100.191667,28.183333,0 -99.525,27.491667,0 -99.066667,26.4,0 -98.216667,26.066667,0 -97.4,25.841667,0 -95.916667,26,0 -93,24.5,0 -88,24.5,0 -86,24,0 -86,22,0 -85.35,20.733333,0 -85.283333,20.183333,0 -86,20,0 -87.75,18.15,0 -88.033333,18.15,0 -88.03335,18.417347,0 -88.483333,18.483333,0 -88.833333,17.85,0 -89.033333,18,0 -89.15,17.816667,0 -90.978333,17.810556,0 -91.016667,17.25,0 -91.466667,17.25,0 -90.41675,16.384106,0 -90.466667,16.083333,0 -91.75,16.083333,0 -92.23346,15.250825,0 -92.08346,15.084167,0 -92.233333,14.55,0 -95,13,0 -100,11.5,0 -105,15,0 -113.00388,23.893056,0 -120.833333,30.75,0</coordinates></LinearRing></outerBoundaryIs>
    </Polygon>
  </MultiGeometry>
</Placemark>
<Placemark>
  <name>MMID</name>
  <description>AMAS</description>
  <styleUrl>#fir</styleUrl>
  <MultiGeometry>
    <Polygon>
      <outerBoundaryIs><LinearRing><coordinates>-90.978333,17.810556,0 -91.016667,17.25,0 -91.466667,17.25,0 -90.41675,16.384106,0 -90.466667,16.083333,0 -91.75,16.083333,0 -92.23346,15.250825,0 -92.08346,15.084167,0 -92.233333,14.55,0 -95.0,13.0,0 -100.0,11.5,0 -105.2822,15.335556,0 -99.4944,13.036944,0 -96.7116,13.878333,0 -95.0,19.490833,0 -95.0,23.0,0 -93.0,24.5,0 -88.0,24.5,0 -86.0,24.0,0 -86.0,22.0,0 -85.35,20.733333,0 -85.283333,20.183333,0 -86.0,20.0,0 -87.75,18.15,0 -88.033333,18.15,0 -88.03335,18.417347,0 -88.483333,18.483333,0 -88.833333,17.85,0 -89.033333,18.0,0 -89.15,17.816667,0 -90.978333,17.810556,0</coordinates></LinearRing></outerBoundaryIs>
    </Polygon>
  </MultiGeometry>
</Placemark>
<Placemark>
  <name>MMTY</name>
  <description>AMAS</description>
  <styleUrl>#fir</styleUrl>
  <MultiGeometry>
    <Polygon>
      <outerBoundaryIs><LinearRing><coordinates>-108.216667,31.333333,0 -108.216667,31.783333,0 -106.383333,31.733333,0 -104.983333,30.683333,0 -104.516667,29.65,0 -103.18333,28.916667,0 -102.883333,29.208333,0 -102.758333,29.741667,0 -102.316667,29.875,0 -101.516667,29.758333,0 -100.75,29.166667,0 -100.191667,28.183333,0 -99.525,27.491667,0 -99.066667,26.4,0 -97.4,25.841667,0 -95.916667,26.0,0 -93.0,24.5,0 -95.0,23.0,0 -95.0,22.41028,0 -96.0,23.0,0 -102.8333,23.666667,0 -108.5,28.0,0 -108.5,31.333333,0 -108.216667,31.333333,0</coordinates></LinearRing></outerBoundaryIs>
    </Polygon>
  </MultiGeometry>
</Placemark>
<Placemark>
  <name>MMZT</name>
  <description>AMAS</description>
  <styleUrl>#fir</styleUrl>
  <MultiGeometry>
    <Polygon>
      <outerBoundaryIs><LinearRing><coordinates>-120.833333,30.75,0 -117.123611,32.534167,0 -114.718611,32.718611,0 -114.81111,32.491667,0 -111.1,31.333333,0 -108.5,31.333333,0 -108.5,28.0,0 -103.4355,24.1525,0 -104.8513,22.690556,0 -107.7625,18.223889,0 -113.00388,23.893056,0 -120.833333,30.75,0</coordinates></LinearRing></outerBoundaryIs>
    </Polygon>
  </MultiGeometry>
</Placemark>
<Placemark>
  <name>MPZL</name>
  <description>AMAS</description>
  <styleUrl>#fir</styleUrl>
  <MultiGeometry>
    <Polygon>
      <outerBoundaryIs><LinearRing><coordinates>-82.25,15.0,0 -77.416667,15.0,0 -77.442169,8.516317,0 -77.175503,7.924647,0 -77.575503,7.516314,0 -77.725503,7.732981,0 -78.300503,6.732978,0 -79.050503,6.266308,0 -80.0,4.5,0 -82.916667,4.533333,0 -82.9,8.033333,0 -83.05,8.333333,0 -82.716667,8.941667,0 -82.933333,9.1,0 -82.941667,9.466667,0 -82.85,9.625,0 -82.566667,9.55,0 -82.816667,12.9,0 -82.25,15.0,0</coordinates></LinearRing></outerBoundaryIs>
    </Polygon>
  </MultiGeometry>
</Placemark>
<Placemark>
  <name>MTEG</name>
  <description>AMAS</description>
  <styleUrl>#fir</styleUrl>
  <MultiGeometry>
    <Polygon>
      <outerBoundaryIs><LinearRing><coordinates>-75.0,18.5,0 -73.0,20.416667,0 -71.666667,20.416667,0 -71.808333,19.316667,0 -71.633333,19.2,0 -71.866667,18.966667,0 -71.75,18.75,0 -71.998611,18.633333,0 -71.736111,18.358333,0 -71.666667,17.0,0 -73.0,17.0,0 -75.0,18.5,0</coordinates></LinearRing></outerBoundaryIs>
    </Polygon>
  </MultiGeometry>
</Placemark>
<Placemark>
  <name>MUFH</name>
  <description>AMAS</description>
  <styleUrl>#fir</styleUrl>
  <MultiGeometry>
    <Polygon>
      <outerBoundaryIs><LinearRing><coordinates>-86.0,24.0,0 -78.0,24.0,0 -75.166667,22.0,0 -73.333333,20.0,0 -75.0,18.5,0 -78.333333,20.0,0 -82.0,20.0,0 -85.35,20.733333,0 -86.0,22.0,0 -86.0,24.0,0</coordinates></LinearRing></outerBoundaryIs>
    </Polygon>
  </MultiGeometry>
</Placemark>
<Placemark>
  <name>NAT</name>
  <description>None</description>
  <styleUrl>#fir</styleUrl>
  <MultiGeometry>
    <Polygon>
      <outerBoundaryIs><LinearRing><coordinates>-30.0,45.0,0 -40.0,45.0,0 -40.0,44.5,0 -50.0,44.5,0 -50.0,51.0,0 -54.0,53.0,0 -59.0,57.0,0 -63.0,61.0,0 -63.0,64.0,0 -60.0,65.0,0 -57.75,65.0,0 -55.666667,63.5,0 -39.0,63.5,0 -30.0,61.0,0 -10.0,61.0,0 -10.0,57.0,0 -15.0,57.0,0 -15.0,49.0,0 -8.0,48.493611,0 -8.0,45.0,0 -30.0,45.0,0</coordinates></LinearRing></outerBoundaryIs>
    </Polygon>
  </MultiGeometry>
</Placemark>
<Placemark>
  <name>NCRG</name>
  <description>APAC</description>
  <styleUrl>#fir</styleUrl>
  <MultiGeometry>
    <Polygon>
      <outerBoundaryIs><LinearRing><coordinates>-157.0,-20.0,0 -158.649947,-17.544744,0 -159.621431,-17.164415,0 -160.511146,-17.312862,0 -161.207793,-17.863415,0 -161.504524,-18.527426,0 -161.500746,-21.763167,0 -161.08878,-22.375228,0 -160.432513,-22.766556,0 -159.81439,-22.868207,0 -159.050911,-22.710317,0 -156.99988,-21.68343,0 -157.0,-20.0,0</coordinates></LinearRing></outerBoundaryIs>
    </Polygon>
  </MultiGeometry>
</Placemark>
<Placemark>
  <name>NFFF</name>
  <description>APAC</description>
  <styleUrl>#fir</styleUrl>
  <MultiGeometry>
    <Polygon>
      <outerBoundaryIs><LinearRing><coordinates>180.0,-5.0,0 180.0,3.5,0 170.0,3.5,0 170.0,-10.0,0 163.0,-14.0,0 161.25,-14.0,0 163.0,-17.666667,0 163.0,-30.0,0 168.0,-28.0,0 171.416667,-25.0,0 180.0,-25.0,0 180.0,-20.327559,0 176.981128,-20.21785,0 176.114392,-19.916857,0 175.15401,-18.992898,0 174.818729,-17.738927,0 175.185766,-16.493676,0 176.146185,-15.587179,0 177.443863,-15.256352,0 180.0,-15.276333,0 180.0,-5.0,0</coordinates></LinearRing></outerBoundaryIs>
    </Polygon>
    <Polygon>
      <outerBoundaryIs><LinearRing><coordinates>-180.0,-5.0,0 -180.0,-15.276333,0 -178.268333,-15.294722,0 -178.268333,-19.166667,0 -180.0,-20.327559,0 -180.0,-25.0,0 -171.166667,-5.0,0 -180.0,-5.0,0</coordinates></LinearRing></outerBoundaryIs>
    </Polygon>
  </MultiGeometry>
</Placemark>
<Placemark>
  <name>NFFJ</name>
  <description>APAC</description>
  <styleUrl>#fir</styleUrl>
  <MultiGeometry>
    <Polygon>
      <outerBoundaryIs><LinearRing><coordinates>177.928889,-15.254722,0 176.556941,-15.405226,0 175.450154,-16.139557,0 174.864805,-17.305507,0 174.964989,-18.595704,0 175.737413,-19.66395,0 176.533336,-20.103461,0 180.0,-20.327559,0 180.0,-15.276333,0 177.928889,-15.254722,0</coordinates></LinearRing></outerBoundaryIs>
    </Polygon>
    <Polygon>
      <outerBoundaryIs><LinearRing><coordinates>-180.0,-15.276333,0 -179.88694,-20.330824,0 -178.268333,-19.166667,0 -178.268333,-15.294722,0 -180.0,-15.276333,0</coordinates></LinearRing></outerBoundaryIs>
    </Polygon>
  </MultiGeometry>
</Placemark>
<Placemark>
  <name>NSFA</name>
  <description>APAC</description>
  <styleUrl>#fir</styleUrl>
  <MultiGeometry>
    <Polygon>
      <outerBoundaryIs><LinearRing><coordinates>-173.92649129181655,-11.247792722994324,0 -170.07722,-12.77559,0 -169.305036,-13.372581,0 -169.016405,-14.037217,0 -169.043482,-14.758109,0 -169.384059,-15.400161,0 -170.00253,-15.86125,0 -168.99997,-18.5833,0 -175.15631798394492,-14.031948360656184,0 -173.92649129181655,-11.247792722994324,0</coordinates></LinearRing></outerBoundaryIs>
    </Polygon>
  </MultiGeometry>
</Placemark>
<Placemark>
  <name>NTTC</name>
  <description>APAC</description>
  <styleUrl>#fir</styleUrl>
  <MultiGeometry>
    <Polygon>
      <outerBoundaryIs><LinearRing><coordinates>-149.6015,-14.213787,0 -151.323486,-14.653219,0 -152.249366,-15.38741,0 -152.866257,-16.380718,0 -153.097111,-17.516471,0 -152.657818,-19.189866,0 -151.882215,-20.087142,0 -150.819453,-20.675565,0 -149.6015,-20.880453,0 -148.383547,-20.675565,0 -147.320785,-20.087142,0 -146.545182,-19.189866,0 -146.105889,-17.516471,0 -146.336743,-16.380718,0 -146.953634,-15.38741,0 -147.879514,-14.653219,0 -149.6015,-14.213787,0</coordinates></LinearRing></outerBoundaryIs>
    </Polygon>
  </MultiGeometry>
</Placemark>
<Placemark>
  <name>NTTT</name>
  <description>APAC</description>
  <styleUrl>#fir</styleUrl>
  <MultiGeometry>
    <Polygon>
      <outerBoundaryIs><LinearRing><coordinates>-145.0,3.5,0 -155.0,-5.0,0 -157.0,-5.0,0 -157.0,-30.0,0 -120.0,-30.0,0 -120.0,3.5,0 -145.0,3.5,0</coordinates></LinearRing></outerBoundaryIs>
    </Polygon>
  </MultiGeometry>
</Placemark>
<Placemark>
  <name>NZAA</name>
  <description>APAC</description>
  <styleUrl>#fir</styleUrl>
  <MultiGeometry>
    <Polygon>
      <outerBoundaryIs><LinearRing><coordinates>171.556106,-39.127231,0 174.183933,-39.007242,0 174.915445,-39.230308,0 175.313612,-38.921669,0 176.327776,-39.098611,0 176.628333,-38.877225,0 177.755281,-39.152227,0 178.535278,-40.004722,0 179.733332,-38.45,0 178.935833,-37.541667,0 178.798305,-36.07487,0 177.923927,-34.820882,0 176.51167,-33.971232,0 174.464784,-33.68336,0 173.115774,-33.971232,0 172.216838,-34.422399,0 171.478532,-35.045484,0 170.950927,-35.801476,0 170.673959,-36.641977,0 170.674066,-37.511669,0 170.96072,-38.351459,0 171.556106,-39.127231,0</coordinates></LinearRing></outerBoundaryIs>
    </Polygon>
  </MultiGeometry>
</Placemark>
<Placemark>
  <name>NZAR</name>
  <description>APAC</description>
  <styleUrl>#fir</styleUrl>
  <MultiGeometry>
    <Polygon>
      <outerBoundaryIs><LinearRing><coordinates>175.38954,-37.51324,0 174.813722,-37.754528,0 174.131944,-37.520833,0 173.544167,-39.041944,0 174.183933,-39.007242,0 174.915445,-39.230308,0 175.313612,-38.921669,0 175.577034,-38.955071,0 175.761111,-37.936111,0 175.38954,-37.51324,0</coordinates></LinearRing></outerBoundaryIs>
    </Polygon>
  </MultiGeometry>
</Placemark>
<Placemark>
  <name>NZCB</name>
  <description>APAC</description>
  <styleUrl>#fir</styleUrl>
  <MultiGeometry>
    <Polygon>
      <outerBoundaryIs><LinearRing><coordinates>175.752778,-36.991944,0 175.38954,-37.51324,0 175.761111,-37.936111,0 175.577034,-38.955071,0 176.327776,-39.098611,0 176.628333,-38.877225,0 177.755281,-39.152227,0 178.535278,-40.004722,0 179.733332,-38.45,0 178.935833,-37.541667,0 175.752778,-36.991944,0</coordinates></LinearRing></outerBoundaryIs>
    </Polygon>
  </MultiGeometry>
</Placemark>
<Placemark>
  <name>NZCK</name>
  <description>APAC</description>
  <styleUrl>#fir</styleUrl>
  <MultiGeometry>
    <Polygon>
      <outerBoundaryIs><LinearRing><coordinates>175.886894,-42.205419,0 175.279034,-41.803331,0 172.631741,-41.620042,0 171.965,-42.182779,0 172.514723,-43.50417,0 173.672221,-44.049443,0 175.886894,-42.205419,0</coordinates></LinearRing></outerBoundaryIs>
    </Polygon>
  </MultiGeometry>
</Placemark>
<Placemark>
  <name>NZCM</name>
  <description>APAC</description>
  <styleUrl>#fir</styleUrl>
  <MultiGeometry>
    <Polygon>
      <outerBoundaryIs><LinearRing><coordinates>163.0,-90.0,0 180.0,-90.0,0 180.0,-60.0,0 163.0,-60.0,0 163.0,-90.0,0</coordinates></LinearRing></outerBoundaryIs>
    </Polygon>
    <Polygon>
      <outerBoundaryIs><LinearRing><coordinates>-180.0,-60.0,0 -180.0,-90.0,0 -131.0,-90.0,0 -131.0,-60.0,0 -180.0,-60.0,0</coordinates></LinearRing></outerBoundaryIs>
    </Polygon>
  </MultiGeometry>
</Placemark>
<Placemark>
  <name>NZCS</name>
  <description>APAC</description>
  <styleUrl>#fir</styleUrl>
  <MultiGeometry>
    <Polygon>
      <outerBoundaryIs><LinearRing><coordinates>173.672221,-44.049443,0 172.514723,-43.50417,0 172.030556,-42.1125,0 170.243057,-41.566667,0 168.913304,-42.821388,0 167.530617,-43.013563,0 166.491917,-43.56825,0 165.786954,-44.568638,0 165.811942,-45.503612,0 165.3,-45.916665,0 168.266663,-48.148607,0 173.672221,-44.049443,0</coordinates></LinearRing></outerBoundaryIs>
    </Polygon>
  </MultiGeometry>
</Placemark>
<Placemark>
  <name>NZCT</name>
  <description>APAC</description>
  <styleUrl>#fir</styleUrl>
  <MultiGeometry>
    <Polygon>
      <outerBoundaryIs><LinearRing><coordinates>171.556028,-39.12725,0 170.719676,-40.123629,0 170.243057,-41.566667,0 172.030556,-42.1125,0 172.631741,-41.620042,0 175.279034,-41.803331,0 175.886894,-42.205419,0 178.535278,-40.004722,0 177.755281,-39.152227,0 176.628333,-38.877225,0 176.327776,-39.098611,0 175.313612,-38.921669,0 174.915445,-39.230308,0 174.183933,-39.007242,0 171.556028,-39.12725,0</coordinates></LinearRing></outerBoundaryIs>
    </Polygon>
  </MultiGeometry>
</Placemark>
<Placemark>
  <name>NZOH</name>
  <description>APAC</description>
  <styleUrl>#fir</styleUrl>
  <MultiGeometry>
    <Polygon>
      <outerBoundaryIs><LinearRing><coordinates>174.915445,-39.230308,0 174.923333,-40.63168,0 175.547776,-40.818333,0 175.314164,-41.188333,0 175.805272,-41.28056,0 175.279034,-41.803331,0 175.886894,-42.205419,0 178.535278,-40.004722,0 177.755281,-39.152227,0 176.795279,-38.90639,0 176.327776,-39.098611,0 175.313612,-38.921669,0 174.915445,-39.230308,0</coordinates></LinearRing></outerBoundaryIs>
    </Polygon>
  </MultiGeometry>
</Placemark>
<Placemark>
  <name>NZOH</name>
  <description>APAC</description>
  <styleUrl>#fir</styleUrl>
  <MultiGeometry>
    <Polygon>
      <outerBoundaryIs><LinearRing><coordinates>174.915445,-39.230308,0 174.923333,-40.63168,0 175.547776,-40.818333,0 175.314164,-41.188333,0 175.805272,-41.28056,0 175.279034,-41.803331,0 175.886894,-42.205419,0 178.535278,-40.004722,0 177.755281,-39.152227,0 176.795279,-38.90639,0 176.327776,-39.098611,0 175.313612,-38.921669,0 174.915445,-39.230308,0</coordinates></LinearRing></outerBoundaryIs>
    </Polygon>
  </MultiGeometry>
</Placemark>
<Placemark>
  <name>NZZO</name>
  <description>APAC</description>
  <styleUrl>#fir</styleUrl>
  <MultiGeometry>
    <Polygon>
      <outerBoundaryIs><LinearRing><coordinates>-131.0,-30.0,0 -157.0,-30.0,0 -157.0,-5.0,0 -171.166667,-5.0,0 -180.0,-25.0,0 -180.0,-60.0,0 -131.0,-60.0,0 -131.0,-30.0,0</coordinates></LinearRing></outerBoundaryIs>
    </Polygon>
    <Polygon>
      <outerBoundaryIs><LinearRing><coordinates>168.0,-28.0,0 163.0,-30.0,0 163.0,-60.0,0 180.0,-60.0,0 180.0,-25.0,0 171.416667,-25.0,0 168.0,-28.0,0</coordinates></LinearRing></outerBoundaryIs>
    </Polygon>
  </MultiGeometry>
</Placemark>
<Placemark>
  <name>NZZT</name>
  <description>APAC</description>
  <styleUrl>#fir</styleUrl>
  <MultiGeometry>
    <Polygon>
      <outerBoundaryIs><LinearRing><coordinates>165.3,-45.916665,0 165.811942,-45.503612,0 165.786954,-44.568638,0 166.491917,-43.56825,0 167.530617,-43.013563,0 168.913304,-42.821388,0 170.39,-41.424168,0 170.719676,-40.123629,0 171.556106,-39.127231,0 170.737864,-37.797878,0 170.736485,-36.355724,0 171.277041,-35.284932,0 172.4998470864183,-34.252188466272,0 163.0,-30.0,0 163.0,-45.0,0 165.3,-45.916665,0</coordinates></LinearRing></outerBoundaryIs>
    </Polygon>
  </MultiGeometry>
</Placemark>
<Placemark>
  <name>OAKX</name>
  <description>APAC</description>
  <styleUrl>#fir</styleUrl>
  <MultiGeometry>
    <Polygon>
      <outerBoundaryIs><LinearRing><coordinates>60.864353,29.863164,0 61.81635,30.984403,0 61.71635,31.367731,0 60.833036,31.484394,0 60.8497,32.20105,0 60.566372,33.151036,0 60.883028,33.517697,0 60.666367,33.517697,0 60.466369,34.101019,0 60.899692,34.317683,0 60.716364,34.534347,0 60.966356,34.651011,0 61.275833,35.615833,0 62.0,35.45,0 62.3,35.133333,0 63.083333,35.416667,0 63.25,35.7,0 63.133333,35.866667,0 64.05,36.0,0 64.616667,36.433333,0 64.75,37.116667,0 65.533333,37.25,0 65.716667,37.55,0 67.0,37.383333,0 67.283333,37.183333,0 67.5,37.283333,0 68.025,36.925,0 68.883333,37.333333,0 69.25,37.091667,0 69.55,37.591667,0 70.266667,37.616667,0 70.175,37.95,0 71.0,38.483333,0 71.375,38.216667,0 71.25,37.933333,0 71.583333,37.916667,0 71.433333,37.066667,0 71.65,36.683333,0 72.675,37.025,0 73.333333,37.466667,0 73.766667,37.433333,0 73.616667,37.25,0 73.8,37.233333,0 74.833333,37.333333,0 74.466667,37.216667,0 74.583333,36.95,0 72.550744,36.833761,0 71.187919,36.103172,0 71.472125,35.821381,0 71.629078,35.15425,0 70.965233,34.483717,0 71.071281,34.025381,0 69.951431,34.049142,0 69.868717,33.889572,0 70.339561,33.322597,0 69.503914,33.037406,0 69.262133,32.400833,0 69.323642,31.874594,0 68.857033,31.5962,0 68.549497,31.845739,0 68.131675,31.784622,0 67.5972,31.434931,0 67.771111,31.370425,0 66.882442,31.285547,0 66.369178,30.856069,0 66.239911,29.838022,0 64.010639,29.402506,0 62.481119,29.408831,0 60.864353,29.863164,0</coordinates></LinearRing></outerBoundaryIs>
    </Polygon>
  </MultiGeometry>
</Placemark>
<Placemark>
  <name>OBBB</name>
  <description>EMEA</description>
  <styleUrl>#fir</styleUrl>
  <MultiGeometry>
    <Polygon>
      <outerBoundaryIs><LinearRing><coordinates>48.866238,28.236056,0 50.470767,26.583173,0 50.279667,26.08376,0 50.56454443799322,25.563594148243,0 50.818369974396056,25.546221440235215,0 50.91969832371646,26.230826853682448,0 51.20775550405885,26.3991163176042,0 52.969419,25.642596,0 53.95,26.066667,0 51.166667,26.916667,0 49.66906,28.712181,0 48.866238,28.236056,0</coordinates></LinearRing></outerBoundaryIs>
    </Polygon>
  </MultiGeometry>
</Placemark>
<Placemark>
  <name>OEJD</name>
  <description>EMEA</description>
  <styleUrl>#fir</styleUrl>
  <MultiGeometry>
    <Polygon>
      <outerBoundaryIs><LinearRing><coordinates>48.684167,28.544722,0 49.130656,27.823578,0 50.470767,26.583173,0 50.279667,26.08376,0 50.938347,24.530437,0 51.20341,24.47076,0 51.57372,24.704721,0 51.591408,24.119733,0 52.583333,22.933333,0 55.194566985115,22.708141182969,0 55.666667,22,0 55.016667,20,0 52,19,0 49.116667,18.616667,0 48.183333,18.166667,0 47.183333,16.95,0 46.75,17.283333,0 45.216667,17.433333,0 43.910442,17.304667,0 43.336186,17.588208,0 43.148583,16.931578,0 43.266878,16.74255,0 42.947347,16.404283,0 41.783333,16.29,0 42,16,0 41.663056,15.665278,0 41,16,0 38.5,20,0 37.88638888888889,22.2925,0 34.972500000000004,26.677222222222223,0 34.455555555555556,27.911388888888887,0 34.76305555555555,29.058333333333334,0 34.96194444444445,29.357222222222223,0 36.066667,29.191667,0 36.75,29.866667,0 37.5,30,0 38,30.5,0 37,31.5,0 39.201944,32.153889,0 40.416667,31.95,0 42.083333,31.116667,0 44.716667,29.2,0 47.466667,29,0 47.708333,28.525,0 48.684167,28.544722,0</coordinates></LinearRing></outerBoundaryIs>
    </Polygon>
  </MultiGeometry>
</Placemark>
<Placemark>
  <name>OEJN</name>
  <description>EMEA</description>
  <styleUrl>#fir</styleUrl>
  <MultiGeometry>
    <Polygon>
      <outerBoundaryIs><LinearRing><coordinates>37.538030555556,23.176595277778,0 38.645,23.756666666667,0 40.371666666667,23.453333333333,0 40.936375833333,22.925828888889,0 41.336485277778,22.023113333333,0 41.336485277778,21.371948611111,0 40.936375833333,20.478894166667,0 39.006457646273,19.195046598034,0 38.5,20,0 37.88638888888889,22.2925,0 37.36527777777778,23.015,0 37.538030555556,23.176595277778,0</coordinates></LinearRing></outerBoundaryIs>
    </Polygon>
  </MultiGeometry>
</Placemark>
<Placemark>
  <name>OERD</name>
  <description>EMEA</description>
  <styleUrl>#fir</styleUrl>
  <MultiGeometry>
    <Polygon>
      <outerBoundaryIs><LinearRing><coordinates>34.96194444444445,29.357222222222223,0 36.066667,29.191667,0 36.75,29.866667,0 37.5,30,0 38,30.5,0 37,31.5,0 39.201944,32.153889,0 40.416667,31.95,0 42.083333,31.116667,0 44.716667,29.2,0 47.466667,29,0 47.708333,28.525,0 48.684167,28.544722,0 49.130656,27.823578,0 50.470767,26.583173,0 50.279667,26.08376,0 50.909167,24.581389,0 50.157323,24.358473,0 48.995,24.443889,0 48.616596,23.651186,0 47.801859,23.027617,0 47.145833,22.826667,0 46.049864,22.904697,0 44.902293,23.651186,0 44.464304,24.868568,0 40.940833,25.095833,0 40.718056,25.402222,0 41.152026,26.952918,0 39.538611,27.242778,0 34.692499999999995,28.714444444444442,0 34.96194444444445,29.357222222222223,0</coordinates></LinearRing></outerBoundaryIs>
    </Polygon>
  </MultiGeometry>
</Placemark>
<Placemark>
  <name>OERK</name>
  <description>EMEA</description>
  <styleUrl>#fir</styleUrl>
  <MultiGeometry>
    <Polygon>
      <outerBoundaryIs><LinearRing><coordinates>48.995,24.443889,0 48.616596,23.651186,0 48.108967,23.195939,0 47.145833,22.826667,0 46.400218,22.829402,0 45.409922,23.195939,0 44.902293,23.651186,0 44.492531,24.543426,0 44.500277777777775,25.252222222222223,0 44.91416666666667,26.136944444444445,0 46.5175,26.233333333333334,0 48.38805555555555,25.685555555555556,0 48.995,24.443889,0</coordinates></LinearRing></outerBoundaryIs>
    </Polygon>
  </MultiGeometry>
</Placemark>
<Placemark>
  <name>OIIX</name>
  <description>EMEA</description>
  <styleUrl>#fir</styleUrl>
  <MultiGeometry>
    <Polygon>
      <outerBoundaryIs><LinearRing><coordinates>60.683031,34.317683,0 60.466369,34.101019,0 60.666367,33.517697,0 60.883028,33.517697,0 60.566372,33.151036,0 60.8497,32.20105,0 60.833036,31.484394,0 61.71635,31.367731,0 61.81635,30.984403,0 60.864353,29.863164,0 61.848472,28.556253,0 62.745936,28.243314,0 62.837883,27.211908,0 63.305011,27.221486,0 63.2057,26.627547,0 62.422247,26.586042,0 61.789603,26.158156,0 61.434675,24.661311,0 57.5,25.0,0 56.75,25.583333,0 56.75,26.166667,0 56.45,26.683333,0 55.333333,25.633333,0 51.166667,26.916667,0 49.450833,29.003056,0 49.6675,29.219722,0 48.466667,29.95,0 48.016667,30.466667,0 48.016658,30.982281,0 47.683317,30.982281,0 47.849986,31.782292,0 47.433311,32.3823,0 46.083278,32.965642,0 46.166611,33.165647,0 45.933272,33.548986,0 45.383258,33.965658,0 45.516594,34.615669,0 45.7166,34.565669,0 45.7666,34.915675,0 46.149944,35.099011,0 45.966606,35.682356,0 46.333281,35.799025,0 45.349922,35.965694,0 45.216586,36.415703,0 44.983247,36.532372,0 44.566567,37.749064,0 44.216558,37.899067,0 44.466564,38.349075,0 44.299892,38.365742,0 44.01655,39.415764,0 44.383228,39.415767,0 44.449894,39.682439,0 44.7,39.783333,0 45.466667,38.983333,0 46.15,38.85,0 46.55,38.883333,0 48.0,39.716667,0 48.4,39.366667,0 48.166667,39.283333,0 48.4,39.0,0 48.033333,38.883333,0 48.633333,38.416667,0 53.916667,37.35,0 54.75,37.533333,0 54.8,37.733333,0 55.5,38.083333,0 57.216667,38.283333,0 57.483333,37.916667,0 59.332222,37.505833,0 59.531942,37.126667,0 60.055,37.002778,0 60.350303,36.632361,0 61.143656,36.660692,0 61.266667,35.6,0 60.966356,34.651011,0 60.716364,34.534347,0 60.899692,34.317683,0 60.683031,34.317683,0</coordinates></LinearRing></outerBoundaryIs>
    </Polygon>
  </MultiGeometry>
</Placemark>
<Placemark>
  <name>OJAC</name>
  <description>EMEA</description>
  <styleUrl>#fir</styleUrl>
  <MultiGeometry>
    <Polygon>
      <outerBoundaryIs><LinearRing><coordinates>35.566358,32.382286,0 35.563125,32.644858,0 35.791667,32.75,0 36.833333,32.3,0 38.793603,33.374642,0 39.043656,32.30405,0 39.30095,32.229175,0 39.0,32.0,0 37.0,31.5,0 38.0,30.5,0 37.5,30.0,0 36.75,29.866667,0 36.066667,29.191667,0 34.933490555556,29.466668888889,0 35.495275,31.120053,0 35.566358,32.382286,0</coordinates></LinearRing></outerBoundaryIs>
    </Polygon>
  </MultiGeometry>
</Placemark>
<Placemark>
  <name>OKAC</name>
  <description>EMEA</description>
  <styleUrl>#fir</styleUrl>
  <MultiGeometry>
    <Polygon>
      <outerBoundaryIs><LinearRing><coordinates>48.433333,28.541111,0 47.708333,28.525,0 47.466667,29.0,0 46.555278,29.101111,0 47.371389,30.103611,0 48.749957,29.8528,0 49.6675,29.219722,0 49.450833,29.003056,0 49.66906,28.712181,0 48.866238,28.236056,0 48.684167,28.544722,0 48.433333,28.541111,0</coordinates></LinearRing></outerBoundaryIs>
    </Polygon>
  </MultiGeometry>
</Placemark>
<Placemark>
  <name>OLBB</name>
  <description>EMEA</description>
  <styleUrl>#fir</styleUrl>
  <MultiGeometry>
    <Polygon>
      <outerBoundaryIs><LinearRing><coordinates>36.433631,34.584344,0 36.583625,34.28435,0 36.283631,33.917689,0 36.383628,33.838525,0 36.066969,33.817692,0 35.933639,33.651028,0 36.066969,33.584361,0 35.506847,33.092611,0 34.858204,33.097922,0 34.543173,33.733574,0 34.746199,34.329704,0 35.217809,34.595771,0 36.433631,34.584344,0</coordinates></LinearRing></outerBoundaryIs>
    </Polygon>
  </MultiGeometry>
</Placemark>
<Placemark>
  <name>OMAE</name>
  <description>EMEA</description>
  <styleUrl>#fir</styleUrl>
  <MultiGeometry>
    <Polygon>
      <outerBoundaryIs><LinearRing><coordinates>53.427618448867825,25.913088200887856,0 53.090463345696364,26.0906021725945,0 53.512808990944436,26.20052716655667,0 55.333333,25.633333,0 56.1,26.35,0 56.216667,25.6,0 56.555941800386066,25.451396556089655,0 56.498922659636335,24.91589831656717,0 56.86162125181639,24.69752798139018,0 56.53628613721203,24.359006406068577,0 56.207107767557886,24.623774722844672,0 55.583333,24.0,0 55.132168939551676,22.643213094817835,0 52.583333,22.933333,0 51.783333,24.05,0 52.681147308096705,25.257417585792243,0 52.33607425137214,25.43119876657511,0 52.4821779000794,25.641283316097,0 52.77748179080805,25.486987904943323,0 53.427618448867825,25.913088200887856,0</coordinates></LinearRing></outerBoundaryIs>
    </Polygon>
  </MultiGeometry>
</Placemark>
<Placemark>
  <name>OOMM</name>
  <description>EMEA</description>
  <styleUrl>#fir</styleUrl>
  <MultiGeometry>
    <Polygon>
      <outerBoundaryIs><LinearRing><coordinates>56.1,26.35,0 56.498922659636335,24.91589831656717,0 55.583333,24.0,0 55.19456698511533,22.70814118296937,0 55.666667,22.0,0 55.016667,20.0,0 52.0,19.0,0 53.5,15.666667,0 57.0,17.666667,0 60.0,19.8,0 64.49532,23.49615,0 61.435292,23.496539,0 61.434675,24.661311,0 57.5,25.0,0 56.75,25.583333,0 56.75,26.166667,0 56.45,26.683333,0 56.1,26.35,0</coordinates></LinearRing></outerBoundaryIs>
    </Polygon>
  </MultiGeometry>
</Placemark>
<Placemark>
  <name>OPKR</name>
  <description>APAC</description>
  <styleUrl>#fir</styleUrl>
  <MultiGeometry>
    <Polygon>
      <outerBoundaryIs><LinearRing><coordinates>66.312528,30.003306,0 66.239911,29.838022,0 64.010639,29.402506,0 62.481119,29.408831,0 60.864353,29.863164,0 61.848472,28.556253,0 62.745936,28.243314,0 62.837883,27.211908,0 63.305011,27.221486,0 63.2057,26.627547,0 62.422247,26.586042,0 61.789603,26.158156,0 61.434675,24.661311,0 61.435292,23.496539,0 68.266719,23.496508,0 68.346808,23.925522,0 68.748125,23.963067,0 68.787672,24.350567,0 69.859944,24.132864,0 70.240625,24.354592,0 70.577497,24.398839,0 70.617042,24.224531,0 71.094528,24.394819,0 70.653658,25.720897,0 70.264053,25.692739,0 70.088294,26.061464,0 70.184964,26.581706,0 69.445303,26.821714,0 69.5666667,27.1166667,0 68.6666667,27.65,0 67.8166667,29.5,0 67.0333333,30.0,0 66.312528,30.003306,0</coordinates></LinearRing></outerBoundaryIs>
    </Polygon>
  </MultiGeometry>
</Placemark>
<Placemark>
  <name>OPLR</name>
  <description>APAC</description>
  <styleUrl>#fir</styleUrl>
  <MultiGeometry>
    <Polygon>
      <outerBoundaryIs><LinearRing><coordinates>74.45,36.966667,0 72.550744,36.833761,0 71.619764,36.453358,0 71.187919,36.103172,0 71.472125,35.821381,0 71.629078,35.15425,0 70.965233,34.483717,0 71.071281,34.025381,0 69.951431,34.049142,0 69.868717,33.889572,0 70.339561,33.322597,0 69.503914,33.037406,0 69.262133,32.400833,0 69.323642,31.874594,0 68.857033,31.5962,0 68.549497,31.845739,0 68.131675,31.784622,0 67.5972,31.434931,0 67.771111,31.370425,0 66.882442,31.285547,0 66.369178,30.856069,0 66.258881,30.042944,0 67.0333333,30.0,0 67.8166667,29.5,0 68.6666667,27.65,0 69.5666667,27.1166667,0 70.353394,28.052592,0 70.662439,27.931919,0 70.737139,27.697275,0 71.870783,27.949353,0 72.5255,28.88525,0 72.970753,29.016656,0 73.391825,29.895122,0 73.970828,30.195714,0 73.873061,30.382472,0 74.617503,31.075078,0 74.496603,31.767672,0 75.376789,32.214136,0 74.659911,32.519686,0 74.695964,32.838819,0 74.409636,32.743761,0 73.966356,33.234339,0 74.206019,33.499158,0 73.959989,33.750392,0 74.320542,33.977869,0 73.892117,34.062742,0 74.0024,34.271539,0 73.777583,34.427739,0 74.070267,34.710442,0 74.526267,34.763125,0 75.815794,34.489214,0 76.432981,34.791236,0 76.918675,34.659547,0 76.950486,34.912397,0 77.85,35.516667,0 77.383333,35.466667,0 76.766667,35.666667,0 76.583333,35.916667,0 76.166667,35.833333,0 75.933333,36.133333,0 75.933333,36.616667,0 75.466667,36.716667,0 75.4,36.95,0 74.683333,37.091667,0 74.45,36.966667,0</coordinates></LinearRing></outerBoundaryIs>
    </Polygon>
  </MultiGeometry>
</Placemark>
<Placemark>
  <name>ORBB</name>
  <description>EMEA</description>
  <styleUrl>#fir</styleUrl>
  <MultiGeometry>
    <Polygon>
      <outerBoundaryIs><LinearRing><coordinates>39.201944,32.153889,0 38.793603,33.374642,0 41.0,34.416667,0 41.233333,34.783333,0 41.4,36.516667,0 41.816669,36.583333,0 42.791667,37.35,0 43.883333,37.183333,0 44.033333,37.3,0 44.233333,37.241667,0 44.270833,36.933333,0 44.757369,37.166172,0 45.349922,35.965694,0 46.333281,35.799025,0 45.966606,35.682356,0 46.149944,35.099011,0 45.7666,34.915675,0 45.7166,34.565669,0 45.516594,34.615669,0 45.383258,33.965658,0 45.933272,33.548986,0 46.166611,33.165647,0 46.083278,32.965642,0 47.433311,32.3823,0 47.849986,31.782292,0 47.683317,30.982281,0 48.016658,30.982281,0 48.016667,30.466667,0 48.749957,29.8528,0 47.371389,30.103611,0 46.555278,29.101111,0 44.716667,29.2,0 42.083333,31.116667,0 40.416667,31.95,0 39.201944,32.153889,0</coordinates></LinearRing></outerBoundaryIs>
    </Polygon>
  </MultiGeometry>
</Placemark>
<Placemark>
  <name>OSTT</name>
  <description>EMEA</description>
  <styleUrl>#fir</styleUrl>
  <MultiGeometry>
    <Polygon>
      <outerBoundaryIs><LinearRing><coordinates>35.708333,34.638889,0 35.533333,35.75,0 35.666667,35.916667,0 36.183333,35.775,0 36.425,35.983333,0 36.416667,36.216667,0 36.716667,36.2625,0 36.658333,36.825,0 37.066667,36.604167,0 38.25,36.883333,0 39.233333,36.641667,0 40.816667,37.0875,0 41.6,37.058333,0 42.216667,37.258333,0 42.341667,37.083333,0 41.3,36.35,0 41.383333,35.633333,0 41.0,34.416667,0 36.833333,32.3,0 35.908347,32.721089,0 35.563125,32.644858,0 35.616044,33.247928,0 36.066969,33.584361,0 35.933639,33.651028,0 36.066969,33.817692,0 36.383628,33.838525,0 36.283631,33.917689,0 36.583625,34.28435,0 36.433631,34.584344,0 35.708333,34.638889,0</coordinates></LinearRing></outerBoundaryIs>
    </Polygon>
  </MultiGeometry>
</Placemark>
<Placemark>
  <name>OTDF</name>
  <description>EMEA</description>
  <styleUrl>#fir</styleUrl>
  <MultiGeometry>
    <Polygon>
      <outerBoundaryIs><LinearRing><coordinates>50.564544,25.563594,0 50.818369,25.546221,0 51.072199,26.362077,0 51.645432,26.23721,0 51.732978,26.74413,0 53.95,26.066667,0 53.1,25.816667,0 52.373112,24.844478,0 51.20341,24.47076,0 50.938347,24.530437,0 50.564544,25.563594,0</coordinates></LinearRing></outerBoundaryIs>
    </Polygon>
  </MultiGeometry>
</Placemark>
<Placemark>
  <name>OYSC</name>
  <description>EMEA</description>
  <styleUrl>#fir</styleUrl>
  <MultiGeometry>
    <Polygon>
      <outerBoundaryIs><LinearRing><coordinates>52.0,19.0,0 53.5,15.666667,0 57.0,17.666667,0 60.0,19.8,0 59.999594,12.000714,0 51.582714,12.000697,0 50.766025,12.184033,0 44.240836,11.762083,0 44.050956,12.167428,0 43.2,12.75,0 42.25,15.366667,0 41.663056,15.665278,0 42.0,16.0,0 41.783333,16.29,0 42.819247,16.364486,0 43.226542,16.653008,0 43.336186,17.588208,0 43.910442,17.304667,0 45.216667,17.433333,0 46.75,17.283333,0 47.183333,16.95,0 48.183333,18.166667,0 49.116667,18.616667,0 52.0,19.0,0</coordinates></LinearRing></outerBoundaryIs>
    </Polygon>
  </MultiGeometry>
</Placemark>
<Placemark>
  <name>PAZA</name>
  <description>AMAS</description>
  <styleUrl>#fir</styleUrl>
  <MultiGeometry>
    <Polygon>
      <outerBoundaryIs><LinearRing><coordinates>-168.973056,90.0,0 -141.0,90.0,0 -141.0,62.0,0 -139.183333,60.35,0 -135.033333,59.566667,0 -132.083333,57.0,0 -131.8,54.491667,0 -132.833333,54.583333,0 -134.0,54.108333,0 -136.0,54.0,0 -137.0,53.3675,0 -151.75,56.761667,0 -153.0,56.0,0 -160.0,53.5,0 -167.816667,51.4,0 -180,49.678889,0 -180.0,60.0,0 -177.751666,61.366666,0 -168.973056,65.0,0 -168.973056,90.0,0</coordinates></LinearRing></outerBoundaryIs>
    </Polygon>
    <Polygon>
      <outerBoundaryIs><LinearRing><coordinates>169.0,54.0,0 170.2,54.816667,0 180.0,60.0,0 180,49.678889,0 162.916667,45.7,0 159.0,50.083333,0 169.0,54.0,0</coordinates></LinearRing></outerBoundaryIs>
    </Polygon>
  </MultiGeometry>
</Placemark>
<Placemark>
  <name>PGZU</name>
  <description>AMAS</description>
  <styleUrl>#fir</styleUrl>
  <MultiGeometry>
    <Polygon>
      <outerBoundaryIs><LinearRing><coordinates>149.127534,13.544721,0 148.869065,14.969805,0 147.872233,16.491,0 146.30752,17.460108,0 144.841666,17.711388,0 143.375813,17.460108,0 141.811101,16.491,0 140.957351,15.305631,0 140.555799,13.544722,0 140.802971,12.119638,0 141.8111,10.598443,0 143.030381,9.768439,0 144.841666,9.378055,0 146.310497,9.629336,0 147.872233,10.598443,0 148.725982,11.783812,0 149.127534,13.544721,0</coordinates></LinearRing></outerBoundaryIs>
    </Polygon>
  </MultiGeometry>
</Placemark>
<Placemark>
  <name>PHZH</name>
  <description>AMAS</description>
  <styleUrl>#fir</styleUrl>
  <MultiGeometry>
    <Polygon>
      <outerBoundaryIs><LinearRing><coordinates>-150.0,20.0,0 -152.333333,18.75,0 -153.85,19.166667,0 -156.0,17.0,0 -160.0,17.0,0 -164.0,20.0,0 -164.0,24.0,0 -161.333333,26.2,0 -155.589167,26.0325,0 -151.565,22.501667,0 -150.0,20.0,0</coordinates></LinearRing></outerBoundaryIs>
    </Polygon>
  </MultiGeometry>
</Placemark>
<Placemark>
  <name>RCAA</name>
  <description>APAC</description>
  <styleUrl>#fir</styleUrl>
  <MultiGeometry>
    <Polygon>
      <outerBoundaryIs><LinearRing><coordinates>117.5,21.0,0 117.5,23.0,0 120.0,25.0,0 124.0,29.0,0 124.0,23.3,0 121.3,21.0,0 117.5,21.0,0</coordinates></LinearRing></outerBoundaryIs>
    </Polygon>
  </MultiGeometry>
</Placemark>
<Placemark>
  <name>RJBG</name>
  <description>APAC</description>
  <styleUrl>#fir</styleUrl>
  <MultiGeometry>
    <Polygon>
      <outerBoundaryIs><LinearRing><coordinates>137.154167,38.416667,0 134.831667,36.683056,0 133.253333,36.747222,0 132.72,35.705,0 132.777778,35.419445,0 129.771507,35.114587,0 129.166667,34.666667,0 128.16724,33.367411,0 128.985556,33.133333,0 128.534823,32.679551,0 128.674137,32.458995,0 128.997778,32.420278,0 128.997778,30.003611,0 125.759445,27.730833,0 127.789445,26.488056,0 129.723611,26.458611,0 131.656389,29.460833,0 131.349722,30.003611,0 134.998333,32.596389,0 134.901389,34.307222,0 135.1025,34.507222,0 137.710278,35.1675,0 137.798333,35.685556,0 138.310556,36.153889,0 138.633333,37.063889,0 138.076389,37.188056,0 137.154167,38.416667,0</coordinates></LinearRing></outerBoundaryIs>
    </Polygon>
  </MultiGeometry>
</Placemark>
<Placemark>
  <name>RJDG</name>
  <description>APAC</description>
  <styleUrl>#fir</styleUrl>
  <MultiGeometry>
    <Polygon>
      <outerBoundaryIs><LinearRing><coordinates>141.996111,45.751944,0 139.996389,45.751944,0 135.930278,40.5025,0 132.997222,38.002778,0 132.997222,37.502778,0 129.166667,34.666667,0 127.5,32.5,0 126.833333,32.5,0 125.416667,30,0 124,30,0 124,23.3,0 121.3,21,0 127.060556,21,0 129.738333,24.584722,0 130.579167,25.093333,0 131.951111,26.756389,0 132.074722,27.389167,0 133.430278,28.831389,0 132.293889,29.527778,0 134.997222,31.383056,0 135.736111,31.161945,0 136.013889,30.503611,0 140.330278,30.503889,0 141.096945,31.503611,0 141.096667,32.618056,0 141.871667,32.618056,0 141.753333,33.616389,0 142.466667,33.279445,0 144.282222,33.287222,0 145.668333,35.846667,0 145.663611,38.454445,0 143.246945,39.289445,0 143.882778,39.945556,0 144.012778,41.002778,0 146.59372,43.077713,0 145.366667,43.5,0 145.316667,44.05,0 145.666667,44.5,0 141.996111,45.751944,0</coordinates></LinearRing></outerBoundaryIs>
    </Polygon>
  </MultiGeometry>
</Placemark>
<Placemark>
  <name>RJTG</name>
  <description>APAC</description>
  <styleUrl>#fir</styleUrl>
  <MultiGeometry>
    <Polygon>
      <outerBoundaryIs><LinearRing><coordinates>140.132222,45.586111,0 139.063056,44.297778,0 138.461667,39.886111,0 138.19,39.503611,0 137.246945,39.502778,0 136.696945,39.136111,0 138.076389,37.188056,0 138.633333,37.063889,0 138.310556,36.153889,0 137.798333,35.685556,0 137.710278,35.1675,0 135.1025,34.507222,0 134.901389,34.307222,0 134.998333,32.596389,0 135.628889,33.107222,0 136.400278,33.273333,0 137.040556,32.880278,0 137.449445,31.938889,0 138.396389,31.965,0 138.327222,30.521667,0 140.330278,30.503889,0 141.096945,31.503611,0 141.096667,32.618056,0 141.871667,32.618056,0 141.67,34.308333,0 142.9225,34.054722,0 143.288333,35.443611,0 143.996389,37.003333,0 143.725,37.493056,0 141.451111,36.946389,0 141.816667,37.954722,0 142.933333,39.002778,0 141.829722,39.002778,0 142.179722,39.802778,0 143.929445,40.552778,0 144.012778,41.002778,0 146.514722,43.016945,0 145.340024,43.467608,0 145.129167,44.098056,0 141.943333,45.585556,0 140.132222,45.586111,0</coordinates></LinearRing></outerBoundaryIs>
    </Polygon>
  </MultiGeometry>
</Placemark>
<Placemark>
  <name>RKDA</name>
  <description>APAC</description>
  <styleUrl>#fir</styleUrl>
  <MultiGeometry>
    <Polygon>
      <outerBoundaryIs><LinearRing><coordinates>124,38,0 124.85,38,0 124.955555,37.75833277777778,0 125.32606333333332,37.616661666666666,0 126.59166666666667,37.77222222222222,0 127.1416663888889,38.31944388888889,0 128.1361111111111,38.33888833333334,0 128.36666666666667,38.63333333333333,0 133.647211,38.6361,0 132.997222,38.002778,0 132.997222,37.502778,0 129.166667,34.666667,0 128.4595,33.75398,0 127.33138888888888,33.62555555555556,0 127.31444444444445,35.153055555555554,0 127.64777777777779,35.219722222222224,0 127.83111111111111,35.503055555555555,0 127.61444444444444,35.753055555555555,0 127.61444444444444,36.20305555555556,0 127.19111111111111,36.73861111111111,0 127.56083333333333,36.971111111111114,0 127.23111111111112,37.11944444444445,0 125.80611111111111,36.947222222222216,0 125.6,36.90861111111111,0 125.6,36.333333333333336,0 124,36.333333333333336,0 124,38,0</coordinates></LinearRing></outerBoundaryIs>
    </Polygon>
  </MultiGeometry>
</Placemark>
<Placemark>
  <name>RKRR</name>
  <description>APAC</description>
  <styleUrl>#fir</styleUrl>
  <MultiGeometry>
    <Polygon>
      <outerBoundaryIs><LinearRing><coordinates>124,38,0 124.85,38,0 124.955555,37.75833277777778,0 125.32606333333332,37.616661666666666,0 126.59166666666667,37.77222222222222,0 127.1416663888889,38.31944388888889,0 128.1361111111111,38.33888833333334,0 128.36666666666667,38.63333333333333,0 133.647211,38.6361,0 132.997222,38.002778,0 132.997222,37.502778,0 129.166667,34.666667,0 127.5,32.5,0 126.833333,32.5,0 125.416667,30,0 124,30,0 124,38,0</coordinates></LinearRing></outerBoundaryIs>
    </Polygon>
  </MultiGeometry>
</Placemark>
<Placemark>
  <name>RPHI</name>
  <description>APAC</description>
  <styleUrl>#fir</styleUrl>
  <MultiGeometry>
    <Polygon>
      <outerBoundaryIs><LinearRing><coordinates>114.0,16.666667,0 117.5,21.0,0 130.0,21.0,0 130.0,7.0,0 132.533333,4.0,0 120.0,4.0,0 117.5,7.5,0 114.0,10.5,0 114.0,16.666667,0</coordinates></LinearRing></outerBoundaryIs>
    </Polygon>
  </MultiGeometry>
</Placemark>
<Placemark>
  <name>SACF</name>
  <description>AMAS</description>
  <styleUrl>#fir</styleUrl>
  <MultiGeometry>
    <Polygon>
      <outerBoundaryIs><LinearRing><coordinates>-62.667153,-22.250431,0 -62.0,-23.25,0 -61.816667,-26.816667,0 -60.6,-30.133333,0 -60.2,-30.216667,0 -63.283333,-34.033333,0 -64.5,-33.8,0 -65.883333,-33.116667,0 -67.25,-30.883333,0 -69.65,-28.391667,0 -69.183333,-27.875,0 -68.816667,-27.016667,0 -68.366667,-26.966667,0 -68.65,-26.383333,0 -68.4,-26.158333,0 -68.683333,-25.266667,0 -68.416667,-25.066667,0 -68.666667,-24.7,0 -67.35,-24.016667,0 -67.016667,-23.0,0 -67.216667,-22.75,0 -66.733333,-22.2,0 -66.366667,-22.091667,0 -66.216667,-21.716667,0 -65.733333,-22.041667,0 -64.558333,-22.208333,0 -64.333333,-22.791667,0 -63.925,-21.975,0 -62.808333,-21.983333,0 -62.667153,-22.250431,0</coordinates></LinearRing></outerBoundaryIs>
    </Polygon>
  </MultiGeometry>
</Placemark>
<Placemark>
  <name>SACO</name>
  <description>AMAS</description>
  <styleUrl>#fir</styleUrl>
  <MultiGeometry>
    <Polygon>
      <outerBoundaryIs><LinearRing><coordinates>-64.203,-30.378667,0 -65.019824,-30.720191,0 -65.261399,-31.466838,0 -65.030108,-31.898573,0 -63.832619,-32.172854,0 -63.269265,-31.766957,0 -63.148172,-31.148511,0 -63.518405,-30.607976,0 -64.203,-30.378667,0</coordinates></LinearRing></outerBoundaryIs>
    </Polygon>
  </MultiGeometry>
</Placemark>
<Placemark>
  <name>SAEF</name>
  <description>AMAS</description>
  <styleUrl>#fir</styleUrl>
  <MultiGeometry>
    <Polygon>
      <outerBoundaryIs><LinearRing><coordinates>-60.2,-30.216667,0 -57.761667,-30.7,0 -58.516667,-33.833333,0 -57.833333,-34.583333,0 -53.196389,-36.758333,0 -45.0,-40.0,0 -44.5,-39.0,0 -10.0,-39.0,0 -10.0,-46.0,0 -45.0,-46.0,0 -63.116667,-39.283333,0 -70.448908,-41.309472,0 -71.854864,-41.437344,0 -71.716667,-39.65,0 -71.433333,-38.933333,0 -70.9,-38.5,0 -64.833333,-35.9,0 -64.5,-33.8,0 -63.283333,-34.033333,0 -60.2,-30.216667,0</coordinates></LinearRing></outerBoundaryIs>
    </Polygon>
  </MultiGeometry>
</Placemark>
<Placemark>
  <name>SAME</name>
  <description>AMAS</description>
  <styleUrl>#fir</styleUrl>
  <MultiGeometry>
    <Polygon>
      <outerBoundaryIs><LinearRing><coordinates>-69.876111,-32.782778,0 -69.624025,-32.238569,0 -68.847108,-31.914203,0 -68.090431,-32.126089,0 -67.70155,-32.827372,0 -67.956253,-33.419994,0 -68.734167,-33.732778,0 -68.7675,-33.999444,0 -70.101111,-32.799444,0 -69.876111,-32.782778,0</coordinates></LinearRing></outerBoundaryIs>
    </Polygon>
  </MultiGeometry>
</Placemark>
<Placemark>
  <name>SAMF</name>
  <description>AMAS</description>
  <styleUrl>#fir</styleUrl>
  <MultiGeometry>
    <Polygon>
      <outerBoundaryIs><LinearRing><coordinates>-69.65,-28.5,0 -67.25,-30.883333,0 -65.883333,-33.116667,0 -64.5,-33.8,0 -64.833333,-35.9,0 -70.9,-38.5,0 -71.208333,-37.683333,0 -71.208333,-36.891667,0 -71.033333,-36.441667,0 -70.45,-36.016667,0 -70.758333,-35.233333,0 -69.908333,-34.066667,0 -69.916667,-33.525,0 -70.583333,-31.516667,0 -70.0,-30.15,0 -70.008333,-29.333333,0 -69.65,-28.5,0</coordinates></LinearRing></outerBoundaryIs>
    </Polygon>
  </MultiGeometry>
</Placemark>
<Placemark>
  <name>SARE</name>
  <description>AMAS</description>
  <styleUrl>#fir</styleUrl>
  <MultiGeometry>
    <Polygon>
      <outerBoundaryIs><LinearRing><coordinates>-58.779531,-26.558759,0 -58.353787,-25.989983,0 -57.972161,-26.105556,0 -58.550066,-27.042026,0 -58.427961,-27.272304,0 -58.044111,-27.25086,0 -58.087636,-27.752958,0 -58.703983,-28.3057,0 -59.40935,-28.3057,0 -59.949725,-27.898794,0 -60.025697,-27.123653,0 -59.572261,-26.643894,0 -58.779531,-26.558759,0</coordinates></LinearRing></outerBoundaryIs>
    </Polygon>
  </MultiGeometry>
</Placemark>
<Placemark>
  <name>SARR</name>
  <description>AMAS</description>
  <styleUrl>#fir</styleUrl>
  <MultiGeometry>
    <Polygon>
      <outerBoundaryIs><LinearRing><coordinates>-62.667153,-22.250431,0 -60.916667,-23.833333,0 -59.983333,-24.008333,0 -58.393661,-24.981697,0 -57.716667,-25.2,0 -57.566667,-25.433333,0 -57.867369,-26.018231,0 -58.150478,-26.183783,0 -58.185745,-26.639207,0 -58.550066,-27.042026,0 -58.427961,-27.272304,0 -56.6,-27.433333,0 -56.383808,-27.600458,0 -56.066667,-27.283333,0 -55.750472,-27.433794,0 -54.783794,-26.600464,0 -54.583789,-25.583794,0 -54.0,-25.75,0 -53.666667,-26.166667,0 -53.8,-27.033333,0 -55.816667,-28.25,0 -57.616667,-30.25,0 -57.761667,-30.7,0 -60.6,-30.133333,0 -61.816667,-26.816667,0 -62.0,-23.25,0 -62.667153,-22.250431,0</coordinates></LinearRing></outerBoundaryIs>
    </Polygon>
  </MultiGeometry>
</Placemark>
<Placemark>
  <name>SAVC</name>
  <description>AMAS</description>
  <styleUrl>#fir</styleUrl>
  <MultiGeometry>
    <Polygon>
      <outerBoundaryIs><LinearRing><coordinates>-67.371667,-46.689569,0 -68.374772,-46.357853,0 -68.661278,-45.606986,0 -68.026378,-44.977856,0 -66.923822,-44.911317,0 -66.237622,-45.309592,0 -66.082056,-45.925172,0 -66.529972,-46.472089,0 -67.371667,-46.689569,0</coordinates></LinearRing></outerBoundaryIs>
    </Polygon>
  </MultiGeometry>
</Placemark>
<Placemark>
  <name>SAVF</name>
  <description>AMAS</description>
  <styleUrl>#fir</styleUrl>
  <MultiGeometry>
    <Polygon>
      <outerBoundaryIs><LinearRing><coordinates>-63.116667,-39.283333,0 -45.0,-46.0,0 -10.0,-46.0,0 -10.0,-90.0,0 -53.0,-90.0,0 -53.0,-58.351667,0 -67.266667,-58.351667,0 -67.266667,-56.38,0 -65.726667,-56.38,0 -65.726667,-55.381667,0 -67.116667,-54.933333,0 -68.6,-54.9,0 -68.55,-52.291667,0 -70.0,-52.0,0 -71.933333,-52.0,0 -72.45,-51.566667,0 -72.383333,-50.683333,0 -73.166667,-50.8,0 -73.541667,-50.15,0 -73.466667,-49.3,0 -72.6,-48.783333,0 -72.608333,-48.45,0 -72.366667,-48.316667,0 -72.55,-47.925,0 -71.7,-46.616667,0 -71.9,-46.133333,0 -71.6,-45.966667,0 -71.733333,-45.6,0 -71.466667,-45.45,0 -72.083333,-44.733333,0 -71.3,-44.716667,0 -71.15,-44.5,0 -71.933333,-44.383333,0 -71.733333,-43.666667,0 -72.033333,-43.383333,0 -71.766667,-43.233333,0 -72.15,-43.075,0 -72.116667,-42.133333,0 -71.766667,-42.133333,0 -71.854864,-41.437344,0 -70.448908,-41.309472,0 -63.116667,-39.283333,0</coordinates></LinearRing></outerBoundaryIs>
    </Polygon>
  </MultiGeometry>
</Placemark>
<Placemark>
  <name>SBAZ</name>
  <description>AMAS</description>
  <styleUrl>#fir</styleUrl>
  <MultiGeometry>
    <Polygon>
      <outerBoundaryIs><LinearRing><coordinates>-54.123333,-17.405833,0 -57.7127,-17.8333,0 -57.82739,-17.466635,0 -58.23821,-17.339161,0 -58.46433,-16.881275,0 -58.342167,-16.333667,0 -60.15,-16.25,0 -60.225,-15.458333,0 -60.516667,-15.133333,0 -60.383333,-15.133333,0 -60.383333,-13.841667,0 -61.05,-13.45,0 -61.816667,-13.5,0 -62.116667,-13.125,0 -62.825,-12.916667,0 -63.083333,-12.625,0 -64.0,-12.333333,0 -64.416667,-12.4,0 -65.291667,-11.383333,0 -65.266667,-9.816667,0 -65.416667,-9.608333,0 -65.583333,-9.791667,0 -66.458706,-9.828194,0 -68.568775,-11.098147,0 -70.6,-10.966667,0 -70.466667,-9.366667,0 -71.316667,-9.966667,0 -72.1,-9.975,0 -72.25,-9.516667,0 -73.183333,-9.4,0 -72.883333,-9.075,0 -73.933333,-7.583333,0 -73.65,-7.325,0 -73.783333,-7.1,0 -73.641667,-6.8,0 -73.108333,-6.466667,0 -73.158333,-6.05,0 -72.85,-5.2,0 -71.9,-4.558333,0 -70.95,-4.416667,0 -70.783333,-4.216667,0 -70.2,-4.341667,0 -69.933811,-4.21705,0 -69.317142,-1.258708,0 -69.550478,-0.533706,0 -70.000478,-0.200372,0 -70.017144,0.549631,0 -69.100475,0.616297,0 -69.150475,1.0663,0 -69.833811,1.1163,0 -69.833811,1.707967,0 -68.117139,1.716303,0 -68.200472,1.966303,0 -67.933806,1.682969,0 -67.417136,2.132969,0 -67.150469,1.732969,0 -67.092136,1.157967,0 -66.8338,1.182967,0 -66.333333,0.741667,0 -65.267128,0.882967,0 -64.067122,1.632969,0 -64.033789,2.016303,0 -63.367119,2.149639,0 -63.333786,2.466306,0 -63.850456,2.349639,0 -64.217125,2.532972,0 -64.283792,3.182975,0 -64.067125,3.599644,0 -64.167125,3.916311,0 -64.617128,4.216314,0 -62.717119,3.674644,0 -62.750453,3.999647,0 -60.967111,4.52465,0 -60.550444,4.966319,0 -60.666667,5.183333,0 -60.2,5.233333,0 -60.0,5.066667,0 -60.183333,4.533333,0 -59.716667,4.383333,0 -59.566667,3.933333,0 -59.883333,3.6,0 -60.033333,2.833333,0 -59.766667,1.833333,0 -58.816667,1.15,0 -58.45,1.25,0 -58.316667,1.55,0 -57.55,1.666667,0 -57.3,1.966667,0 -55.916667,1.8,0 -56.083333,2.275,0 -55.916667,2.5,0 -55.35,2.4,0 -54.983333,2.541667,0 -54.35,2.158333,0 -53.766667,2.333333,0 -52.933333,2.166667,0 -52.533333,2.533333,0 -51.55,4.416667,0 -41.8556,-2.1744,0 -42.523889,-4.176944,0 -43.386389,-4.703611,0 -44.201389,-6.094444,0 -44.796667,-6.304444,0 -45.780278,-8.143611,0 -46.672222,-8.86,0 -47.150833,-9.530556,0 -47.315278,-10.328611,0 -47.687461,-10.286509,0 -48.006329,-9.723566,0 -48.648941,-9.683729,0 -49.042249,-10.22507,0 -51.086929,-10.513744,0 -53.049722,-12.181662,0 -53.501389,-12.96,0 -53.630123,-14.550303,0 -53.100715,-16.714142,0 -54.123333,-17.405833,0</coordinates></LinearRing></outerBoundaryIs>
    </Polygon>
  </MultiGeometry>
</Placemark>
<Placemark>
  <name>SBBS</name>
  <description>AMAS</description>
  <styleUrl>#fir</styleUrl>
  <MultiGeometry>
    <Polygon>
      <outerBoundaryIs><LinearRing><coordinates>-46.655,-23.6273,0 -47.573,-23.1164,0 -49.9178,-22.3302,0 -51.3619,-20.4271,0 -54.123333,-17.405833,0 -53.100715,-16.714142,0 -53.630123,-14.550303,0 -53.501389,-12.96,0 -53.049722,-12.181662,0 -51.086929,-10.513744,0 -49.042249,-10.22507,0 -48.876072,-9.854089,0 -48.374824,-9.621604,0 -47.812423,-9.903779,0 -47.687461,-10.286509,0 -47.315278,-10.328611,0 -46.891,-12.0218,0 -45.6083,-13.3218,0 -44.0956,-15.6276,0 -41.8206,-16.9483,0 -42.4482,-18.758,0 -42.5269,-20.0033,0 -42.7521,-20.4117,0 -43.3928,-20.1562,0 -43.965,-20.5375,0 -45.7749,-22.7993,0 -45.86,-23.2332,0 -46.655,-23.6273,0</coordinates></LinearRing></outerBoundaryIs>
    </Polygon>
  </MultiGeometry>
</Placemark>
<Placemark>
  <name>SBCW</name>
  <description>AMAS</description>
  <styleUrl>#fir</styleUrl>
  <MultiGeometry>
    <Polygon>
      <outerBoundaryIs><LinearRing><coordinates>-53.366667,-33.75,0 -53.55,-33.7,0 -53.516667,-33.116667,0 -53.166667,-32.733333,0 -54.566667,-31.483333,0 -55.25,-31.266667,0 -55.566667,-30.933333,0 -56.033333,-31.083333,0 -56.033333,-30.85,0 -56.85,-30.116667,0 -57.616667,-30.25,0 -55.816667,-28.25,0 -53.8,-27.033333,0 -53.666667,-26.166667,0 -54.0,-25.75,0 -54.583789,-25.583794,0 -54.25045,-24.067125,0 -54.558783,-23.783792,0 -55.442122,-23.942122,0 -55.800453,-22.267117,0 -57.933797,-22.000444,0 -57.801805,-20.992631,0 -58.167125,-20.167108,0 -57.817122,-19.983775,0 -58.058789,-19.600439,0 -57.45045,-18.233772,0 -57.7127,-17.8333,0 -54.123333,-17.405833,0 -51.3619,-20.4271,0 -49.9178,-22.3302,0 -47.573,-23.1164,0 -46.655,-23.6273,0 -45.86,-23.2332,0 -45.7749,-22.7993,0 -43.965,-20.5375,0 -43.3928,-20.1562,0 -42.0077,-20.6227,0 -40.9756,-20.4061,0 -40.5675,-20.9017,0 -39.8122,-20.745,0 -38.1472,-22.4338,0 -43.75,-26.75,0 -46.8336,-30.4004,0 -50.3972,-34,0 -53,-34,0 -53.366667,-33.75,0</coordinates></LinearRing></outerBoundaryIs>
    </Polygon>
  </MultiGeometry>
</Placemark>
<Placemark>
  <name>SBRE</name>
  <description>AMAS</description>
  <styleUrl>#fir</styleUrl>
  <MultiGeometry>
    <Polygon>
      <outerBoundaryIs><LinearRing><coordinates>-34.417,-12.7023,0 -37.0281,-16.2961,0 -38.2428,-18.6794,0 -37.6728,-18.8625,0 -38.3444,-19.7896,0 -40.2518,-20.9474,0 -40.5675,-20.9017,0 -40.9756,-20.4061,0 -42.0077,-20.6227,0 -42.7521,-20.4117,0 -42.5269,-20.0033,0 -42.4482,-18.758,0 -41.8206,-16.9483,0 -44.0956,-15.6276,0 -45.6083,-13.3218,0 -46.891,-12.0218,0 -47.315278,-10.328611,0 -47.150833,-9.530556,0 -46.672222,-8.86,0 -45.780278,-8.143611,0 -44.796667,-6.304444,0 -44.201389,-6.094444,0 -43.386389,-4.703611,0 -42.523889,-4.176944,0 -40.7822,0.9303,0 -32.1211,-3.2717,0 -29.2431,-3.6192,0 -28.3914,-4.0714,0 -34.417,-12.7023,0</coordinates></LinearRing></outerBoundaryIs>
    </Polygon>
  </MultiGeometry>
</Placemark>
<Placemark>
  <name>SCCZ</name>
  <description>AMAS</description>
  <styleUrl>#fir</styleUrl>
  <MultiGeometry>
    <Polygon>
      <outerBoundaryIs><LinearRing><coordinates>-71.975556,-47.0,0 -72.55,-47.925,0 -72.366667,-48.316667,0 -72.608333,-48.45,0 -72.6,-48.783333,0 -73.466667,-49.3,0 -73.541667,-50.15,0 -73.166667,-50.8,0 -72.383333,-50.683333,0 -72.45,-51.566667,0 -71.916667,-52.0,0 -70.0,-52.0,0 -68.55,-52.291667,0 -68.6,-54.9,0 -67.116667,-54.933333,0 -65.726667,-55.381667,0 -65.726667,-56.38,0 -67.266667,-56.38,0 -67.266667,-58.351667,0 -53.0,-58.351667,0 -53.0,-90.0,0 -90.0,-90.0,0 -90.0,-47.0,0 -71.975556,-47.0,0</coordinates></LinearRing></outerBoundaryIs>
    </Polygon>
  </MultiGeometry>
</Placemark>
<Placemark>
  <name>SCEZ</name>
  <description>AMAS</description>
  <styleUrl>#fir</styleUrl>
  <MultiGeometry>
    <Polygon>
      <outerBoundaryIs><LinearRing><coordinates>-90.0,-28.5,0 -69.65,-28.5,0 -70.008333,-29.333333,0 -70.0,-30.15,0 -70.583333,-31.516667,0 -69.916667,-33.525,0 -69.908333,-34.066667,0 -70.758333,-35.233333,0 -70.45,-36.016667,0 -71.033333,-36.441667,0 -71.208333,-36.891667,0 -71.208333,-37.683333,0 -70.9,-38.5,0 -90.0,-38.5,0 -90.0,-28.5,0</coordinates></LinearRing></outerBoundaryIs>
    </Polygon>
  </MultiGeometry>
</Placemark>
<Placemark>
  <name>SCFZ</name>
  <description>AMAS</description>
  <styleUrl>#fir</styleUrl>
  <MultiGeometry>
    <Polygon>
      <outerBoundaryIs><LinearRing><coordinates>-90.0,-18.35,0 -70.366667,-18.35,0 -69.966667,-18.266667,0 -69.75,-17.983333,0 -69.791667,-17.641667,0 -69.45,-17.5,0 -69.0495,-18.082925,0 -68.966667,-18.966667,0 -68.483333,-19.433333,0 -68.716667,-19.716667,0 -68.583333,-19.933333,0 -68.8,-20.066667,0 -68.766667,-20.433333,0 -68.183333,-21.316667,0 -67.866667,-22.866667,0 -67.216667,-22.75,0 -67.016667,-23.0,0 -67.35,-24.016667,0 -68.666667,-24.7,0 -68.416667,-25.066667,0 -68.683333,-25.266667,0 -68.4,-26.158333,0 -68.65,-26.383333,0 -68.366667,-26.966667,0 -68.816667,-27.016667,0 -69.65,-28.5,0 -90.0,-28.5,0 -90.0,-18.35,0</coordinates></LinearRing></outerBoundaryIs>
    </Polygon>
  </MultiGeometry>
</Placemark>
<Placemark>
  <name>SCIZ</name>
  <description>AMAS</description>
  <styleUrl>#fir</styleUrl>
  <MultiGeometry>
    <Polygon>
      <outerBoundaryIs><LinearRing><coordinates>-120.0,-15.0,0 -90.0,-15.0,0 -90.0,-90.0,0 -131.0,-90.0,0 -131.0,-30.0,0 -120.0,-30.0,0 -120.0,-15.0,0</coordinates></LinearRing></outerBoundaryIs>
    </Polygon>
  </MultiGeometry>
</Placemark>
<Placemark>
  <name>SCTZ</name>
  <description>AMAS</description>
  <styleUrl>#fir</styleUrl>
  <MultiGeometry>
    <Polygon>
      <outerBoundaryIs><LinearRing><coordinates>-90.0,-38.5,0 -70.9,-38.5,0 -71.433333,-38.933333,0 -71.716667,-39.65,0 -71.9,-41.625,0 -71.766667,-42.133333,0 -72.116667,-42.133333,0 -72.15,-43.075,0 -71.766667,-43.233333,0 -72.033333,-43.383333,0 -71.733333,-43.666667,0 -71.933333,-44.383333,0 -71.15,-44.5,0 -71.3,-44.716667,0 -72.083333,-44.733333,0 -71.466667,-45.45,0 -71.733333,-45.6,0 -71.6,-45.966667,0 -71.9,-46.133333,0 -71.7,-46.616667,0 -71.975556,-47.0,0 -90.0,-47.0,0 -90.0,-38.5,0</coordinates></LinearRing></outerBoundaryIs>
    </Polygon>
  </MultiGeometry>
</Placemark>
<Placemark>
  <name>SEFG</name>
  <description>AMAS</description>
  <styleUrl>#fir</styleUrl>
  <MultiGeometry>
    <Polygon>
      <outerBoundaryIs><LinearRing><coordinates>-78.916667,1.416667,0 -77.75,0.783333,0 -77.367164,0.382964,0 -76.900497,0.232964,0 -76.067161,0.324631,0 -75.166667,-0.05,0 -75.616667,-0.1,0 -75.283333,-0.55,0 -75.266667,-0.95,0 -75.583333,-1.533333,0 -76.616667,-2.55,0 -77.833333,-2.983333,0 -78.2,-3.466667,0 -78.333333,-3.366667,0 -78.633333,-4.483333,0 -79.016667,-4.958333,0 -79.283333,-4.933333,0 -79.533333,-4.416667,0 -80.133333,-4.283333,0 -80.383333,-4.45,0 -80.466667,-4.066667,0 -80.15,-3.966667,0 -80.32,-3.406667,0 -92.0,-3.4,0 -92.0,1.416667,0 -78.916667,1.416667,0</coordinates></LinearRing></outerBoundaryIs>
    </Polygon>
  </MultiGeometry>
</Placemark>
<Placemark>
  <name>SGFA</name>
  <description>AMAS</description>
  <styleUrl>#fir</styleUrl>
  <MultiGeometry>
    <Polygon>
      <outerBoundaryIs><LinearRing><coordinates>-62.667153,-22.250431,0 -62.250481,-21.100431,0 -62.242147,-20.575431,0 -61.725475,-19.633764,0 -59.092128,-19.367103,0 -58.183792,-19.817106,0 -57.801805,-20.992631,0 -57.933797,-22.000444,0 -55.800453,-22.267117,0 -55.442122,-23.942122,0 -54.558783,-23.783792,0 -54.25045,-24.067125,0 -54.783794,-26.600464,0 -55.750472,-27.433794,0 -56.066667,-27.283333,0 -56.383808,-27.600458,0 -56.600475,-27.433792,0 -58.427961,-27.272304,0 -58.550066,-27.042026,0 -58.185745,-26.639207,0 -58.150478,-26.183783,0 -57.867369,-26.018231,0 -57.567139,-25.433786,0 -57.717139,-25.20045,0 -58.394136,-24.982144,0 -59.983814,-24.008775,0 -60.91715,-23.833772,0 -62.667153,-22.250431,0</coordinates></LinearRing></outerBoundaryIs>
    </Polygon>
  </MultiGeometry>
</Placemark>
<Placemark>
  <name>SKCL</name>
  <description>AMAS</description>
  <styleUrl>#fir</styleUrl>
  <MultiGeometry>
    <Polygon>
      <outerBoundaryIs><LinearRing><coordinates>-76.22544302286768,4.780823236295901,0 -75.49673970453114,4.780907098831093,0 -75.49667,3.868611,0 -75.06389,3.868611,0 -75.73444,3.2025,0 -75.73444,2.590556,0 -76.113611111111,2.3919444444444,0 -77.367164,0.382964,0 -78.8,1.416667,0 -82.916667,1.416667,0 -82.916667,4.533333,0 -80,4.5,0 -79.050503,6.266308,0 -78.300503,6.732978,0 -77.883333,7.25,0 -77.530277777778,6.1044444444444,0 -76.22544302286768,4.780823236295901,0</coordinates></LinearRing></outerBoundaryIs>
    </Polygon>
  </MultiGeometry>
</Placemark>
<Placemark>
  <name>SKEC</name>
  <description>AMAS</description>
  <styleUrl>#fir</styleUrl>
  <MultiGeometry>
    <Polygon>
      <outerBoundaryIs><LinearRing><coordinates>-77.416667,15.0,0 -74.0,15.0,0 -74.000506,14.333008,0 -71.417161,12.499672,0 -71.000492,11.999672,0 -71.967161,11.649669,0 -72.900494,10.466331,0 -73.417161,9.132992,0 -72.783825,9.082992,0 -72.658825,8.638544,0 -74.867164,7.632983,0 -77.417169,8.582983,0 -77.416667,15.0,0</coordinates></LinearRing></outerBoundaryIs>
    </Polygon>
  </MultiGeometry>
</Placemark>
<Placemark>
  <name>SKED</name>
  <description>AMAS</description>
  <styleUrl>#fir</styleUrl>
  <MultiGeometry>
    <Polygon>
      <outerBoundaryIs><LinearRing><coordinates>-77.417181,14.999669,0 -74.000506,14.999678,0 -74.000506,14.333008,0 -71.417161,12.499672,0 -71.000492,11.999672,0 -71.967161,11.649669,0 -72.250494,11.183,0 -72.450494,11.166333,0 -73.417161,9.132992,0 -72.783825,9.082992,0 -72.367158,8.374656,0 -72.467156,7.416319,0 -72.000489,6.966317,0 -70.100481,6.966319,0 -69.450478,6.09965,0 -67.533806,6.199653,0 -67.467139,5.999653,0 -67.883806,5.332983,0 -67.883806,4.549644,0 -67.650472,3.849644,0 -67.250469,3.382975,0 -67.817139,2.866306,0 -67.142136,2.349639,0 -66.8338,1.182967,0 -67.092136,1.157967,0 -67.150469,1.732969,0 -67.417136,2.132969,0 -67.933806,1.682969,0 -68.200472,1.966303,0 -68.117139,1.716303,0 -69.833811,1.707967,0 -69.833811,1.1163,0 -69.150475,1.0663,0 -69.100475,0.616297,0 -70.017144,0.549631,0 -70.000478,-0.200372,0 -69.550478,-0.533706,0 -69.317142,-1.258708,0 -69.933811,-4.21705,0 -70.333814,-3.833714,0 -70.733814,-3.783714,0 -70.058333,-2.733333,0 -70.9,-2.25,0 -71.35,-2.433333,0 -71.766667,-2.191667,0 -72.042153,-2.417044,0 -72.992153,-2.458711,0 -73.217156,-1.875375,0 -73.508822,-1.733708,0 -73.633822,-1.350375,0 -74.300492,-0.967039,0 -74.735,-0.191667,0 -75.833828,0.099631,0 -76.067161,0.324631,0 -76.900497,0.232964,0 -77.367164,0.382964,0 -78.8,1.416667,0 -82.916667,1.416667,0 -82.916667,4.533333,0 -80.0,4.5,0 -79.050503,6.266308,0 -78.300503,6.732978,0 -77.725503,7.732981,0 -77.575503,7.516314,0 -77.175503,7.924647,0 -77.442169,8.516317,0 -77.417181,14.999669,0</coordinates></LinearRing></outerBoundaryIs>
    </Polygon>
  </MultiGeometry>
</Placemark>
<Placemark>
  <name>SKMD</name>
  <description>AMAS</description>
  <styleUrl>#fir</styleUrl>
  <MultiGeometry>
    <Polygon>
      <outerBoundaryIs><LinearRing><coordinates>-75.816389,7.9875,0 -74.861111,7.631667,0 -74.318333,7.878889,0 -74.711111,6.000556,0 -74.977778,6.000556,0 -75.1875,5.155556,0 -75.491944,5.135833,0 -75.496667,4.780833,0 -76.225443022868,4.7808232362959,0 -77.530277777778,6.1044444444444,0 -77.883333,7.25,0 -77.725503,7.732981,0 -77.575503,7.516314,0 -77.175503,7.924647,0 -77.417169,8.582983,0 -75.816389,7.9875,0</coordinates></LinearRing></outerBoundaryIs>
    </Polygon>
  </MultiGeometry>
</Placemark>
<Placemark>
  <name>SLLF</name>
  <description>AMAS</description>
  <styleUrl>#fir</styleUrl>
  <MultiGeometry>
    <Polygon>
      <outerBoundaryIs><LinearRing><coordinates>-69.55,-10.95,0 -68.568775,-11.098147,0 -66.458706,-9.828194,0 -65.583333,-9.791667,0 -65.416667,-9.608333,0 -65.266667,-9.816667,0 -65.291667,-11.383333,0 -64.416667,-12.4,0 -64.0,-12.333333,0 -63.083333,-12.625,0 -62.825,-12.916667,0 -62.116667,-13.125,0 -61.816667,-13.5,0 -61.05,-13.45,0 -60.383333,-13.841667,0 -60.383333,-15.133333,0 -60.516667,-15.133333,0 -60.225,-15.458333,0 -60.15,-16.25,0 -58.342167,-16.333667,0 -58.46433,-16.881275,0 -58.23821,-17.339161,0 -57.82739,-17.466635,0 -57.45045,-18.233772,0 -58.058789,-19.600439,0 -57.817122,-19.983775,0 -58.167125,-20.167108,0 -58.183792,-19.817106,0 -59.092128,-19.367103,0 -61.725475,-19.633764,0 -62.242147,-20.575431,0 -62.250481,-21.100431,0 -62.667153,-22.250431,0 -62.808333,-21.983333,0 -63.925,-21.975,0 -64.333333,-22.791667,0 -64.558333,-22.208333,0 -65.733333,-22.041667,0 -66.216667,-21.716667,0 -66.366667,-22.091667,0 -66.733333,-22.2,0 -67.216667,-22.75,0 -67.866667,-22.866667,0 -68.183333,-21.316667,0 -68.766667,-20.433333,0 -68.8,-20.066667,0 -68.583333,-19.933333,0 -68.716667,-19.716667,0 -68.483333,-19.433333,0 -68.966667,-18.966667,0 -69.0495,-18.082925,0 -69.567167,-17.225406,0 -68.775,-16.333333,0 -69.333828,-16.000406,0 -69.400494,-15.617072,0 -69.1,-15.233333,0 -69.333825,-14.817072,0 -68.8,-14.233333,0 -69.017156,-13.683736,0 -68.933819,-12.867069,0 -68.667153,-12.500403,0 -69.55,-10.95,0</coordinates></LinearRing></outerBoundaryIs>
    </Polygon>
  </MultiGeometry>
</Placemark>
<Placemark>
  <name>SMPM</name>
  <description>AMAS</description>
  <styleUrl>#fir</styleUrl>
  <MultiGeometry>
    <Polygon>
      <outerBoundaryIs><LinearRing><coordinates>-57.0,8.916667,0 -54.0,9.333333,0 -54.0,5.5,0 -54.45,4.9,0 -54.0,3.433333,0 -54.516667,2.3,0 -54.983333,2.541667,0 -55.35,2.4,0 -55.916667,2.5,0 -56.083333,2.275,0 -55.916667,1.8,0 -56.488833,1.956333,0 -57.933333,3.933333,0 -57.9,4.783333,0 -57.7,5.033333,0 -57.316667,5.041667,0 -57.15,5.983333,0 -57.0,5.983333,0 -57.0,8.916667,0</coordinates></LinearRing></outerBoundaryIs>
    </Polygon>
  </MultiGeometry>
</Placemark>
<Placemark>
  <name>SOOO</name>
  <description>AMAS</description>
  <styleUrl>#fir</styleUrl>
  <MultiGeometry>
    <Polygon>
      <outerBoundaryIs><LinearRing><coordinates>-54.0,9.333333,0 -48.0,10.0,0 -37.5,13.5,0 -35.0,7.666667,0 -40.0,5.0,0 -48.0,5.0,0 -51.55,4.416667,0 -52.666667,2.375,0 -52.933333,2.166667,0 -53.766667,2.333333,0 -54.116667,2.133333,0 -54.55,2.266667,0 -53.966667,3.65,0 -54.316667,4.133333,0 -54.45,4.9,0 -54.0,5.5,0 -54.0,9.333333,0</coordinates></LinearRing></outerBoundaryIs>
    </Polygon>
  </MultiGeometry>
</Placemark>
<Placemark>
  <name>SPIM</name>
  <description>AMAS</description>
  <styleUrl>#fir</styleUrl>
  <MultiGeometry>
    <Polygon>
      <outerBoundaryIs><LinearRing><coordinates>-90.0,-3.4,0 -80.32,-3.406667,0 -80.15,-3.966667,0 -80.466667,-4.066667,0 -80.383333,-4.45,0 -80.133333,-4.283333,0 -79.533333,-4.416667,0 -79.283333,-4.933333,0 -79.016667,-4.958333,0 -78.633333,-4.483333,0 -78.333333,-3.366667,0 -78.2,-3.466667,0 -77.833333,-2.983333,0 -76.616667,-2.55,0 -75.583333,-1.533333,0 -75.266667,-0.95,0 -75.283333,-0.55,0 -75.616667,-0.1,0 -75.166667,-0.05,0 -74.735,-0.191667,0 -74.300492,-0.967039,0 -73.633822,-1.350375,0 -72.992153,-2.458711,0 -72.042153,-2.417044,0 -71.766667,-2.191667,0 -71.35,-2.433333,0 -70.9,-2.25,0 -70.058333,-2.733333,0 -70.733814,-3.783714,0 -70.333814,-3.833714,0 -70.016667,-4.341667,0 -70.783333,-4.216667,0 -70.95,-4.416667,0 -71.9,-4.558333,0 -72.85,-5.2,0 -73.158333,-6.05,0 -73.108333,-6.466667,0 -73.641667,-6.8,0 -73.783333,-7.1,0 -73.65,-7.325,0 -73.933333,-7.583333,0 -72.883333,-9.075,0 -73.183333,-9.4,0 -72.25,-9.516667,0 -72.1,-9.975,0 -71.316667,-9.966667,0 -70.466667,-9.366667,0 -70.6,-10.966667,0 -69.55,-10.95,0 -68.667153,-12.500403,0 -68.933819,-12.867069,0 -69.017156,-13.683736,0 -68.8,-14.233333,0 -69.333825,-14.817072,0 -69.1,-15.233333,0 -69.400494,-15.617072,0 -69.333828,-16.000406,0 -68.775,-16.333333,0 -69.567167,-17.225406,0 -69.45,-17.5,0 -69.791667,-17.641667,0 -69.816667,-18.116667,0 -70.366667,-18.35,0 -90.0,-18.35,0 -90.0,-3.4,0</coordinates></LinearRing></outerBoundaryIs>
    </Polygon>
  </MultiGeometry>
</Placemark>
<Placemark>
  <name>SUEO</name>
  <description>AMAS</description>
  <styleUrl>#fir</styleUrl>
  <MultiGeometry>
    <Polygon>
      <outerBoundaryIs><LinearRing><coordinates>-57.616667,-30.25,0 -56.85,-30.116667,0 -56.033333,-30.85,0 -56.033333,-31.083333,0 -55.566667,-30.933333,0 -55.25,-31.266667,0 -54.566667,-31.483333,0 -53.166667,-32.733333,0 -53.516667,-33.116667,0 -53.55,-33.7,0 -53.0,-34.0,0 -51.555556,-34.0,0 -53.196389,-36.758333,0 -57.833333,-34.583333,0 -58.516667,-33.833333,0 -57.616667,-30.25,0</coordinates></LinearRing></outerBoundaryIs>
    </Polygon>
  </MultiGeometry>
</Placemark>
<Placemark>
  <name>SVZM</name>
  <description>AMAS</description>
  <styleUrl>#fir</styleUrl>
  <MultiGeometry>
    <Polygon>
      <outerBoundaryIs><LinearRing><coordinates>-71.333825,11.866336,0 -71.000492,11.999672,0 -71.417161,12.499672,0 -70.500492,12.499675,0 -67.966667,11.4,0 -67.066667,15.683333,0 -65.0,15.0,0 -62.5,11.0,0 -61.783333,10.733333,0 -62.057778,10.085,0 -61.465833,9.989722,0 -59.95,8.916667,0 -60.25,8.916667,0 -59.783333,8.3,0 -60.5,7.833333,0 -60.65,7.5,0 -60.583778,7.216331,0 -60.25,7.125,0 -60.717111,6.766328,0 -61.133781,6.732994,0 -61.1,6.2,0 -61.383781,5.957989,0 -60.550444,4.966319,0 -61.500447,4.282981,0 -62.750453,3.999647,0 -62.717119,3.674644,0 -64.617128,4.216314,0 -64.167125,3.916311,0 -64.067125,3.599644,0 -64.283792,3.182975,0 -64.217125,2.532972,0 -63.850456,2.349639,0 -63.333786,2.466306,0 -63.367119,2.149639,0 -64.033789,2.016303,0 -64.067122,1.632969,0 -65.267128,0.882967,0 -66.333333,0.741667,0 -66.8338,1.182967,0 -67.142136,2.349639,0 -67.817139,2.866306,0 -67.250469,3.382975,0 -67.650472,3.849644,0 -67.883806,4.549644,0 -67.883806,5.332983,0 -67.467139,5.999653,0 -67.533806,6.199653,0 -69.450478,6.09965,0 -70.100481,6.966319,0 -72.000489,6.966317,0 -72.467156,7.416319,0 -72.367158,8.374656,0 -72.783825,9.082992,0 -73.417161,9.132992,0 -72.450494,11.166333,0 -72.250494,11.183,0 -71.967161,11.649669,0 -71.333825,11.866336,0</coordinates></LinearRing></outerBoundaryIs>
    </Polygon>
  </MultiGeometry>
</Placemark>
<Placemark>
  <name>SYGC</name>
  <description>AMAS</description>
  <styleUrl>#fir</styleUrl>
  <MultiGeometry>
    <Polygon>
      <outerBoundaryIs><LinearRing><coordinates>-60.0,8.55,0 -60.25,8.916667,0 -57.0,8.916667,0 -57.0,5.983333,0 -57.15,5.983333,0 -57.316667,5.041667,0 -57.7,5.033333,0 -57.9,4.783333,0 -57.933333,3.933333,0 -56.488833,1.956333,0 -57.3,1.966667,0 -57.55,1.666667,0 -58.316667,1.55,0 -58.45,1.25,0 -58.816667,1.15,0 -59.766667,1.833333,0 -60.033333,2.833333,0 -59.883333,3.6,0 -59.566667,3.933333,0 -59.716667,4.383333,0 -60.183333,4.533333,0 -60.0,5.066667,0 -60.2,5.233333,0 -60.733333,5.2,0 -61.383781,5.957989,0 -61.1,6.2,0 -61.133781,6.732994,0 -60.717111,6.766328,0 -60.25,7.125,0 -60.583778,7.216331,0 -60.65,7.5,0 -60.5,7.833333,0 -59.783333,8.3,0 -60.0,8.55,0</coordinates></LinearRing></outerBoundaryIs>
    </Polygon>
  </MultiGeometry>
</Placemark>
<Placemark>
  <name>TJZS</name>
  <description>AMAS</description>
  <styleUrl>#fir</styleUrl>
  <MultiGeometry>
    <Polygon>
      <outerBoundaryIs><LinearRing><coordinates>-69.15,19.65,0 -66.745,22.0,0 -64.0,22.0,0 -61.9,20.0,0 -61.5,18.0,0 -62.0,18.0,0 -63.0,17.366667,0 -63.0,15.333333,0 -63.25,15.0,0 -65.0,15.0,0 -68.0,16.0,0 -68.0,19.0,0 -69.15,19.65,0</coordinates></LinearRing></outerBoundaryIs>
    </Polygon>
  </MultiGeometry>
</Placemark>
<Placemark>
  <name>TNCF</name>
  <description>AMAS</description>
  <styleUrl>#fir</styleUrl>
  <MultiGeometry>
    <Polygon>
      <outerBoundaryIs><LinearRing><coordinates>-70.500492,12.499675,0 -71.417161,12.499672,0 -74.000506,14.333008,0 -74.0,16.0,0 -73.0,17.0,0 -71.666667,17.0,0 -71.666667,16.0,0 -68.0,16.0,0 -67.066667,15.683333,0 -67.966667,11.4,0 -70.500492,12.499675,0</coordinates></LinearRing></outerBoundaryIs>
    </Polygon>
  </MultiGeometry>
</Placemark>
<Placemark>
  <name>TTZO</name>
  <description>AMAS</description>
  <styleUrl>#fir</styleUrl>
  <MultiGeometry>
    <Polygon>
      <outerBoundaryIs><LinearRing><coordinates>-40.0,22.3,0 -37.5,16.999167,0 -37.5,13.5,0 -48.0,10.0,0 -57.0,8.916667,0 -57.0,18.0,0 -45.0,18.0,0 -40.0,22.3,0</coordinates></LinearRing></outerBoundaryIs>
    </Polygon>
  </MultiGeometry>
</Placemark>
<Placemark>
  <name>TTZP</name>
  <description>AMAS</description>
  <styleUrl>#fir</styleUrl>
  <MultiGeometry>
    <Polygon>
      <outerBoundaryIs><LinearRing><coordinates>-65.0,15.0,0 -63.25,15.0,0 -63.0,15.333333,0 -63.0,17.366667,0 -62.0,18.0,0 -57.0,18.0,0 -57.0,8.916667,0 -59.95,8.916667,0 -61.465833,9.989722,0 -62.057778,10.085,0 -61.783333,10.733333,0 -62.5,11.0,0 -65.0,15.0,0</coordinates></LinearRing></outerBoundaryIs>
    </Polygon>
  </MultiGeometry>
</Placemark>
<Placemark>
  <name>UAAA</name>
  <description>EMEA</description>
  <styleUrl>#fir</styleUrl>
  <MultiGeometry>
    <Polygon>
      <outerBoundaryIs><LinearRing><coordinates>71.816666667,48,0 71.918333333,45.077777778,0 74.906944444,44.250555556,0 74.181111111,43.746111111,0 74.326111111,43.23,0 75.3,42.833333,0 77,42.966667,0 79.166667,42.75,0 79.416667,42.416667,0 80.283333,42.283333,0 80.233333,42.766667,0 80.583333,42.866667,0 80.383333,43.033333,0 80.85,43.15,0 80.35,44.15,0 80.5,44.733333,0 79.833,44.883,0 81.7,45.35,0 81.766667,45.2,0 82.516667,45.116667,0 82.65,45.366667,0 82.283333,45.583333,0 83.033333,47.216667,0 84.9,46.85,0 85.533333,47.05,0 85.7,47.216667,0 85.55,47.966667,0 85.75,48.383333,0 86.583333,48.55,0 86.866667,49.116667,0 87.288333333,49.115,0 86.616667,49.566667,0 86.8,49.8,0 86.166667,49.466667,0 85.2,49.633333,0 84.916667,50.1,0 84.333333,50.216667,0 83.95,50.783333,0 83.433333,51.016667,0 82.55,50.75,0 81.45,50.75,0 81.4,50.983333,0 81.066667,50.95,0 81.116667,51.216667,0 80.666667,51.3,0 80.066667,50.75,0 79.8541741,51.028333333,0 78.173611111,50.690277778,0 76.183333333,49.8,0 76.183333333,48.833333333,0 74.282777778,48.133055556,0 71.816666667,48,0</coordinates></LinearRing></outerBoundaryIs>
    </Polygon>
  </MultiGeometry>
</Placemark>
<Placemark>
  <name>UACN</name>
  <description>EMEA</description>
  <styleUrl>#fir</styleUrl>
  <MultiGeometry>
    <Polygon>
      <outerBoundaryIs><LinearRing><coordinates>61.5,50.966666667,0 62.415277778,50.391944444,0 62.681666667,48.627222222,0 64.538888889,47.193055556,0 69.4075,45.417777778,0 71.918333333,45.077777778,0 71.816666667,48,0 74.282777778,48.133055556,0 76.183333333,48.833333333,0 76.183333333,49.8,0 78.173611111,50.690277778,0 79.8541741,51.028333333,0 77.883333,53.3,0 76.541111,54,0 76.416667,54.166667,0 76.666667,54.133333,0 76.933333,54.466667,0 75.4,54.083333,0 74.466667,53.683333,0 74.4,53.466667,0 73.666667,53.633333,0 73.45,53.45,0 73.283333,53.683333,0 73.75,54.05,0 73.283333,53.95,0 72.566667,54.116667,0 72.716667,53.95,0 72.483333,53.916667,0 72.35,54.1,0 72.5,54.116667,0 72.166667,54.366667,0 72.166667,54.133333,0 71.75,54.25,0 71.65,54.1,0 71.166667,54.1,0 71.016667,54.35,0 71.2,54.333333,0 71.3,54.616667,0 70.8,55.3,0 70.183333,55.133333,0 68.933333,55.433333,0 69,55.283333,0 68.183333,55.183333,0 68.166667,54.966667,0 65.466667,54.65,0 65.2,54.533333,0 65.216667,54.35,0 63.166667,54.183333,0 62.55,53.9,0 62.45,54.05,0 61.033333,53.966667,0 61.2,53.8,0 60.916667,53.616667,0 61.583333,53.516667,0 61.283333,53.516667,0 61.183333,53.3,0 62.116667,53.133333,0 62.133333,53,0 61.033333,52.983333,0 60.716667,52.666667,0 61.066667,52.333333,0 60.011667,51.991667,0 60.583333,51.616667,0 61.5,51.416667,0 61.683333,51.266667,0 61.5,50.966666667,0</coordinates></LinearRing></outerBoundaryIs>
    </Polygon>
  </MultiGeometry>
</Placemark>
<Placemark>
  <name>UAII</name>
  <description>EMEA</description>
  <styleUrl>#fir</styleUrl>
  <MultiGeometry>
    <Polygon>
      <outerBoundaryIs><LinearRing><coordinates>64.53916722222222,47.193056111111105,0 61.71361111111111,46.19888916666666,0 60.153148055555555,44.89477,0 60.748292222222226,44.64348611111111,0 62,43.5,0 63.833333333333336,42.5,0 65.72027805555555,43.03916722222222,0 65.84483722222221,42.85446805555556,0 66.09969111111111,42.93506416666666,0 65.99797222222222,41.93657611111111,0 69.0388611111111,41.32405555555556,0 70.38333333333334,41.95,0 70.41666722222223,42.13333333333333,0 70.61666722222222,42,0 71.26666722222222,42.766667222222225,0 71.83333333333333,42.81666722222223,0 73.51668611111111,42.42006527777777,0 73.55,43.1,0 74.3261111111111,43.230000000000004,0 74.18111111111112,43.74611111111111,0 74.90694444444445,44.25055555555556,0 71.91833333333334,45.07777777777778,0 69.4075,45.41777777777777,0 64.53916722222222,47.193056111111105,0</coordinates></LinearRing></outerBoundaryIs>
    </Polygon>
  </MultiGeometry>
</Placemark>
<Placemark>
  <name>UATT</name>
  <description>EMEA</description>
  <styleUrl>#fir</styleUrl>
  <MultiGeometry>
    <Polygon>
      <outerBoundaryIs><LinearRing><coordinates>61.5,50.966667,0 62.415,50.3925,0 62.681667,48.627222,0 64.539167,47.193056,0 61.713611,46.198889,0 60.153148,44.89477,0 58.594552,45.595344,0 56.0,45.0,0 56.0,41.316667,0 55.533333,41.25,0 54.816667,42.033333,0 54.2,42.35,0 53.0,42.133333,0 52.466667,41.783333,0 49.5,42.833333,0 49.433333,46.233333,0 48.483333,46.666667,0 49.0,46.766667,0 48.616667,47.416667,0 48.05,47.75,0 47.133333,47.783333,0 47.1,48.2,0 46.5,48.433333,0 46.766667,48.933333,0 47.083333,49.116667,0 46.766667,49.333333,0 47.316667,50.333333,0 47.676604,50.451704,0 48.416667,49.8,0 48.890669,50.019418,0 48.606974,50.662851,0 48.833333,50.583333,0 49.433333,50.866667,0 49.333333,51.0,0 49.516667,51.133333,0 50.366667,51.333333,0 50.566667,51.633333,0 50.75,51.583333,0 50.75,51.766667,0 51.366667,51.65,0 51.283333,51.483333,0 52.35,51.766667,0 52.566667,51.466667,0 53.366667,51.5,0 54.516667,50.833333,0 54.416667,50.633333,0 54.55,50.55,0 54.733333,50.633333,0 54.7,50.883333,0 55.05,50.933333,0 55.7,50.566667,0 56.633333,51.083333,0 57.183333,51.1,0 57.5,50.866667,0 57.75,51.133333,0 58.333333,51.116667,0 58.6,51.033333,0 58.6,50.833333,0 59.516667,50.516667,0 59.833333,50.583333,0 60.033333,50.866667,0 60.233333,50.683333,0 60.816667,50.666667,0 61.466667,50.8,0 61.5,50.966667,0</coordinates></LinearRing></outerBoundaryIs>
    </Polygon>
  </MultiGeometry>
</Placemark>
<Placemark>
  <name>UBBA</name>
  <description>EMEA</description>
  <styleUrl>#fir</styleUrl>
  <MultiGeometry>
    <Polygon>
      <outerBoundaryIs><LinearRing><coordinates>51.5,42.0,0 51.5,37.9,0 48.633333,38.416667,0 48.033333,38.883333,0 48.4,39.0,0 48.166667,39.283333,0 48.4,39.366667,0 48.0,39.716667,0 46.55,38.883333,0 46.385441,39.398999,0 46.569599,39.571396,0 45.832932,39.826904,0 45.958913,40.272498,0 45.450148,40.500709,0 45.405279,40.727882,0 45.608521,40.853628,0 45.013769,41.297712,0 45.461539,41.456176,0 45.904948,41.187281,0 46.613178,41.094761,0 46.736706,41.283005,0 46.191061,41.622636,0 46.428333,41.91,0 46.75,41.85,0 47.266667,41.316667,0 47.9,41.216667,0 48.05,41.483333,0 50.0,42.633333,0 51.5,42.0,0</coordinates></LinearRing></outerBoundaryIs>
    </Polygon>
    <Polygon>
      <outerBoundaryIs><LinearRing><coordinates>46.15,38.85,0 45.466667,38.983333,0 44.769085,39.714169,0 45.061362,39.794285,0 45.473048,39.489901,0 45.80558,39.572777,0 46.15,38.85,0</coordinates></LinearRing></outerBoundaryIs>
    </Polygon>
  </MultiGeometry>
</Placemark>
<Placemark>
  <name>UCFM</name>
  <description>EMEA</description>
  <styleUrl>#fir</styleUrl>
  <MultiGeometry>
    <Polygon>
      <outerBoundaryIs><LinearRing><coordinates>70.946666666667,42.266666111111,0 73.105833611111,42.205833055556,0 74.871916666667,41.780166111111,0 74.874166666667,40.510555555556,0 75.6,40.65,0 75.7,40.283333333333,0 76.333333333333,40.35,0 77.066667222222,41.066667222222,0 78.15,41.083333333333,0 78.366667222222,41.4,0 79.866667222222,42.066667222222,0 80.283333333333,42.066667222222,0 80.283333333333,42.283333333333,0 79.416667222222,42.416667222222,0 79.166667222222,42.75,0 77,42.966667222222,0 75.3,42.833333333333,0 74.326111111111,43.23,0 73.55,43.1,0 73.516686111111,42.420065277778,0 71.5,42.816667222222,0 71,42.566667222222,0 71.116667222222,42.483333333333,0 70.946666666667,42.266666111111,0</coordinates></LinearRing></outerBoundaryIs>
    </Polygon>
  </MultiGeometry>
</Placemark>
<Placemark>
  <name>UCFO</name>
  <description>EMEA</description>
  <styleUrl>#fir</styleUrl>
  <MultiGeometry>
    <Polygon>
      <outerBoundaryIs><LinearRing><coordinates>70.55,40.033333333333,0 71.95,40.2,0 72.583333333333,40.666667222222,0 72.116667222222,41.133333333333,0 71.066667222222,41.585,0 70.946666666667,42.266666111111,0 73.105833611111,42.205833055556,0 74.871916666667,41.780166111111,0 74.833333333333,40.35,0 74,40,0 73.86,39.46,0 71,39.333333333333,0 70.494830833333,39.605833333333,0 70.194164166667,39.566666666667,0 70.781333611111,39.668999722222,0 70.55,40.033333333333,0</coordinates></LinearRing></outerBoundaryIs>
    </Polygon>
  </MultiGeometry>
</Placemark>
<Placemark>
  <name>UDDD</name>
  <description>EMEA</description>
  <styleUrl>#fir</styleUrl>
  <MultiGeometry>
    <Polygon>
      <outerBoundaryIs><LinearRing><coordinates>45.013769,41.297712,0 45.608521,40.853628,0 45.405279,40.727882,0 45.450148,40.500709,0 45.958913,40.272498,0 45.832932,39.826904,0 46.569599,39.571396,0 46.385441,39.398999,0 46.55,38.883333,0 46.15,38.85,0 45.80558,39.572777,0 45.473048,39.489901,0 45.061362,39.794285,0 44.769085,39.714169,0 44.266667,40.05,0 43.65,40.116667,0 43.55,40.483333,0 43.75,40.7,0 43.466667,41.133333,0 45.013769,41.297712,0</coordinates></LinearRing></outerBoundaryIs>
    </Polygon>
  </MultiGeometry>
</Placemark>
<Placemark>
  <name>UEEE</name>
  <description>EMEA</description>
  <styleUrl>#fir</styleUrl>
  <MultiGeometry>
    <Polygon>
      <outerBoundaryIs><LinearRing><coordinates>114.71667,76.33333,0 132,74.33333,0 158,72,0 168,72.5,0 168,70.5,0 162,66.55,0 158,66.55,0 158,65.75,0 149.66667,64,0 145.5,63.56667,0 145,62,0 142,62,0 138.16667,59.75,0 135.33333,59.16667,0 132,58,0 131,56.16667,0 129.38333,54.85,0 128.16667,54.66667,0 126.367778,54.938889,0 124.916667,55.716667,0 122.33333,55.5,0 119.66667,56.68333,0 119.33333,58.41667,0 114.86667,59.6,0 113.88333,59.31667,0 108.78333,60.71667,0 107,62,0 106.91667,67,0 106.5,69.25,0 112,72,0 114.73333,73.83333,0 114.71667,76.33333,0</coordinates></LinearRing></outerBoundaryIs>
    </Polygon>
  </MultiGeometry>
</Placemark>
<Placemark>
  <name>UGGG</name>
  <description>EMEA</description>
  <styleUrl>#fir</styleUrl>
  <MultiGeometry>
    <Polygon>
      <outerBoundaryIs><LinearRing><coordinates>41.55,41.516667,0 40.333333,41.9,0 39.916667,43.183333,0 40.116667,43.566667,0 40.65,43.55,0 41.8,43.2,0 43.05,43.083333,0 43.966667,42.55,0 44.883333,42.741667,0 45.786667,42.486667,0 45.616667,42.216667,0 46.428333,41.91,0 46.191061,41.622636,0 46.736706,41.283005,0 46.471544,41.061037,0 45.310968,41.4701,0 44.957431,41.257846,0 43.75112,41.109593,0 43.133333,41.25,0 42.833333,41.583333,0 41.55,41.516667,0</coordinates></LinearRing></outerBoundaryIs>
    </Polygon>
  </MultiGeometry>
</Placemark>
<Placemark>
  <name>UHHH</name>
  <description>EMEA</description>
  <styleUrl>#fir</styleUrl>
  <MultiGeometry>
    <Polygon>
      <outerBoundaryIs><LinearRing><coordinates>142,62,0 138.16667,59.75,0 135.33333,59.16667,0 132,58,0 131,56.16667,0 129.38333,54.85,0 128.16667,54.66667,0 126.367778,54.938889,0 124.916667,55.716667,0 122.333333,55.5,0 121.983333,53.966666,0 122.4,53.433333,0 123.6,53.55,0 124.88333,53.1,0 125.6,53.083333,0 125.68333,52.85,0 126.116667,52.766667,0 126,52.583333,0 126.56666,52.116667,0 126.45,52.033333,0 126.81666,51.3,0 126.98333,51.316667,0 126.91666,51.066667,0 127.36666,50.566667,0 127.35,50.316667,0 127.6,50.233333,0 127.53333,49.8,0 127.9,49.566667,0 129.51666,49.416667,0 130.25,48.866667,0 130.65,48.866667,0 130.51666,48.616667,0 130.75,48.5,0 130.66666,48.05,0 130.95,47.7,0 132.56666,47.716667,0 132.66666,47.95,0 134.03333,48.333333,0 134.75,48.283333,0 134.55,47.983333,0 134.76666,47.75,0 134.2,47.333333,0 133.85,46.2,0 133.15,45.466667,0 133.13333,45.116667,0 132.93333,45.016667,0 131.88333,45.35,0 131.5,44.983333,0 130.96666,44.833333,0 131.29666,44.051667,0 131.18333,43.533333,0 131.31666,43.4,0 131.1,42.9,0 130.4,42.716667,0 131.516667,41.666667,0 135.930278,40.5025,0 139.996389,45.751944,0 141.996111,45.751944,0 145.666667,44.5,0 145.316667,44.05,0 145.366667,43.5,0 146.833333,43,0 150,45,0 150,54.866667,0 146,56,0 143.416667,56.416667,0 145.75,58,0 146,61,0 145,62,0 142,62,0</coordinates></LinearRing></outerBoundaryIs>
    </Polygon>
  </MultiGeometry>
</Placemark>
<Placemark>
  <name>UHMM</name>
  <description>EMEA</description>
  <styleUrl>#fir</styleUrl>
  <MultiGeometry>
    <Polygon>
      <outerBoundaryIs><LinearRing><coordinates>180,90,0 180,60,0 170.2,54.816667,0 169,54,0 159,50.083333,0 150,45,0 150,54.866667,0 146,56,0 143.416667,56.416667,0 145.75,58,0 146,61,0 145,62,0 145.5,63.56667,0 149.66667,64,0 158,65.75,0 158,66.55,0 162,66.55,0 168,70.5,0 168,72.5,0 158,72,0 132,74.33333,0 114.71667,76.33333,0 114.75,78,0 169,90,0 180,90,0</coordinates></LinearRing></outerBoundaryIs>
    </Polygon>
    <Polygon>
      <outerBoundaryIs><LinearRing><coordinates>-168.973056,90,0 -168.973056,65,0 -177.751666,61.366666,0 -180,60,0 -180,90,0 -168.973056,90,0</coordinates></LinearRing></outerBoundaryIs>
    </Polygon>
  </MultiGeometry>
</Placemark>
<Placemark>
  <name>UIII</name>
  <description>EMEA</description>
  <styleUrl>#fir</styleUrl>
  <MultiGeometry>
    <Polygon>
      <outerBoundaryIs><LinearRing><coordinates>108.033333,61.266666,0 108.781666,60.708333,0 113.878333,59.323333,0 114.861666,59.6,0 119.335,58.415,0 119.666666,56.69,0 122.333333,55.5,0 121.983333,53.966666,0 122.333333,53.5,0 120.816667,53.266667,0 120.016667,52.766667,0 120.066667,52.583333,0 120.733333,52.533333,0 120.716667,52.0,0 120.083333,51.683333,0 119.25,50.566667,0 119.116667,50.383333,0 119.366667,50.316667,0 119.316667,50.116667,0 117.866667,49.5,0 116.216667,50.033333,0 115.383333,49.9,0 115.0,50.183333,0 114.35,50.283333,0 112.733333,49.483333,0 110.933333,49.183333,0 108.533333,49.333333,0 107.95,49.666667,0 107.966667,49.916667,0 107.25,49.983333,0 106.533333,50.35,0 105.35,50.483333,0 103.7,50.133333,0 102.316667,50.583333,0 102.216667,51.333333,0 99.0,52.1,0 99.0,53.0,0 96.0,54.0,0 98.0,55.933333,0 97.533333,57.45,0 102.5,58.05,0 106.7,60.766666,0 108.033333,61.266666,0</coordinates></LinearRing></outerBoundaryIs>
    </Polygon>
  </MultiGeometry>
</Placemark>
<Placemark>
  <name>UKBV</name>
  <description>EMEA</description>
  <styleUrl>#fir</styleUrl>
  <MultiGeometry>
    <Polygon>
      <outerBoundaryIs><LinearRing><coordinates>34.45,51.233333,0 33.885,50.213333,0 33.323333,48.495,0 32.89,48.125,0 32.833333,47.766667,0 29.528333,48.236667,0 29.20440694,47.88503889,0 27.82805556,48.42166667,0 27.787778,50.806944,0 27.433333,50.85,0 27.75,51.383333,0 29.083333,51.666667,0 30.133333,51.483333,0 30.316667,51.616667,0 30.383333,52.133333,0 30.8,52.25,0 32.03235,52.014828,0 32.400764,52.316203,0 33.444119,52.364333,0 34.116236,52.141972,0 34.441875,51.748797,0 34.105314,51.642978,0 34.264594,51.243628,0 34.45,51.233333,0</coordinates></LinearRing></outerBoundaryIs>
    </Polygon>
  </MultiGeometry>
</Placemark>
<Placemark>
  <name>UKDV</name>
  <description>EMEA</description>
  <styleUrl>#fir</styleUrl>
  <MultiGeometry>
    <Polygon>
      <outerBoundaryIs><LinearRing><coordinates>38.223333,47.111667,0 38.333333,46.983333,0 37.5,46.783333,0 37.368333,46.573333,0 36.7,46.583333,0 35.916667,47.108333,0 32.833333,47.766667,0 32.89,48.125,0 33.323333,48.495,0 33.885,50.213333,0 34.45,51.233333,0 35.116667,51.233333,0 35.416667,51.033333,0 35.4,50.6,0 35.6,50.366667,0 36.033333,50.45,0 36.683333,50.266667,0 37.483333,50.45,0 38.133333,49.933333,0 38.35,50.083333,0 40.2,49.566667,0 40.2,49.25,0 39.666667,49.05,0 39.8,48.833333,0 39.666667,48.6,0 40.0,48.233333,0 39.75,47.829167,0 38.8375,47.8625,0 38.316667,47.566667,0 38.223333,47.111667,0</coordinates></LinearRing></outerBoundaryIs>
    </Polygon>
  </MultiGeometry>
</Placemark>
<Placemark>
  <name>UKFV</name>
  <description>EMEA</description>
  <styleUrl>#fir</styleUrl>
  <MultiGeometry>
    <Polygon>
      <outerBoundaryIs><LinearRing><coordinates>35.916667,47.108333,0 36.7,46.583333,0 37.368333,46.573333,0 36.533333,45.205,0 36.666667,44.516667,0 36.266667,42.733333,0 30.75,42.8,0 30.15,44.766667,0 32.908333,46.125,0 33.05,47.733333,0 35.916667,47.108333,0</coordinates></LinearRing></outerBoundaryIs>
    </Polygon>
  </MultiGeometry>
</Placemark>
<Placemark>
  <name>UKLV</name>
  <description>EMEA</description>
  <styleUrl>#fir</styleUrl>
  <MultiGeometry>
    <Polygon>
      <outerBoundaryIs><LinearRing><coordinates>24.966667,51.883333,0 27.75,51.383333,0 27.433333,50.85,0 27.787778,50.806944,0 27.82805556,48.42166667,0 26.70639,48.40641389,0 26.199336,47.999264,0 24.999306,47.732583,0 24.574292,47.972867,0 23.182583,48.120083,0 22.901389,47.959722,0 22.125833,48.378889,0 22.583333,49.1,0 22.9,49.083333,0 22.666667,49.533333,0 23.716667,50.383333,0 24.05,50.45,0 23.966667,50.833333,0 24.15,50.866667,0 23.616667,51.5,0 24.966667,51.883333,0</coordinates></LinearRing></outerBoundaryIs>
    </Polygon>
  </MultiGeometry>
</Placemark>
<Placemark>
  <name>UKOV</name>
  <description>EMEA</description>
  <styleUrl>#fir</styleUrl>
  <MultiGeometry>
    <Polygon>
      <outerBoundaryIs><LinearRing><coordinates>33.05,47.733333,0 32.908333,46.125,0 30.15,44.766667,0 29.966667,45.15,0 29.566125,45.399208,0 28.666103,45.232533,0 28.205,45.473333,0 28.51226806,45.50153389,0 28.52188111,45.73781806,0 28.97781389,46.00363889,0 28.932495,46.45772694,0 30.15972222,46.42638889,0 29.62463389,47.04392611,0 29.56970194,47.370455,0 29.24011194,47.46152306,0 29.21814,47.84818806,0 29.528333,48.236667,0 33.05,47.733333,0</coordinates></LinearRing></outerBoundaryIs>
    </Polygon>
  </MultiGeometry>
</Placemark>
<Placemark>
  <name>UKR</name>
  <description>EMEA</description>
  <styleUrl>#fir</styleUrl>
  <MultiGeometry>
    <Polygon>
      <outerBoundaryIs><LinearRing><coordinates>23.65,51.45,0 24.966667,51.883333,0 27.75,51.383333,0 29.083333,51.666667,0 30.133333,51.483333,0 30.316667,51.616667,0 30.383333,52.133333,0 30.8,52.25,0 32.03235,52.014828,0 32.400764,52.316203,0 33.741486,52.356311,0 34.432472,51.779342,0 34.107033,51.664178,0 34.278347,51.228731,0 35.116667,51.233333,0 35.416667,51.033333,0 35.4,50.6,0 35.6,50.366667,0 36.033333,50.45,0 36.683333,50.266667,0 37.483333,50.45,0 38.133333,49.933333,0 38.35,50.083333,0 39.816667,49.566667,0 40.15,49.616667,0 40.2,49.25,0 39.666667,49.05,0 39.8,48.833333,0 39.666667,48.6,0 40.0,48.233333,0 39.75,47.829167,0 38.879167,47.879167,0 38.358333,47.608333,0 38.333333,46.983333,0 37.5,46.783333,0 36.59,45.306667,0 36.666667,44.516667,0 36.266667,42.733333,0 30.75,42.8,0 30.4,44.25,0 29.966667,45.15,0 29.416122,45.432542,0 28.666103,45.232533,0 28.205,45.473333,0 28.51226806,45.50153389,0 28.52188111,45.73781806,0 28.97781389,46.00363889,0 28.932495,46.45772694,0 30.15972222,46.42638889,0 29.62463389,47.04392611,0 29.56970194,47.370455,0 29.24011194,47.46152306,0 29.17419389,47.99359806,0 27.58941694,48.49476806,0 26.70639,48.40641389,0 26.199336,47.999264,0 24.883333,47.733333,0 24.574292,47.972867,0 23.182583,48.120083,0 22.901389,47.959722,0 22.125833,48.378889,0 22.583333,49.1,0 22.9,49.083333,0 22.666667,49.533333,0 23.716667,50.383333,0 24.05,50.45,0 23.966667,50.833333,0 24.15,50.866667,0 23.65,51.45,0</coordinates></LinearRing></outerBoundaryIs>
    </Polygon>
  </MultiGeometry>
</Placemark>
<Placemark>
  <name>ULLL</name>
  <description>EMEA</description>
  <styleUrl>#fir</styleUrl>
  <MultiGeometry>
    <Polygon>
      <outerBoundaryIs><LinearRing><coordinates>26.0781,59.85152,0 25.866667,59.883333,0 26.55,60.133333,0 27.456667,60.223333,0 31.1945,62.470336,0 31.589019,62.908236,0 29.971944,63.757222,0 30.549406,64.132837,0 30.046595,64.401365,0 30.093651,64.769583,0 29.611141,64.930081,0 29.899504,65.102851,0 29.596027,65.263026,0 29.861569,65.561418,0 29.716153,65.636338,0 30.136594,65.669924,0 30.101821,65.82364,0 29.034648,66.922121,0 30.010147,67.676664,0 29.329742,68.074277,0 28.643937,68.197396,0 28.433335,68.540514,0 28.800538,68.867485,0 28.422535,68.913907,0 30.031575,69.423297,0 30.185656,69.551064,0 30.085264,69.658058,0 30.938786,69.560681,0 30.817436,69.794397,0 31.133333,70.0,0 32.083333333333,70.166666666667,0 32.05,74.0,0 35.0,74.0,0 35.0,81.0,0 32.0,81.0,0 32.0,90.0,0 169.0,90.0,0 114.75,78.0,0 89.5,77.333333,0 81.833333,75.333333,0 70.683333,74.5,0 70.916667,73.666667,0 68.666666,73.666666,0 65.66,70.83,0 66.783333,68.866667,0 68.0,68.43,0 67.36,67.75,0 66.639722,67.307222,0 63.429999,66.459999,0 62.09,65.710833,0 60.063611,64.455556,0 59.5,62.0,0 55.7,60.716667,0 52.0,60.0,0 50.0,60.0,0 48.666666,60.333333,0 46.333333,60.066667,0 45.497777,59.516667,0 45.0,58.766666,0 35.816667,58.583333,0 31.166667,56.916666,0 30.950789,55.603111,0 30.812531,55.589987,0 30.281067,55.866065,0 29.509277,55.701581,0 29.358215,55.757259,0 29.443359,55.958426,0 28.159332,56.144784,0 27.9769,56.82,0 27.6708,56.8458,0 27.8601,57.2941,0 27.327777,57.576389,0 27.829051,57.861662,0 27.480821,58.215308,0 27.36,58.78,0 28.207251,59.388358,0 26.0781,59.85152,0</coordinates></LinearRing></outerBoundaryIs>
    </Polygon>
  </MultiGeometry>
</Placemark>
<Placemark>
  <name>UMKK</name>
  <description>EMEA</description>
  <styleUrl>#fir</styleUrl>
  <MultiGeometry>
    <Polygon>
      <outerBoundaryIs><LinearRing><coordinates>19.641667,54.458333,0 17.55,55.85,0 18.018611,56.095278,0 22.071044,55.026189,0 22.580897,55.071814,0 22.881053,54.797375,0 22.697614,54.603439,0 22.787792,54.365253,0 19.641667,54.458333,0</coordinates></LinearRing></outerBoundaryIs>
    </Polygon>
  </MultiGeometry>
</Placemark>
<Placemark>
  <name>UMMV</name>
  <description>EMEA</description>
  <styleUrl>#fir</styleUrl>
  <MultiGeometry>
    <Polygon>
      <outerBoundaryIs><LinearRing><coordinates>28.151389,56.165833,0 29.443359,55.958426,0 29.358215,55.757259,0 29.509277,55.701581,0 30.281067,55.866065,0 30.935876964690976,55.609035258561896,0 30.833333,55.283333,0 31.016667,55.033333,0 30.75,54.8,0 31.25,54.633333,0 31.1,54.516667,0 31.333333,54.25,0 31.883333,54.05,0 31.766667,53.816667,0 32.45,53.733333,0 32.75,53.466667,0 32.183333,53.1,0 31.633333,53.233333,0 31.25,53.033333,0 31.55,52.866667,0 31.6,52.316667,0 31.793333,52.115,0 31.183333,52.283333,0 30.383333,52.133333,0 30.316667,51.616667,0 30.133333,51.483333,0 29.083333,51.666667,0 27.75,51.383333,0 24.966667,51.883333,0 23.566667,51.533333,0 23.65,52.083333,0 23.166667,52.283333,0 23.45,52.566667,0 23.916667,52.666667,0 23.95,52.966667,0 23.516667,53.933333,0 24.411439,53.891264,0 25.319578,54.251656,0 25.783333,54.166667,0 25.584858,54.329003,0 25.854722,54.881336,0 26.85625,55.264644,0 26.458617,55.318503,0 26.630556,55.680556,0 27.556342,55.807075,0 28.151389,56.165833,0</coordinates></LinearRing></outerBoundaryIs>
    </Polygon>
  </MultiGeometry>
</Placemark>
<Placemark>
  <name>UNKL</name>
  <description>EMEA</description>
  <styleUrl>#fir</styleUrl>
  <MultiGeometry>
    <Polygon>
      <outerBoundaryIs><LinearRing><coordinates>98.0,55.933333,0 96.0,54.0,0 99.0,53.0,0 99.0,52.1,0 98.316667,51.716667,0 97.833333,51.016667,0 98.316667,50.55,0 97.85,49.95,0 97.3,49.75,0 96.8,49.966667,0 94.633333,50.033333,0 94.283333,50.566667,0 93.0,50.616667,0 93.016667,50.783333,0 92.616667,50.7,0 92.366667,50.9,0 92.25,50.7,0 91.75,50.716667,0 89.666667,49.916667,0 89.45,51.0,0 88.283333,51.533333,0 89.05,52.833333,0 88.666667,54.583333,0 89.083333,56.066667,0 88.183333,57.3,0 87.933333,58.75,0 83.0,60.916667,0 84.8,63.45,0 82.783333,66.55,0 80.0,68.666666,0 78.583333,70.866667,0 76.0,71.883333,0 74.466667,72.983333,0 70.916667,73.666667,0 70.683333,74.5,0 81.833333,75.333333,0 89.5,77.333333,0 114.75,78.0,0 114.733333,73.833333,0 112.0,72.0,0 106.5,69.25,0 106.916667,67.0,0 107.0,62.0,0 108.033333,61.266666,0 106.7,60.766666,0 102.5,58.05,0 97.533333,57.45,0 98.0,55.933333,0</coordinates></LinearRing></outerBoundaryIs>
    </Polygon>
  </MultiGeometry>
</Placemark>
<Placemark>
  <name>UNNT</name>
  <description>EMEA</description>
  <styleUrl>#fir</styleUrl>
  <MultiGeometry>
    <Polygon>
      <outerBoundaryIs><LinearRing><coordinates>83,60.916667,0 80.166667,60.666667,0 77.383333333,60.95,0 77.033333333,60.85,0 76.483333333,60.35,0 73.866667,59,0 72.8,58.166667,0 71.166666,57.7,0 69.21667,55.66667,0 69.158333,55.391667,0 70.183333,55.133333,0 70.8,55.3,0 71.3,54.616667,0 71.2,54.333333,0 71.016667,54.35,0 71.166667,54.1,0 71.65,54.1,0 71.75,54.25,0 72.166667,54.133333,0 72.166667,54.366667,0 72.5,54.116667,0 72.35,54.1,0 72.483333,53.916667,0 72.716667,53.95,0 72.566667,54.116667,0 73.283333,53.95,0 73.75,54.05,0 73.283333,53.683333,0 73.45,53.45,0 73.666667,53.633333,0 74.4,53.466667,0 74.466667,53.683333,0 75.4,54.083333,0 76.933333,54.466667,0 76.666667,54.133333,0 76.416667,54.166667,0 76.541111,54,0 77.883333,53.3,0 80.066667,50.75,0 80.666667,51.3,0 81.116667,51.216667,0 81.066667,50.95,0 81.4,50.983333,0 81.45,50.75,0 82.55,50.75,0 83.433333,51.016667,0 83.95,50.783333,0 84.333333,50.216667,0 84.916667,50.1,0 85.2,49.633333,0 86.166667,49.466667,0 86.8,49.8,0 86.616667,49.566667,0 87.416667,49.083333,0 88.133333,49.25,0 88.183333,49.466667,0 88.983333,49.466667,0 89.683333,49.7,0 89.45,51,0 88.283333,51.533333,0 89.05,52.833333,0 88.666667,54.583333,0 89.083333,56.066667,0 88.183333,57.3,0 87.933333,58.75,0 83,60.916667,0</coordinates></LinearRing></outerBoundaryIs>
    </Polygon>
  </MultiGeometry>
</Placemark>
<Placemark>
  <name>URRV</name>
  <description>EMEA</description>
  <styleUrl>#fir</styleUrl>
  <MultiGeometry>
    <Polygon>
      <outerBoundaryIs><LinearRing><coordinates>41.416667,49.983333,0 43.633333,51.1,0 44.983333,51.2,0 45.846604,50.603371,0 47.676604,50.451704,0 47.316667,50.333333,0 47.333333,50.116667,0 46.916667,49.85,0 46.766667,49.333333,0 47.083333,49.116667,0 46.766667,48.933333,0 46.5,48.433333,0 47.1,48.2,0 47.133333,47.783333,0 48.05,47.75,0 48.616667,47.416667,0 49.0,46.766667,0 48.483333,46.666667,0 49.433333,46.233333,0 49.5,42.833333,0 50.0,42.633333,0 47.75,41.183333,0 47.266667,41.316667,0 46.75,41.85,0 45.616667,42.216667,0 45.786667,42.486667,0 45.166667,42.716667,0 43.966667,42.55,0 43.05,43.083333,0 41.8,43.2,0 40.65,43.55,0 40.116667,43.566667,0 39.916667,43.188333,0 40.333333,41.9,0 37.716667,42.683333,0 36.266667,42.733333,0 36.666667,44.516667,0 36.533333,45.205,0 37.5,46.783333,0 38.333333,46.983333,0 38.2875,47.520833,0 38.8375,47.8625,0 39.75,47.829167,0 40.0,48.233333,0 39.666667,48.6,0 39.8,48.833333,0 39.666667,49.05,0 39.933333,49.05,0 40.143333,49.381667,0 41.416667,49.983333,0</coordinates></LinearRing></outerBoundaryIs>
    </Polygon>
  </MultiGeometry>
</Placemark>
<Placemark>
  <name>USSV</name>
  <description>EMEA</description>
  <styleUrl>#fir</styleUrl>
  <MultiGeometry>
    <Polygon>
      <outerBoundaryIs><LinearRing><coordinates>68.183333,55.183333,0 68.166667,54.966667,0 65.466667,54.65,0 65.2,54.533333,0 65.216667,54.35,0 63.166667,54.183333,0 62.55,53.9,0 62.45,54.05,0 61.316667,54.083333,0 61.25,53.916667,0 61.033333,53.966667,0 61.2,53.8,0 60.916667,53.616667,0 61.483333,53.6,0 61.583333,53.516667,0 61.283333,53.516667,0 61.183333,53.3,0 62.116667,53.133333,0 62.133333,53.0,0 61.033333,52.983333,0 60.716667,52.666667,0 61.066667,52.333333,0 60.011666,51.991666,0 58.31667,52.58333,0 57.56667,53.26667,0 58.65,54.2,0 57.88333,55.7,0 56.08333,56.5,0 51.88333,56.36667,0 50.8,56.46667,0 47.91667,57.3,0 46.75,57.23333,0 46.93333,58.16667,0 45.000018557519624,58.76669424047188,0 45.497777,59.516667,0 46.333333,60.066667,0 48.666666,60.333333,0 50.0,60.0,0 52.0,60.0,0 55.7,60.716667,0 59.5,62.0,0 63.2,62.08333,0 63.66667,61.28333,0 64.13333,59.5,0 63.73333,59.03333,0 64.13333,57.81667,0 63.75,57.38333,0 63.75,57.0,0 65.03333,56.86667,0 69.21667,55.66667,0 69.158333,55.391667,0 68.933333,55.433333,0 69.0,55.283333,0 68.183333,55.183333,0</coordinates></LinearRing></outerBoundaryIs>
    </Polygon>
  </MultiGeometry>
</Placemark>
<Placemark>
  <name>USTV</name>
  <description>EMEA</description>
  <styleUrl>#fir</styleUrl>
  <MultiGeometry>
    <Polygon>
      <outerBoundaryIs><LinearRing><coordinates>81.666667,67.4,0 82.783333,66.55,0 84.8,63.45,0 83.0,60.916667,0 80.166667,60.666667,0 77.383333333,60.95,0 77.033333333,60.85,0 76.483333333,60.35,0 73.866667,59.0,0 72.8,58.166667,0 71.166666,57.7,0 69.21667,55.66667,0 65.03333,56.86667,0 63.75,57.0,0 63.75,57.38333,0 64.13333,57.81667,0 63.73333,59.03333,0 64.13333,59.5,0 63.66667,61.28333,0 63.2,62.08333,0 59.5,62.0,0 60.063611,64.455556,0 63.429999,66.459999,0 66.639722,67.307222,0 68.0,68.43,0 66.783333,68.866667,0 65.66,70.83,0 68.666666,73.666666,0 70.916667,73.666667,0 74.466667,72.983333,0 76.0,71.883333,0 78.583333,70.866667,0 80.0,68.666666,0 81.666667,67.4,0</coordinates></LinearRing></outerBoundaryIs>
    </Polygon>
  </MultiGeometry>
</Placemark>
<Placemark>
  <name>UTAA</name>
  <description>EMEA</description>
  <styleUrl>#fir</styleUrl>
  <MultiGeometry>
    <Polygon>
      <outerBoundaryIs><LinearRing><coordinates>61.266667222222225,35.6,0 61.14365611111111,36.660692222222224,0 60.35030305555556,36.63236111111111,0 60.055,37.00277805555555,0 59.53194222222222,37.126667222222224,0 59.33222222222223,37.505833055555556,0 57.483333333333334,37.91666722222222,0 57.21666722222223,38.28333333333333,0 55.5,38.083333333333336,0 55.56666722222223,39.28333333333333,0 56.45166722222223,40.055,0 57.616667222222226,40.31666722222223,0 60.26892,40.40410416666666,0 60.25,39.91666722222222,0 61.4,38.63333333333333,0 61.89666666666667,37.62166666666667,0 61.266667222222225,35.6,0</coordinates></LinearRing></outerBoundaryIs>
    </Polygon>
  </MultiGeometry>
</Placemark>
<Placemark>
  <name>UTAK</name>
  <description>EMEA</description>
  <styleUrl>#fir</styleUrl>
  <MultiGeometry>
    <Polygon>
      <outerBoundaryIs><LinearRing><coordinates>55.5,38.083333,0 54.233333,37.333333,0 51.5,37.9,0 51.5,42.0,0 52.466667,41.783333,0 53.0,42.133333,0 54.2,42.35,0 54.816667,42.033333,0 55.533333,41.25,0 56.0,41.316667,0 57.616667,40.316667,0 56.451667,40.055,0 55.566667,39.283333,0 55.5,38.083333,0</coordinates></LinearRing></outerBoundaryIs>
    </Polygon>
  </MultiGeometry>
</Placemark>
<Placemark>
  <name>UTAT</name>
  <description>EMEA</description>
  <styleUrl>#fir</styleUrl>
  <MultiGeometry>
    <Polygon>
      <outerBoundaryIs><LinearRing><coordinates>57.0,42.0,0 58.833333,42.5,0 59.55,42.3,0 60.0,42.0,0 60.25,41.333333,0 61.333333,41.166667,0 62.166667,40.466667,0 57.616667,40.316667,0 56.0,41.316667,0 57.0,42.0,0</coordinates></LinearRing></outerBoundaryIs>
    </Polygon>
  </MultiGeometry>
</Placemark>
<Placemark>
  <name>UTAV</name>
  <description>EMEA</description>
  <styleUrl>#fir</styleUrl>
  <MultiGeometry>
    <Polygon>
      <outerBoundaryIs><LinearRing><coordinates>61.4,38.63333333333333,0 60.25,39.91666722222222,0 60.26892,40.40410416666666,0 62.16666722222222,40.46666722222223,0 62.583333333333336,39.93333333333333,0 65.53333333333333,38.28333333333333,0 66.66666722222223,38,0 66.53333333333333,37.333333333333336,0 65.71666722222223,37.55,0 65.53333333333333,37.25,0 64.75,37.116667222222226,0 64.61666722222222,36.43333333333333,0 64.05,36,0 63.13333333333333,35.866667222222226,0 63.25,35.7,0 63.083333333333336,35.41666722222222,0 62.3,35.13333333333333,0 62,35.45,0 61.27583305555555,35.615833055555555,0 61.89666666666667,37.62166666666667,0 61.4,38.63333333333333,0</coordinates></LinearRing></outerBoundaryIs>
    </Polygon>
  </MultiGeometry>
</Placemark>
<Placemark>
  <name>UTDD</name>
  <description>EMEA</description>
  <styleUrl>#fir</styleUrl>
  <MultiGeometry>
    <Polygon>
      <outerBoundaryIs><LinearRing><coordinates>67.783333,37.2,0 67.868089,37.62947,0 68.408268,38.195495,0 68.069687,38.386755,0 68.204086,38.914011,0 67.341479,39.230623,0 67.393494,39.524943,0 67.706553,39.660957,0 68.525269,39.531237,0 69.024103,40.151112,0 68.501428,40.13644,0 69.305615,40.186874,0 69.208415,40.54266,0 69.347795,40.782908,0 69.723755,40.625188,0 70.444497,41.041494,0 70.802117,40.720553,0 70.323456,40.456465,0 70.783333,40.1,0 70.005266,40.24281,0 69.511934,40.072252,0 69.541277,39.94571,0 69.357882,40.02457,0 69.345044,39.542241,0 70.494830833333,39.605833333333,0 71.0,39.333333,0 73.666667,39.483333,0 73.8,38.6,0 74.4,38.666667,0 74.833333,38.466667,0 74.8,38.066667,0 75.233333,37.4,0 74.883333,37.233333,0 74.3,37.4,0 73.8,37.233333,0 73.616667,37.25,0 73.766667,37.433333,0 73.333333,37.466667,0 72.675,37.025,0 71.65,36.683333,0 71.433333,37.066667,0 71.583333,37.916667,0 71.25,37.933333,0 71.375,38.216667,0 71.0,38.483333,0 70.175,37.95,0 70.266667,37.616667,0 69.55,37.591667,0 69.25,37.091667,0 68.883333,37.333333,0 68.025,36.925,0 67.783333,37.2,0</coordinates></LinearRing></outerBoundaryIs>
    </Polygon>
  </MultiGeometry>
</Placemark>
<Placemark>
  <name>UUWV</name>
  <description>EMEA</description>
  <styleUrl>#fir</styleUrl>
  <MultiGeometry>
    <Polygon>
      <outerBoundaryIs><LinearRing><coordinates>31.7,52.25,0 31.55,52.866667,0 31.25,53.033333,0 31.633333,53.233333,0 32.183333,53.1,0 32.75,53.466667,0 32.45,53.733333,0 31.766667,53.816667,0 31.883333,54.05,0 31.333333,54.25,0 31.1,54.516667,0 31.25,54.633333,0 30.75,54.8,0 31.016667,55.033333,0 30.833333,55.283333,0 31.166669411189787,56.916666755313805,0 35.81765166908939,58.58337831270969,0 45.000018557519624,58.76669424047188,0 46.93333,58.16667,0 46.43333,55.6,0 46.58333,54.81667,0 43.85,54.63333,0 42.466667,53.5,0 42.866667,52.333333,0 42.583333,51.533333,0 43.033333,50.75,0 40.143333,49.381667,0 40.15,49.616667,0 39.816667,49.566667,0 38.35,50.083333,0 38.133333,49.933333,0 37.483333,50.45,0 36.683333,50.266667,0 36.033333,50.45,0 35.6,50.366667,0 35.4,50.6,0 35.416667,51.033333,0 35.116667,51.233333,0 34.264594,51.243628,0 34.107033,51.664178,0 34.432472,51.779342,0 33.853761,52.322681,0 32.400764,52.316203,0 32.03235,52.014828,0 31.7,52.25,0</coordinates></LinearRing></outerBoundaryIs>
    </Polygon>
  </MultiGeometry>
</Placemark>
<Placemark>
  <name>UWWW</name>
  <description>EMEA</description>
  <styleUrl>#fir</styleUrl>
  <MultiGeometry>
    <Polygon>
      <outerBoundaryIs><LinearRing><coordinates>46.58333,54.81667,0 43.85,54.63333,0 42.466667,53.5,0 42.866667,52.333333,0 42.583333,51.533333,0 43.033333,50.75,0 43.633333,51.1,0 44.983333,51.2,0 45.846604,50.603371,0 47.676604,50.451704,0 48.416667,49.8,0 48.890669,50.019418,0 48.606974,50.662851,0 48.833333,50.583333,0 49.433333,50.866667,0 49.333333,51,0 49.516667,51.133333,0 50.366667,51.333333,0 50.566667,51.633333,0 50.75,51.583333,0 50.75,51.766667,0 51.366667,51.65,0 51.283333,51.483333,0 52.35,51.766667,0 52.566667,51.466667,0 53.366667,51.5,0 54.516667,50.833333,0 54.416667,50.633333,0 54.55,50.55,0 54.733333,50.633333,0 54.7,50.883333,0 55.05,50.933333,0 55.7,50.566667,0 56.633333,51.083333,0 57.183333,51.1,0 57.5,50.866667,0 57.75,51.133333,0 58.6,51.033333,0 58.6,50.833333,0 59.516667,50.516667,0 59.833333,50.583333,0 60.033333,50.866667,0 60.233333,50.683333,0 61.466667,50.8,0 61.683333,51.266667,0 58.31667,52.58333,0 57.56667,53.26667,0 58.65,54.2,0 57.88333,55.7,0 56.08333,56.5,0 51.88333,56.36667,0 50.8,56.46667,0 47.91667,57.3,0 46.75,57.23333,0 46.43333,55.6,0 46.58333,54.81667,0</coordinates></LinearRing></outerBoundaryIs>
    </Polygon>
  </MultiGeometry>
</Placemark>
<Placemark>
  <name>UZSD</name>
  <description>EMEA</description>
  <styleUrl>#fir</styleUrl>
  <MultiGeometry>
    <Polygon>
      <outerBoundaryIs><LinearRing><coordinates>62.166667,40.466667,0 63.9,41.4,0 66.0,41.0,0 67.8,40.116667,0 67.341479,39.230623,0 68.204086,38.914011,0 68.069687,38.386755,0 68.408268,38.195495,0 67.868089,37.62947,0 67.783333,37.2,0 66.533333,37.333333,0 66.666667,38.0,0 65.533333,38.283333,0 62.583333,39.933333,0 62.166667,40.466667,0</coordinates></LinearRing></outerBoundaryIs>
    </Polygon>
  </MultiGeometry>
</Placemark>
<Placemark>
  <name>UZTR</name>
  <description>EMEA</description>
  <styleUrl>#fir</styleUrl>
  <MultiGeometry>
    <Polygon>
      <outerBoundaryIs><LinearRing><coordinates>63.833333333333336,42.5,0 65.72,43.04,0 65.84483722222221,42.85446805555556,0 66.09969111111111,42.93506416666666,0 65.99797222222222,41.93657611111111,0 69.0388611111111,41.32405555555556,0 70.946666666667,42.266666111111,0 71.06666722222222,41.585,0 72.11666722222222,41.13333333333333,0 72.58333333333333,40.66666722222222,0 71.95,40.2,0 70.78333333333333,40.1,0 70.32345611111111,40.456465,0 70.80211722222222,40.720553055555555,0 70.44449722222222,41.041494166666666,0 69.723755,40.625188055555554,0 69.34779499999999,40.78290805555555,0 69.208415,40.54266,0 69.305615,40.18687416666666,0 68.50142805555555,40.13644,0 69.02410305555556,40.151112222222224,0 68.52526916666666,39.531237222222224,0 67.45893111111111,39.57753916666667,0 67.8,40.116667222222226,0 66,41,0 63.9,41.4,0 62.16666722222222,40.46666722222223,0 61.333333333333336,41.16666722222222,0 60.25,41.333333333333336,0 60,42,0 58.833333333333336,42.5,0 57,42,0 56,41.31666722222223,0 56,45,0 58.59455222222223,45.59534416666667,0 60.748292222222226,44.64348611111111,0 62,43.5,0 63.833333333333336,42.5,0</coordinates></LinearRing></outerBoundaryIs>
    </Polygon>
    <Polygon>
      <outerBoundaryIs><LinearRing><coordinates>70.11897111111111,39.58992416666667,0 69.34504416666667,39.54224111111111,0 69.29186,39.91636722222222,0 70.00526611111111,40.24281,0 70.55,40.03333333333333,0 70.78133361111111,39.66899972222222,0 70.11897111111111,39.58992416666667,0</coordinates></LinearRing></outerBoundaryIs>
    </Polygon>
  </MultiGeometry>
</Placemark>
<Placemark>
  <name>VAAH</name>
  <description>APAC</description>
  <styleUrl>#fir</styleUrl>
  <MultiGeometry>
    <Polygon>
      <outerBoundaryIs><LinearRing><coordinates>72.551944444444,21.505555555556,0 71.466111,20.800833,0 70.51272376588,22.270144337677,0 70.65,22.804166666667,0 71.2,22.863333333333,0 70.845833333333,23.368333333333,0 68.748125,23.963067,0 68.346808,23.925522,0 68.748125,23.963067,0 68.787672,24.350567,0 69.859944,24.132864,0 70.240625,24.354592,0 70.577497,24.398839,0 70.617042,24.224531,0 71.094528,24.394819,0 70.958308,24.5584,0 71.091597,24.721983,0 70.678558,25.412506,0 73.413888888889,24.863888888889,0 73.892777777778,25.117996417582,0 76.0,24.99964,0 76.009,21.0,0 73.314444444444,21.526111111111,0 73.2475,21.357222222222,0 72.551944444444,21.505555555556,0</coordinates></LinearRing></outerBoundaryIs>
    </Polygon>
  </MultiGeometry>
</Placemark>
<Placemark>
  <name>VABB</name>
  <description>APAC</description>
  <styleUrl>#fir</styleUrl>
  <MultiGeometry>
    <Polygon>
      <outerBoundaryIs><LinearRing><coordinates>69.433055555556,17.967777777778,0 68.857777777778,17.847222222222,0 68.857777777778,21.21,0 71.149722,20.7675,0 72.551944444444,21.505555555556,0 73.2475,21.357222222222,0 73.314444444444,21.526111111111,0 76.009,21.0,0 76.0,16.666666666667,0 73.0,16.283333333333,0 69.433055555556,17.967777777778,0</coordinates></LinearRing></outerBoundaryIs>
    </Polygon>
  </MultiGeometry>
</Placemark>
<Placemark>
  <name>VABF</name>
  <description>APAC</description>
  <styleUrl>#fir</styleUrl>
  <MultiGeometry>
    <Polygon>
      <outerBoundaryIs><LinearRing><coordinates>60.0,19.8,0 64.49532,23.49615,0 68.266719,23.496508,0 68.346808,23.925522,0 68.748125,23.963067,0 68.787672,24.350567,0 69.859944,24.132864,0 70.577497,24.398839,0 70.617042,24.224531,0 71.094528,24.394819,0 70.958308,24.5584,0 71.091597,24.721983,0 70.678558,25.412506,0 73.413888888889,24.863888888889,0 73.892777777778,25.117996417582,0 79.08194732666016,25.00027847290039,0 80.0594482421875,23.18027687072754,0 80.59361267089844,21.502500534057617,0 82.0,18.71666717529297,0 77.166666666667,19.716666666667,0 76.0006309098384,19.316882978611595,0 76.0,16.666666666667,0 73.0,16.283333333333,0 73.583333333333,15.0,0 71.999506,15.001219,0 71.999519,7.5018,0 69.999769,7.501797,0 70.0,3.083333,0 68.000019,0.002325,0 68.0,-6.0,0 60.0,-6.0,0 60.0,19.8,0</coordinates></LinearRing></outerBoundaryIs>
    </Polygon>
  </MultiGeometry>
</Placemark>
<Placemark>
  <name>VANP</name>
  <description>APAC</description>
  <styleUrl>#fir</styleUrl>
  <MultiGeometry>
    <Polygon>
      <outerBoundaryIs><LinearRing><coordinates>76.0,24.99964,0 79.08194732666016,25.00027847290039,0 80.0594482421875,23.18027687072754,0 80.59361267089844,21.502500534057617,0 82.0,18.71666717529297,0 77.166666666667,19.716666666667,0 76.0006309098384,19.316882978611595,0 76.0,24.99964,0</coordinates></LinearRing></outerBoundaryIs>
    </Polygon>
  </MultiGeometry>
</Placemark>
<Placemark>
  <name>VCCF</name>
  <description>APAC</description>
  <styleUrl>#fir</styleUrl>
  <MultiGeometry>
    <Polygon>
      <outerBoundaryIs><LinearRing><coordinates>80.0,10.0,0 82.0,10.0,0 92.0,6.0,0 92.0,-2.0,0 78.0,-2.0,0 78.0,6.0,0 80.0,10.0,0</coordinates></LinearRing></outerBoundaryIs>
    </Polygon>
  </MultiGeometry>
</Placemark>
<Placemark>
  <name>VDPF</name>
  <description>APAC</description>
  <styleUrl>#fir</styleUrl>
  <MultiGeometry>
    <Polygon>
      <outerBoundaryIs><LinearRing><coordinates>102.936881,11.748156,0 102.2535,9.998,0 102.538837,8.855689,0 103.923045,10.661691,0 104.50264,10.409833,0 105.09333,10.710834,0 105.109726,10.955944,0 105.356918,10.849667,0 105.777527,11.026472,0 106.19239,10.789861,0 105.850586,11.657945,0 106.448753,11.66725,0 106.417969,11.972362,0 107.546028,12.345472,0 107.618469,13.516084,0 107.339226,14.111,0 107.552102,14.736488,0 106.758949,14.325036,0 106.612365,14.531125,0 106.019495,14.347168,0 106.147212,13.964017,0 105.280767,14.165752,0 105.2628,14.343358,0 105.079492,14.168367,0 104.912842,14.36835,0 103.646325,14.401661,0 102.963078,14.185,0 102.629803,13.618364,0 102.379817,13.551706,0 102.363164,13.285061,0 102.936881,11.748156,0</coordinates></LinearRing></outerBoundaryIs>
    </Polygon>
  </MultiGeometry>
</Placemark>
<Placemark>
  <name>VEBN</name>
  <description>APAC</description>
  <styleUrl>#fir</styleUrl>
  <MultiGeometry>
    <Polygon>
      <outerBoundaryIs><LinearRing><coordinates>79.08194732666016,25.00027847290039,0 78.998611111111,25.133611111111,0 79.59833526611328,25.600276947021484,0 79.8316650390625,25.283611297607422,0 80.03164401019532,25.89263302094854,0 80.462222222222,25.431944444444,0 81.41,26.788333333333,0 82.747978,27.48355,0 83.914489,27.333581,0 84.114461,27.483572,0 84.614397,27.316928,0 84.631067,27.050286,0 85.031017,26.833644,0 83.918611111111,25.525555555556,0 84.943888888889,24.741944444444,0 84.456111111111,24.208888888889,0 84.129166666667,22.971388888889,0 80.0594482421875,23.18027687072754,0 79.08194732666016,25.00027847290039,0</coordinates></LinearRing></outerBoundaryIs>
    </Polygon>
  </MultiGeometry>
</Placemark>
<Placemark>
  <name>VECC</name>
  <description>APAC</description>
  <styleUrl>#fir</styleUrl>
  <MultiGeometry>
    <Polygon>
      <outerBoundaryIs><LinearRing><coordinates>86.91331213087993,26.47936630839953,0 87.614019,26.367064,0 88.138964,25.833789,0 88.830547,25.542161,0 89.047194,25.175528,0 88.513928,25.325506,0 88.363956,24.850544,0 88.213975,24.933867,0 88.080664,24.667222,0 88.763917,24.308931,0 88.597286,23.667317,0 88.830592,23.500667,0 88.755606,23.309017,0 89.047236,23.225694,0 88.897258,23.100703,0 88.928097,22.584911,0 92.0,21.0,0 92.0,18.388333333333,0 86.627222222222,20.571111111111,0 84.129166666667,22.971388888889,0 84.456111111111,24.208888888889,0 84.943888888889,24.741944444444,0 87.041111111111,24.743611111111,0 87.555277777778,25.614722222222,0 86.91331213087993,26.47936630839953,0</coordinates></LinearRing></outerBoundaryIs>
    </Polygon>
  </MultiGeometry>
</Placemark>
<Placemark>
  <name>VECF</name>
  <description>APAC</description>
  <styleUrl>#fir</styleUrl>
  <MultiGeometry>
    <Polygon>
      <outerBoundaryIs><LinearRing><coordinates>87.614019,26.367064,0 88.130617,26.4504,0 88.236408,26.850817,0 88.030614,27.150336,0 88.213906,27.850278,0 88.083333,27.95,0 88.65,28.15,0 88.913808,27.983614,0 88.830503,27.400331,0 89.002529,27.325164,0 89.483333,28.116667,0 89.900198,28.185003,0 91.328146,28.069816,0 91.887863,27.72682,0 92.331219,27.800915,0 93.333333,28.675,0 94.846333,29.333636,0 94.829672,29.200314,0 95.3,29.15,0 96.049129,29.390752,0 96.297331,29.158725,0 96.199755,29.02497,0 96.629461,28.783733,0 96.262853,28.417089,0 97.116667,28.383333,0 97.36666870117188,28.200000762939453,0 97.38333129882812,27.883333206176758,0 96.9000015258789,27.616666793823242,0 97.1500015258789,27.100000381469727,0 96.63333129882812,27.366666793823242,0 95.1500015258789,26.66666603088379,0 95.18333435058594,26.08333396911621,0 94.66666412353516,25.450000762939453,0 94.61666870117188,24.766666412353516,0 94.13333129882812,23.83333396911621,0 93.3499984741211,24.100000381469727,0 93.36666870117188,23.149999618530273,0 93.0999984741211,22.71666717529297,0 93.19999694824219,22.350000381469727,0 92.9000015258789,21.950000762939453,0 92.69999694824219,22.149999618530273,0 92.61666870117188,21.96666717529297,0 92.260317,23.701433,0 91.960389,23.701422,0 91.710489,22.934867,0 91.443872,23.234811,0 91.343906,23.068167,0 91.127267,23.601406,0 91.360517,24.117994,0 91.893717,24.151344,0 92.243594,24.834578,0 92.460206,24.901244,0 92.376889,25.017889,0 89.810856,25.2844,0 89.677511,26.217567,0 89.594211,25.950944,0 89.327611,25.984261,0 89.077661,26.350856,0 88.677767,26.250856,0 88.394489,26.600783,0 88.544467,26.334172,0 88.0919,25.918008,0 88.830547,25.542161,0 89.047194,25.175528,0 88.513928,25.325506,0 88.363956,24.850544,0 88.213975,24.933867,0 88.080664,24.667222,0 88.763917,24.308931,0 88.597286,23.667317,0 88.830592,23.500667,0 88.755606,23.309017,0 89.047236,23.225694,0 88.897258,23.100703,0 88.928097,22.584911,0 89.161419,21.634994,0 92.0,21.0,0 92.0,14.0,0 85.9000015258789,15.699999809265137,0 82.81666564941406,18.683332443237305,0 82.0,18.71666717529297,0 80.59361267089844,21.502500534057617,0 80.0594482421875,23.18027687072754,0 78.998611111111,25.133611111111,0 79.59833526611328,25.600276947021484,0 79.8316650390625,25.283611297607422,0 80.19833374023438,26.400278091430664,0 81.55,27.156111111111,0 82.747978,27.48355,0 83.914489,27.333581,0 84.114461,27.483572,0 84.614397,27.316928,0 84.631067,27.050286,0 85.181,26.750322,0 85.721203,26.816992,0 85.864247,26.55035,0 86.030889,26.650344,0 86.764131,26.400381,0 87.047422,26.550372,0 87.614019,26.367064,0</coordinates></LinearRing></outerBoundaryIs>
    </Polygon>
  </MultiGeometry>
</Placemark>
<Placemark>
  <name>VEGF</name>
  <description>APAC</description>
  <styleUrl>#fir</styleUrl>
  <MultiGeometry>
    <Polygon>
      <outerBoundaryIs><LinearRing><coordinates>87.614019,26.367064,0 88.130617,26.4504,0 88.236408,26.850817,0 88.030614,27.150336,0 88.213906,27.850278,0 88.083333,27.95,0 88.65,28.15,0 88.913808,27.983614,0 88.830503,27.400331,0 89.002529,27.325164,0 89.483333,28.116667,0 89.900198,28.185003,0 91.328146,28.069816,0 91.887863,27.72682,0 92.331219,27.800915,0 93.333333,28.675,0 94.846333,29.333636,0 94.829672,29.200314,0 95.3,29.15,0 96.049129,29.390752,0 96.297331,29.158725,0 96.199755,29.02497,0 96.629461,28.783733,0 96.262853,28.417089,0 97.116667,28.383333,0 97.36666870117188,28.200000762939453,0 97.38333129882812,27.883333206176758,0 96.9000015258789,27.616666793823242,0 97.1500015258789,27.100000381469727,0 96.63333129882812,27.366666793823242,0 95.1500015258789,26.66666603088379,0 95.18333435058594,26.08333396911621,0 94.66666412353516,25.450000762939453,0 94.61666870117188,24.766666412353516,0 94.13333129882812,23.83333396911621,0 93.3499984741211,24.100000381469727,0 93.36666870117188,23.149999618530273,0 93.0999984741211,22.71666717529297,0 93.19999694824219,22.350000381469727,0 92.9000015258789,21.950000762939453,0 92.69999694824219,22.149999618530273,0 92.61666870117188,21.96666717529297,0 92.260317,23.701433,0 91.960389,23.701422,0 91.710489,22.934867,0 91.443872,23.234811,0 91.343906,23.068167,0 91.127267,23.601406,0 91.360517,24.117994,0 91.893717,24.151344,0 92.243594,24.834578,0 92.460206,24.901244,0 92.376889,25.017889,0 89.810856,25.2844,0 89.677511,26.217567,0 89.594211,25.950944,0 89.327611,25.984261,0 89.077661,26.350856,0 88.677767,26.250856,0 88.394489,26.600783,0 88.544467,26.334172,0 88.0919,25.918008,0 87.614019,26.367064,0</coordinates></LinearRing></outerBoundaryIs>
    </Polygon>
  </MultiGeometry>
</Placemark>
<Placemark>
  <name>VGFR</name>
  <description>APAC</description>
  <styleUrl>#fir</styleUrl>
  <MultiGeometry>
    <Polygon>
      <outerBoundaryIs><LinearRing><coordinates>92.0,21.0,0 89.161419,21.634994,0 88.928097,22.584911,0 88.897258,23.100703,0 89.047236,23.225694,0 88.755606,23.309017,0 88.830592,23.500667,0 88.597286,23.667317,0 88.763917,24.308931,0 88.080664,24.667222,0 88.213975,24.933867,0 88.363956,24.850544,0 88.513928,25.325506,0 89.047194,25.175528,0 88.830547,25.542161,0 88.0919,25.918008,0 88.544467,26.334172,0 88.394489,26.600783,0 88.677767,26.250856,0 89.077661,26.350856,0 89.327611,25.984261,0 89.594211,25.950944,0 89.677511,26.217567,0 89.810856,25.2844,0 92.060289,25.16785,0 92.460206,24.901244,0 92.243594,24.834578,0 91.893717,24.151344,0 91.360517,24.117994,0 91.143922,23.751378,0 91.343906,23.068167,0 91.443872,23.234811,0 91.6605,22.934867,0 91.960389,23.701422,0 92.260317,23.701433,0 92.610428,22.151681,0 92.0,21.0,0</coordinates></LinearRing></outerBoundaryIs>
    </Polygon>
  </MultiGeometry>
</Placemark>
<Placemark>
  <name>VHHK</name>
  <description>APAC</description>
  <styleUrl>#fir</styleUrl>
  <MultiGeometry>
    <Polygon>
      <outerBoundaryIs><LinearRing><coordinates>117.5,23,0 117.5,21,0 114.0,16.666667,0 111.5,19.5,0 111.5,21.108348333333,0 113.26802277778,21.682646666667,0 113.82888888889,22.409444444444,0 114.26805555556,22.580555555556,0 114.5132975,22.397393333333,0 115.87972222222,22.539583333333,0 116.094722,22.819722,0 116.501389,22.6825,0 117.5,23.0,0</coordinates></LinearRing></outerBoundaryIs>
    </Polygon>
  </MultiGeometry>
</Placemark>
<Placemark>
  <name>VIAR</name>
  <description>APAC</description>
  <styleUrl>#fir</styleUrl>
  <MultiGeometry>
    <Polygon>
      <outerBoundaryIs><LinearRing><coordinates>75.665556,31.733056,0 75.998889,31.999722,0 76.912417,32.004861,0 75.74077480197576,29.958562799361655,0 72.970753,29.016656,0 73.391825,29.895122,0 73.970828,30.195714,0 73.873061,30.382472,0 74.617503,31.075078,0 74.496603,31.767672,0 75.217868,32.162368,0 75.665556,31.733056,0</coordinates></LinearRing></outerBoundaryIs>
    </Polygon>
  </MultiGeometry>
</Placemark>
<Placemark>
  <name>VIDF</name>
  <description>APAC</description>
  <styleUrl>#fir</styleUrl>
  <MultiGeometry>
    <Polygon>
      <outerBoundaryIs><LinearRing><coordinates>77.85,35.516667,0 78.116667,35.466667,0 78.0,35.383333,0 78.266667,34.683333,0 79.0,34.333333,0 78.716667,34.066667,0 78.716667,33.666667,0 79.2,33.2,0 79.266667,32.516667,0 78.966667,32.333333,0 78.75,32.683333,0 78.433333,32.533333,0 78.866667,31.616667,0 78.783333,31.316667,0 79.883333,30.983333,0 80.216667,30.6,0 81.033333,30.266667,0 80.348267,29.766633,0 80.048325,28.800056,0 81.066667,28.433333,0 81.931417,27.816839,0 82.681317,27.683531,0 82.747978,27.48355,0 81.55,27.156111111111,0 80.19833374023438,26.400278091430664,0 79.8316650390625,25.283611297607422,0 79.59833526611328,25.600276947021484,0 78.998611111111,25.133611111111,0 79.08194732666016,25.00027847290039,0 73.892777777778,25.117996417582,0 73.413888888889,24.863888888889,0 70.678558,25.412506,0 70.653658,25.720897,0 70.264053,25.692739,0 70.088294,26.061464,0 70.184964,26.581706,0 69.445303,26.821714,0 69.741164,27.347317,0 70.353394,28.052592,0 70.662439,27.931919,0 70.737139,27.697275,0 71.870783,27.949353,0 72.5255,28.88525,0 72.970753,29.016656,0 73.391825,29.895122,0 73.970828,30.195714,0 73.873061,30.382472,0 74.617503,31.075078,0 74.496603,31.767672,0 75.376789,32.214136,0 74.659911,32.519686,0 74.695964,32.838819,0 74.409636,32.743761,0 73.966356,33.234339,0 74.206019,33.499158,0 73.959989,33.750392,0 74.320542,33.977869,0 73.892117,34.062742,0 74.0024,34.271539,0 73.777583,34.427739,0 74.070267,34.710442,0 74.526267,34.763125,0 75.815794,34.489214,0 76.432981,34.791236,0 76.918675,34.659547,0 76.950486,34.912397,0 77.85,35.516667,0</coordinates></LinearRing></outerBoundaryIs>
    </Polygon>
  </MultiGeometry>
</Placemark>
<Placemark>
  <name>VIJP</name>
  <description>APAC</description>
  <styleUrl>#fir</styleUrl>
  <MultiGeometry>
    <Polygon>
      <outerBoundaryIs><LinearRing><coordinates>72.928611111111,26.226666666667,0 74.644722222222,27.369444444444,0 76.378611111111,26.549166666667,0 76.0,24.99964,0 73.54061859552719,24.999564128635406,0 72.928611111111,26.226666666667,0</coordinates></LinearRing></outerBoundaryIs>
    </Polygon>
  </MultiGeometry>
</Placemark>
<Placemark>
  <name>VILK</name>
  <description>APAC</description>
  <styleUrl>#fir</styleUrl>
  <MultiGeometry>
    <Polygon>
      <outerBoundaryIs><LinearRing><coordinates>79.041111111111,26.586944444444,0 80.531594,28.650078,0 81.931417,27.816839,0 82.681317,27.683531,0 82.747978,27.48355,0 81.41,26.788333333333,0 80.462222222222,25.431944444444,0 79.041111111111,26.586944444444,0</coordinates></LinearRing></outerBoundaryIs>
    </Polygon>
  </MultiGeometry>
</Placemark>
<Placemark>
  <name>VIUX</name>
  <description>APAC</description>
  <styleUrl>#fir</styleUrl>
  <MultiGeometry>
    <Polygon>
      <outerBoundaryIs><LinearRing><coordinates>75.21786776490791,32.162368039418794,0 75.376789,32.214136,0 75.190142,32.421231,0 74.659911,32.519686,0 74.695964,32.838819,0 74.409636,32.743761,0 73.966356,33.234339,0 74.206019,33.499158,0 73.959989,33.750392,0 74.320542,33.977869,0 73.892117,34.062742,0 74.0024,34.271539,0 73.777583,34.427739,0 74.070267,34.710442,0 74.526267,34.763125,0 75.815794,34.489214,0 76.432981,34.791236,0 76.918675,34.659547,0 77.081986,35.032733,0 78.1,35.5,0 78.0,35.383333,0 78.266667,34.683333,0 79.0,34.333333,0 78.716667,34.066667,0 78.716667,33.666667,0 79.2,33.2,0 79.266667,32.516667,0 78.966667,32.333333,0 78.75,32.683333,0 78.433333,32.533333,0 78.69375663708712,31.999992682654593,0 75.998888888889,31.999722222222,0 75.665555555556,31.733055555556,0 75.21786776490791,32.162368039418794,0</coordinates></LinearRing></outerBoundaryIs>
    </Polygon>
  </MultiGeometry>
</Placemark>
<Placemark>
  <name>VLVT</name>
  <description>APAC</description>
  <styleUrl>#fir</styleUrl>
  <MultiGeometry>
    <Polygon>
      <outerBoundaryIs><LinearRing><coordinates>105.2628,14.343358,0 105.280767,14.165752,0 106.147212,13.964017,0 106.019495,14.347168,0 106.612365,14.531125,0 106.758949,14.325036,0 107.552102,14.736488,0 107.69143,15.263322,0 107.227004,15.837324,0 107.427288,16.127591,0 106.694365,16.504211,0 105.523139,18.23166,0 105.108058,18.480563,0 105.209652,18.672139,0 103.957152,19.301292,0 104.148728,19.509558,0 104.055842,19.648886,0 104.598641,19.585027,0 104.975987,20.003011,0 104.546393,20.510252,0 104.633473,20.640872,0 104.145825,21.002979,0 103.678496,20.654659,0 103.173432,20.828819,0 102.884617,21.231564,0 103.026848,21.632132,0 102.852688,21.855637,0 102.684333,21.669866,0 102.15,22.4,0 101.75,22.5,0 101.55,22.233333,0 101.85,21.233333,0 101.283333,21.183333,0 101.184,21.465003,0 100.816667,21.258331,0 100.666667,20.816667,0 100.333333,20.783333,0 100.075325,20.257628,0 100.291628,20.416619,0 100.613258,20.209478,0 100.421625,19.751178,0 100.563281,19.517867,0 101.279853,19.617872,0 101.363189,19.051256,0 101.079903,18.434633,0 101.196561,18.051333,0 101.004928,17.584703,0 101.129914,17.501378,0 102.079783,18.234669,0 102.613056,17.851375,0 103.029669,17.984708,0 103.429608,18.468008,0 103.979544,18.351361,0 104.829461,17.351458,0 104.779483,16.551517,0 105.662728,15.684933,0 105.496089,15.368286,0 105.629406,15.318292,0 105.479428,15.134969,0 105.629411,14.968317,0 105.546097,14.560014,0 105.2628,14.343358,0</coordinates></LinearRing></outerBoundaryIs>
    </Polygon>
  </MultiGeometry>
</Placemark>
<Placemark>
  <name>VNSM</name>
  <description>APAC</description>
  <styleUrl>#fir</styleUrl>
  <MultiGeometry>
    <Polygon>
      <outerBoundaryIs><LinearRing><coordinates>80.900011,30.233336,0 81.233333,30.05,0 81.383333,30.416667,0 82.164669,30.349936,0 82.247997,30.099961,0 83.231203,29.616689,0 83.597828,29.216733,0 83.91445,29.350061,0 84.214411,29.250075,0 84.181089,28.916772,0 84.447722,28.766789,0 85.214286,28.683478,0 85.1643,28.383506,0 85.880875,28.166872,0 85.997531,27.950225,0 86.164169,28.216872,0 86.264161,27.983561,0 86.714097,28.133556,0 87.214039,27.850258,0 88.213906,27.850278,0 88.030614,27.150336,0 88.236408,26.850817,0 88.130617,26.4504,0 87.364053,26.333731,0 87.047422,26.550372,0 86.764131,26.400381,0 86.030889,26.650344,0 85.864247,26.55035,0 85.721203,26.816992,0 85.181,26.750322,0 84.631067,27.050286,0 84.614397,27.316928,0 84.114461,27.483572,0 83.336928,27.334039,0 81.581461,27.983486,0 81.066667,28.433333,0 80.048325,28.800056,0 80.348267,29.766633,0 80.900011,30.233336,0</coordinates></LinearRing></outerBoundaryIs>
    </Polygon>
  </MultiGeometry>
</Placemark>
<Placemark>
  <name>VOBG</name>
  <description>APAC</description>
  <styleUrl>#fir</styleUrl>
  <MultiGeometry>
    <Polygon>
      <outerBoundaryIs><LinearRing><coordinates>76.454166666667,12.758333333333,0 77.141666666667,12.758333333333,0 77.430555555556,13.016666666667,0 78.416666666667,13.0,0 78.416666666667,12.75,0 79.290905249406,12.43177580567,0 78.670211660335,11.602115415074,0 77.415555555556,11.301666666667,0 77.516666666667,11.966666666667,0 77.216666666667,12.066666666667,0 76.998888888889,11.635,0 76.454166666667,12.758333333333,0</coordinates></LinearRing></outerBoundaryIs>
    </Polygon>
  </MultiGeometry>
</Placemark>
<Placemark>
  <name>VOBL</name>
  <description>APAC</description>
  <styleUrl>#fir</styleUrl>
  <MultiGeometry>
    <Polygon>
      <outerBoundaryIs><LinearRing><coordinates>77.516666666667,15.95,0 78.75,15.966666666667,0 78.9,14.383333333333,0 79.266666666667,14.016666666667,0 78.8,13.0,0 77.430555555556,13.016666666667,0 77.141666666667,12.758333333333,0 76.454166666667,12.758333333333,0 76.083333333333,13.483333333333,0 76.783333333333,14.416666666667,0 76.6,14.666666666667,0 77.516666666667,15.95,0</coordinates></LinearRing></outerBoundaryIs>
    </Polygon>
  </MultiGeometry>
</Placemark>
<Placemark>
  <name>VOCI</name>
  <description>APAC</description>
  <styleUrl>#fir</styleUrl>
  <MultiGeometry>
    <Polygon>
      <outerBoundaryIs><LinearRing><coordinates>76.966666666667,9.5,0 76.116666666667,9.5,0 74.333333333333,10.616666666667,0 75.253888888889,12.374722222222,0 76.454166666667,12.758333333333,0 76.998888888889,11.635,0 77.216666666667,12.066666666667,0 77.516666666667,11.966666666667,0 77.45,10.95,0 77.766666666667,10.6,0 76.966666666667,9.5,0</coordinates></LinearRing></outerBoundaryIs>
    </Polygon>
  </MultiGeometry>
</Placemark>
<Placemark>
  <name>VOHS</name>
  <description>APAC</description>
  <styleUrl>#fir</styleUrl>
  <MultiGeometry>
    <Polygon>
      <outerBoundaryIs><LinearRing><coordinates>76.0,16.666666666667,0 76.0006309098384,19.316882978611595,0 77.166666666667,19.716666666667,0 82.0,18.71666717529297,0 82.0,17.25,0 79.216666666667,15.983333333333,0 77.516666666667,15.95,0 76.0,16.666666666667,0</coordinates></LinearRing></outerBoundaryIs>
    </Polygon>
  </MultiGeometry>
</Placemark>
<Placemark>
  <name>VOMF</name>
  <description>APAC</description>
  <styleUrl>#fir</styleUrl>
  <MultiGeometry>
    <Polygon>
      <outerBoundaryIs><LinearRing><coordinates>71.999506,15.001219,0 73.583333333333,15.0,0 73.0,16.283333333333,0 76.0,16.666666666667,0 76.0006309098384,19.316882978611595,0 77.166666666667,19.716666666667,0 82.81666564941406,18.683332443237305,0 85.9000015258789,15.699999809265137,0 92.0,14.0,0 94.416667,13.5,0 94.416175,5.999586,0 92.0,6.0,0 81.781666666667,10.001666666667,0 80.0,10.0,0 78.0,6.0,0 74.0,6.0,0 74.0,7.5,0 71.999519,7.5018,0 71.999506,15.001219,0</coordinates></LinearRing></outerBoundaryIs>
    </Polygon>
  </MultiGeometry>
</Placemark>
<Placemark>
  <name>VOML</name>
  <description>APAC</description>
  <styleUrl>#fir</styleUrl>
  <MultiGeometry>
    <Polygon>
      <outerBoundaryIs><LinearRing><coordinates>73.566666666667,16.366666666667,0 76.0,16.666666666667,0 77.516666666667,15.95,0 76.6,14.666666666667,0 76.783333333333,14.416666666667,0 76.083333333333,13.483333333333,0 76.454166666667,12.758333333333,0 75.253888888889,12.374722222222,0 74.116666666667,10.25,0 73.1,11.0,0 71.999506,11.0,0 71.999506,15.001219,0 73.583333333333,15.0,0 73.0,16.283333333333,0 73.566666666667,16.366666666667,0</coordinates></LinearRing></outerBoundaryIs>
    </Polygon>
  </MultiGeometry>
</Placemark>
<Placemark>
  <name>VOMM</name>
  <description>APAC</description>
  <styleUrl>#fir</styleUrl>
  <MultiGeometry>
    <Polygon>
      <outerBoundaryIs><LinearRing><coordinates>82.81666564941406,18.683332443237305,0 85.9000015258789,15.699999809265137,0 83.556388888889,12.659722222222,0 83.217540685226,11.46412081985,0 82.58952911877,10.62751307635,0 81.781666666667,10.001666666667,0 79.666666666667,10.0,0 78.283333333333,11.05,0 78.129166666667,11.358333333333,0 78.874120284978,11.771011233232,0 79.290905249406,12.43177580567,0 78.416666666667,12.75,0 78.416666666667,13.0,0 78.8,13.0,0 79.266666666667,14.016666666667,0 78.9,14.383333333333,0 78.75,15.966666666667,0 79.216666666667,15.983333333333,0 82.0,17.25,0 82.0,18.71666717529297,0 82.81666564941406,18.683332443237305,0</coordinates></LinearRing></outerBoundaryIs>
    </Polygon>
  </MultiGeometry>
</Placemark>
<Placemark>
  <name>VOTV</name>
  <description>APAC</description>
  <styleUrl>#fir</styleUrl>
  <MultiGeometry>
    <Polygon>
      <outerBoundaryIs><LinearRing><coordinates>71.999519,7.5018,0 71.999506,11.0,0 73.1,11.0,0 74.116666666667,10.25,0 74.333333333333,10.616666666667,0 76.116666666667,9.5,0 76.966666666667,9.5,0 77.766666666667,10.6,0 77.45,10.95,0 77.415555555556,11.301666666667,0 78.129166666667,11.358333333333,0 78.283333333333,11.05,0 79.666666666667,10.0,0 80.0,10.0,0 79.5,9.0,0 77.0,7.0,0 77.0,6.0,0 74.0,6.0,0 74.0,7.5,0 71.999519,7.5018,0</coordinates></LinearRing></outerBoundaryIs>
    </Polygon>
  </MultiGeometry>
</Placemark>
<Placemark>
  <name>VRMF</name>
  <description>APAC</description>
  <styleUrl>#fir</styleUrl>
  <MultiGeometry>
    <Polygon>
      <outerBoundaryIs><LinearRing><coordinates>78.0,6.0,0 78.0,-2.0,0 75.0,-6.0,0 68.0,-6.0,0 68.000019,0.002325,0 70.0,3.083333,0 69.999769,7.501797,0 74.0,7.5,0 74.0,6.0,0 78.0,6.0,0</coordinates></LinearRing></outerBoundaryIs>
    </Polygon>
  </MultiGeometry>
</Placemark>
<Placemark>
  <name>VTBB</name>
  <description>APAC</description>
  <styleUrl>#fir</styleUrl>
  <MultiGeometry>
    <Polygon>
      <outerBoundaryIs><LinearRing><coordinates>103.0,7.0,0 102.065156,6.249581,0 101.798525,5.766283,0 101.581886,5.949603,0 101.148611,5.666289,0 101.015294,5.816278,0 101.113389,6.268881,0 100.863417,6.268878,0 100.7301,6.518861,0 100.1635,6.735508,0 100.113508,6.435531,0 99.513581,6.435525,0 97.997094,7.252125,0 96.503308,10.000467,0 98.57855,9.998369,0 98.808467,10.639719,0 99.686272,11.831647,0 99.183392,13.050036,0 99.150053,13.833308,0 98.221158,14.893044,0 98.249983,15.200019,0 98.632431,15.382844,0 98.622075,15.975086,0 98.850058,16.083289,0 98.933375,16.524922,0 98.737733,16.359433,0 98.566583,16.900053,0 97.716675,17.841628,0 97.666672,18.395914,0 97.500028,18.325083,0 97.404706,18.520564,0 97.793319,18.558569,0 97.634997,18.931667,0 98.016667,19.831667,0 98.221078,19.62615,0 99.016642,19.674992,0 99.103622,20.055631,0 99.604219,20.126131,0 99.508231,20.358608,0 100.075325,20.257628,0 100.366619,20.399956,0 100.613258,20.209478,0 100.421625,19.751178,0 100.563281,19.517867,0 101.279853,19.617872,0 101.363189,19.051256,0 101.079903,18.434633,0 101.196561,18.051333,0 101.004928,17.584703,0 101.129914,17.501378,0 102.079783,18.234669,0 102.613056,17.851375,0 103.029669,17.984708,0 103.429608,18.468008,0 103.979544,18.351361,0 104.829461,17.351458,0 104.779483,16.551517,0 105.662728,15.684933,0 105.429447,14.385025,0 105.079492,14.168367,0 104.912842,14.36835,0 103.229711,14.334992,0 102.629803,13.618364,0 102.379817,13.551706,0 102.936881,11.748156,0 102.2535,9.998,0 103.0,7.0,0</coordinates></LinearRing></outerBoundaryIs>
    </Polygon>
  </MultiGeometry>
</Placemark>
<Placemark>
  <name>VVHM</name>
  <description>APAC</description>
  <styleUrl>#fir</styleUrl>
  <MultiGeometry>
    <Polygon>
      <outerBoundaryIs><LinearRing><coordinates>102.538837,8.855689,0 102.2535,9.998,0 102.887658,11.431436,0 104.050087,10.548278,0 104.50264,10.409833,0 105.09333,10.710834,0 105.109726,10.955944,0 105.356918,10.849667,0 105.777527,11.026472,0 106.19239,10.789861,0 105.850586,11.657945,0 106.448753,11.66725,0 106.417969,11.972362,0 107.546028,12.345472,0 107.618469,13.516084,0 107.339226,14.111,0 107.69143,15.263322,0 107.227004,15.837324,0 107.427288,16.127591,0 106.694365,16.504211,0 106.421514,17.04701,0 107.301361,17.007724,0 108.696057,17.433407,0 112.0,14.5,0 114.0,14.5,0 114.0,10.5,0 108.0,7.0,0 103.0,7.0,0 102.538837,8.855689,0</coordinates></LinearRing></outerBoundaryIs>
    </Polygon>
  </MultiGeometry>
</Placemark>
<Placemark>
  <name>VVHN</name>
  <description>APAC</description>
  <styleUrl>#fir</styleUrl>
  <MultiGeometry>
    <Polygon>
      <outerBoundaryIs><LinearRing><coordinates>107.552102,14.736488,0 107.69143,15.263322,0 107.227004,15.837324,0 107.427288,16.127591,0 106.694365,16.504211,0 105.523139,18.23166,0 105.108058,18.480563,0 105.209652,18.672139,0 103.957152,19.301292,0 104.148728,19.509558,0 104.055842,19.648886,0 104.598641,19.585027,0 104.830854,19.791117,0 104.93535,20.211277,0 104.708942,20.263525,0 104.633473,20.640872,0 104.145825,21.002979,0 103.678496,20.654659,0 103.173432,20.828819,0 102.884617,21.231564,0 103.026848,21.632132,0 102.852688,21.855637,0 102.684333,21.669866,0 102.15,22.4,0 102.5,22.783333,0 102.883333,22.75,0 103.033333,22.45,0 103.333333,22.816667,0 103.533333,22.6,0 103.65,22.8,0 103.966667,22.516667,0 104.133333,22.816667,0 104.733333,22.816667,0 104.816667,23.133333,0 105.333333,23.4,0 105.883333,22.916667,0 106.833333,22.816667,0 106.566667,22.583333,0 106.683333,21.95,0 107.0,21.95,0 107.366667,21.6,0 107.85,21.65,0 108.208611,21.209722,0 107.929722,19.959167,0 107.189722,19.267778,0 107.681389,18.341111,0 110.296388,16.012552,0 108.631894,15.392491,0 107.552102,14.736488,0</coordinates></LinearRing></outerBoundaryIs>
    </Polygon>
  </MultiGeometry>
</Placemark>
<Placemark>
  <name>VYYF</name>
  <description>APAC</description>
  <styleUrl>#fir</styleUrl>
  <MultiGeometry>
    <Polygon>
      <outerBoundaryIs><LinearRing><coordinates>92.0,21.0,0 92.610428,22.151681,0 92.61666870117188,21.96666717529297,0 92.69999694824219,22.149999618530273,0 92.9000015258789,21.950000762939453,0 93.1500015258789,22.183332443237305,0 93.3499984741211,24.100000381469727,0 94.13333129882812,23.83333396911621,0 94.61666870117188,24.766666412353516,0 94.66666412353516,25.450000762939453,0 95.18333435058594,26.08333396911621,0 95.1500015258789,26.66666603088379,0 96.63333129882812,27.366666793823242,0 97.1500015258789,27.100000381469727,0 96.9000015258789,27.616666793823242,0 97.38333129882812,27.883333206176758,0 97.36666870117188,28.200000762939453,0 97.116667,28.383333,0 96.262853,28.417089,0 96.666667,28.466667,0 97.35,28.216667,0 97.583333,28.516667,0 98.15,28.116667,0 98.35,27.533333,0 98.433333,27.7,0 98.666667,27.616667,0 98.783333,26.666667,0 98.583333,26.083333,0 98.716667,25.866667,0 98.4,25.583333,0 98.166667,25.616667,0 98.15,25.383333,0 97.733333,25.083333,0 97.55,24.433333,0 97.766667,24.166667,0 97.55,23.95,0 98.883333,24.158333,0 98.683333,23.983333,0 98.9,23.2,0 99.566667,22.95,0 99.166667,22.15,0 99.966667,22.05,0 100.216667,21.433333,0 101.116667,21.783333,0 101.217051,21.502194,0 100.816667,21.258331,0 100.666667,20.816667,0 100.333333,20.783333,0 100.075322,20.257628,0 99.508231,20.358608,0 99.604219,20.126131,0 99.103622,20.055631,0 99.016642,19.674992,0 98.221078,19.62615,0 98.016667,19.831667,0 97.634997,18.931667,0 97.793319,18.558569,0 97.404706,18.520564,0 97.500028,18.325083,0 97.666672,18.395914,0 97.716731,17.841628,0 98.566583,16.900053,0 98.737733,16.359433,0 98.933375,16.524922,0 98.850058,16.083289,0 98.622075,15.975086,0 98.632431,15.382844,0 98.249983,15.200019,0 98.221158,14.893044,0 99.150053,13.833308,0 99.183392,13.050036,0 99.686272,11.831647,0 98.808467,10.639719,0 98.57855,9.998369,0 94.416667,10.0,0 94.416667,13.5,0 92.0,14.0,0 92.0,21.0,0</coordinates></LinearRing></outerBoundaryIs>
    </Polygon>
  </MultiGeometry>
</Placemark>
<Placemark>
  <name>WAAF</name>
  <description>APAC</description>
  <styleUrl>#fir</styleUrl>
  <MultiGeometry>
    <Polygon>
      <outerBoundaryIs><LinearRing><coordinates>113.583333,1.216667,0 114.133333,1.45,0 114.566667,1.4,0 114.883333,1.916667,0 114.816667,2.2,0 115.266667,2.5,0 115.116667,2.816667,0 115.583333,3.166667,0 115.583333,3.916667,0 115.9,4.366667,0 117.25,4.333333,0 118.0,4.0,0 132.57142857142858,4.0,0 133.0,3.5,0 141.0,3.5,0 141.0,-6.316667,0 140.870278,-6.604167,0 141.01833333333,-6.8927777777778,0 141.0,-9.833333,0 139.666667,-9.833333,0 135.0,-7.0,0 126.833333,-9.333333,0 123.333333,-12.0,0 114.5,-12.0,0 110.38333333333,-8.3333333333333,0 110.38333333333,-3.0,0 113.583333,1.216667,0</coordinates></LinearRing></outerBoundaryIs>
    </Polygon>
  </MultiGeometry>
</Placemark>
<Placemark>
  <name>WBFC</name>
  <description>APAC</description>
  <styleUrl>#fir</styleUrl>
  <MultiGeometry>
    <Polygon>
      <outerBoundaryIs><LinearRing><coordinates>112.25,1.433333,0 111.85,0.966667,0 111.25,1.066667,0 110.55,0.833333,0 109.65,1.616667,0 109.633333,2.066667,0 109.066667,1.516667,0 108.969746,1.004258,0 108.5,1.0,0 108.5,2.25,0 116.5,8.416667,0 117.5,7.5,0 120.0,4.0,0 118.0,4.0,0 117.25,4.333333,0 115.9,4.366667,0 115.583333,3.916667,0 115.583333,3.166667,0 115.116667,2.816667,0 115.266667,2.5,0 114.816667,2.2,0 114.883333,1.916667,0 114.566667,1.4,0 114.133333,1.45,0 113.633333,1.183333,0 112.95,1.4,0 113.033333,1.55,0 112.25,1.433333,0</coordinates></LinearRing></outerBoundaryIs>
    </Polygon>
  </MultiGeometry>
</Placemark>
<Placemark>
  <name>WBGG</name>
  <description>APAC</description>
  <styleUrl>#fir</styleUrl>
  <MultiGeometry>
    <Polygon>
      <outerBoundaryIs><LinearRing><coordinates>113.013194,3.153972,0 112.6767,4.0275,0 110.808451,4.0275,0 108.5,2.25,0 108.5,1.0,0 108.969746,1.004258,0 109.066667,1.516667,0 109.633333,2.066667,0 109.65,1.616667,0 110.55,0.833333,0 111.25,1.066667,0 111.85,0.966667,0 112.15,1.133333,0 113.013194,3.153972,0</coordinates></LinearRing></outerBoundaryIs>
    </Polygon>
  </MultiGeometry>
</Placemark>
<Placemark>
  <name>WIIF</name>
  <description>APAC</description>
  <styleUrl>#fir</styleUrl>
  <MultiGeometry>
    <Polygon>
      <outerBoundaryIs><LinearRing><coordinates>92.0,6.0,0 97.499094,5.999589,0 102.166667,1.65,0 103.753611,1.137765,0 104.505581,1.300205,0 104.582238,1.484547,0 104.770231,1.329408,0 105.372537,2.308155,0 105.148041,2.732963,0 105.443719,3.247205,0 107.291247,4.213176,0 108.004432,4.989558,0 108.249917,4.934803,0 109.271298,2.843897,0 108.5,2.25,0 108.5,1.0,0 108.969746,1.004258,0 109.066667,1.516667,0 109.633333,2.066667,0 109.65,1.616667,0 110.55,0.833333,0 111.25,1.066667,0 111.85,0.966667,0 112.5,1.55,0 113.033333,1.55,0 112.95,1.4,0 113.533333,1.3,0 110.38333333,-3.0,0 110.38333333333,-8.3333333333333,0 114.5,-12.0,0 107.0,-12.0,0 92.0,-2.0,0 92.0,6.0,0</coordinates></LinearRing></outerBoundaryIs>
    </Polygon>
  </MultiGeometry>
</Placemark>
<Placemark>
  <name>WMFC</name>
  <description>APAC</description>
  <styleUrl>#fir</styleUrl>
  <MultiGeometry>
    <Polygon>
      <outerBoundaryIs><LinearRing><coordinates>102.666667,6.75,0 103.733333,4.833333,0 103.666667,3.666667,0 104.75,2.6,0 104.333333,1.333333,0 103.8316,1.458272,0 103.5,1.216667,0 102.166667,1.65,0 97.499094,5.999589,0 94.416175,5.999586,0 94.416667,10.0,0 96.503308,10.000467,0 97.997094,7.252125,0 99.513581,6.435525,0 100.113508,6.435531,0 100.1635,6.735508,0 100.7301,6.518861,0 100.863417,6.268878,0 101.113389,6.268881,0 101.015294,5.816278,0 101.148611,5.666289,0 101.581886,5.949603,0 101.798525,5.766283,0 102.666667,6.75,0</coordinates></LinearRing></outerBoundaryIs>
    </Polygon>
  </MultiGeometry>
</Placemark>
<Placemark>
  <name>WSJC</name>
  <description>APAC</description>
  <styleUrl>#fir</styleUrl>
  <MultiGeometry>
    <Polygon>
      <outerBoundaryIs><LinearRing><coordinates>103.533652,1.239101,0 103.8316,1.458272,0 104.333333,1.333333,0 104.75,2.6,0 103.666667,3.666667,0 103.733333,4.833333,0 102.666667,6.75,0 103.0,7.0,0 108.0,7.0,0 114.0,10.5,0 116.5,8.416667,0 109.271298,2.843897,0 108.249917,4.934803,0 107.909523,4.968568,0 107.291247,4.213176,0 105.443719,3.247205,0 105.148041,2.732963,0 105.372537,2.308155,0 104.770231,1.329408,0 104.582238,1.484547,0 104.505581,1.300205,0 103.533652,1.239101,0</coordinates></LinearRing></outerBoundaryIs>
    </Polygon>
  </MultiGeometry>
</Placemark>
<Placemark>
  <name>XVCL</name>
  <description>APAC</description>
  <styleUrl>#fir</styleUrl>
  <MultiGeometry>
    <Polygon>
      <outerBoundaryIs><LinearRing><coordinates>100.075322,20.257628,0 100.333333,20.783333,0 100.666667,20.816667,0 100.816667,21.258331,0 101.184,21.465003,0 101.283333,21.183333,0 101.85,21.233333,0 101.55,22.233333,0 101.75,22.5,0 102.266667,22.416667,0 102.5,22.783333,0 102.883333,22.75,0 103.083333,22.45,0 103.333333,22.816667,0 103.533333,22.6,0 103.65,22.8,0 103.966667,22.516667,0 104.133333,22.816667,0 104.733333,22.816667,0 104.816667,23.133333,0 105.333333,23.4,0 105.883333,22.916667,0 106.833333,22.816667,0 106.566667,22.583333,0 106.683333,21.95,0 107.0,21.95,0 107.366667,21.6,0 107.85,21.65,0 108.208611,21.209722,0 107.929722,19.959167,0 107.189722,19.267778,0 107.681389,18.341111,0 112.0,14.5,0 114.0,14.5,0 114.0,10.5,0 108.0,7.0,0 103.0,7.0,0 102.2535,9.998,0 102.936881,11.748156,0 102.379817,13.551706,0 102.629803,13.618364,0 103.229711,14.334992,0 104.912842,14.36835,0 105.079492,14.168367,0 105.429447,14.385025,0 105.662728,15.684933,0 104.779483,16.551517,0 104.829461,17.351458,0 103.979544,18.351361,0 103.429608,18.468008,0 103.029669,17.984708,0 102.613056,17.851375,0 102.079783,18.234669,0 101.129914,17.501378,0 101.004928,17.584703,0 101.196561,18.051333,0 101.079903,18.434633,0 101.363189,19.051256,0 101.279853,19.617872,0 100.563281,19.517867,0 100.421625,19.751178,0 100.613258,20.209478,0 100.291628,20.416619,0 100.075322,20.257628,0</coordinates></LinearRing></outerBoundaryIs>
    </Polygon>
  </MultiGeometry>
</Placemark>
<Placemark>
  <name>YARA</name>
  <description>APAC</description>
  <styleUrl>#fir</styleUrl>
  <MultiGeometry>
    <Polygon>
      <outerBoundaryIs><LinearRing><coordinates>133.666667,-7.393889,0 130.454444,-8.323333,0 131.658889,-10.024167,0 132.540447,-10.503542,0 133.113062,-11.164661,0 133.45,-12.200556,0 134.736389,-13.52,0 134.949444,-14.704444,0 136.514167,-15.78,0 137.182222,-16.599167,0 137.215,-15.703333,0 138.876667,-14.941389,0 140.0,-15.0,0 143.278056,-16.050833,0 144.08108,-14.928656,0 145.086389,-14.421667,0 144.703056,-12.0,0 144.0,-12.0,0 143.9125,-10.2975,0 144.233333,-9.4,0 143.875,-9.133333,0 142.558333,-9.376667,0 142.143333,-9.198333,0 141.033333,-9.616667,0 141.0,-9.833333,0 139.666667,-9.833333,0 135.0,-7.0,0 133.666667,-7.393889,0</coordinates></LinearRing></outerBoundaryIs>
    </Polygon>
  </MultiGeometry>
</Placemark>
<Placemark>
  <name>YARL</name>
  <description>APAC</description>
  <styleUrl>#fir</styleUrl>
  <MultiGeometry>
    <Polygon>
      <outerBoundaryIs><LinearRing><coordinates>150.529722,-33.4275,0 151.321667,-33.201389,0 151.962007,-33.56643,0 152.074175,-34.070912,0 151.824722,-34.472778,0 152.930556,-35.316389,0 152.423056,-36.226667,0 153.813056,-36.491111,0 154.340457,-36.046497,0 155.008196,-35.024996,0 155.198524,-33.878668,0 154.595172,-32.229915,0 153.308611,-31.130556,0 153.641111,-30.165,0 152.038889,-30.697778,0 151.209722,-29.8175,0 151.451667,-29.38,0 150.699722,-28.629167,0 146.778056,-29.340833,0 148.830833,-32.094444,0 150.529722,-33.4275,0</coordinates></LinearRing></outerBoundaryIs>
    </Polygon>
  </MultiGeometry>
</Placemark>
<Placemark>
  <name>YASH</name>
  <description>APAC</description>
  <styleUrl>#fir</styleUrl>
  <MultiGeometry>
    <Polygon>
      <outerBoundaryIs><LinearRing><coordinates>126.323611,-12.434167,0 123.333333,-12.0,0 114.5,-12.0,0 115.142222,-14.136944,0 120.25,-19.0,0 121.672778,-20.055,0 123.701944,-21.097222,0 128.436667,-13.917778,0 128.019722,-12.665278,0 126.323611,-12.434167,0</coordinates></LinearRing></outerBoundaryIs>
    </Polygon>
  </MultiGeometry>
</Placemark>
<Placemark>
  <name>YASP</name>
  <description>APAC</description>
  <styleUrl>#fir</styleUrl>
  <MultiGeometry>
    <Polygon>
      <outerBoundaryIs><LinearRing><coordinates>130.226389,-22.182778,0 128.463611,-23.220278,0 126.058889,-23.396944,0 124.0,-26.578889,0 124.232222,-28.062778,0 124.829722,-28.595833,0 125.0,-29.5,0 123.626944,-30.85,0 123.838333,-32.0,0 120.584167,-32.0,0 120.0,-36.72,0 125.081667,-37.177222,0 141.0,-42.35,0 141.0,-38.901111,0 139.666667,-38.901111,0 139.666667,-36.958333,0 135.0,-36.167778,0 135.0,-34.771667,0 134.392778,-33.839722,0 135.133333,-32.995,0 135.033611,-32.429167,0 135.416667,-31.583333,0 139.0,-31.583333,0 139.808889,-32.869167,0 140.569444,-33.342778,0 144.0,-33.0,0 144.7,-33.133333,0 145.49,-33.616667,0 145.523056,-33.193333,0 146.261944,-32.953056,0 147.813889,-33.298889,0 148.830833,-32.094444,0 146.533333,-29.0,0 143.5,-29.0,0 138.39,-26.225278,0 136.328889,-21.499722,0 131.84,-21.2025,0 130.226389,-22.182778,0</coordinates></LinearRing></outerBoundaryIs>
    </Polygon>
  </MultiGeometry>
</Placemark>
<Placemark>
  <name>YASW</name>
  <description>APAC</description>
  <styleUrl>#fir</styleUrl>
  <MultiGeometry>
    <Polygon>
      <outerBoundaryIs><LinearRing><coordinates>128.113611,-24.485833,0 128.113611,-26.118889,0 130.310278,-28.390556,0 131.614444,-28.164167,0 133.286389,-25.196667,0 132.450084,-24.536183,0 132.242778,-23.777222,0 130.226389,-22.182778,0 128.463611,-23.220278,0 127.135556,-23.322222,0 128.113611,-24.485833,0</coordinates></LinearRing></outerBoundaryIs>
    </Polygon>
  </MultiGeometry>
</Placemark>
<Placemark>
  <name>YAUG</name>
  <description>APAC</description>
  <styleUrl>#fir</styleUrl>
  <MultiGeometry>
    <Polygon>
      <outerBoundaryIs><LinearRing><coordinates>135.033611,-32.429167,0 135.133333,-32.995,0 134.392778,-33.839722,0 135.0,-34.771667,0 135.0,-35.500278,0 136.822222,-35.500278,0 137.845732,-35.171296,0 137.838324,-34.739802,0 138.383056,-34.3575,0 138.304167,-34.132222,0 139.143889,-34.287778,0 140.118056,-33.022778,0 139.808889,-32.869167,0 139.0,-31.583333,0 135.416667,-31.583333,0 135.033611,-32.429167,0</coordinates></LinearRing></outerBoundaryIs>
    </Polygon>
  </MultiGeometry>
</Placemark>
<Placemark>
  <name>YBAR</name>
  <description>APAC</description>
  <styleUrl>#fir</styleUrl>
  <MultiGeometry>
    <Polygon>
      <outerBoundaryIs><LinearRing><coordinates>143.142778,-16.696111,0 145.119167,-16.816111,0 145.341883,-16.390262,0 145.743889,-16.250278,0 146.145894,-16.390262,0 146.36,-16.745556,0 147.477778,-16.858333,0 147.147222,-14.738611,0 145.743889,-14.350278,0 144.452,-14.681299,0 143.496285,-15.588265,0 143.142778,-16.696111,0</coordinates></LinearRing></outerBoundaryIs>
    </Polygon>
  </MultiGeometry>
</Placemark>
<Placemark>
  <name>YBIK</name>
  <description>APAC</description>
  <styleUrl>#fir</styleUrl>
  <MultiGeometry>
    <Polygon>
      <outerBoundaryIs><LinearRing><coordinates>149.585,-33.846944,0 149.814167,-34.646667,0 150.414722,-34.339722,0 150.870695,-34.648266,0 151.494305,-34.648266,0 151.879006,-34.424022,0 152.086543,-33.940585,0 151.871161,-33.459878,0 151.1825,-33.193889,0 150.60526,-33.368006,0 150.289722,-33.843056,0 149.585,-33.846944,0</coordinates></LinearRing></outerBoundaryIs>
    </Polygon>
  </MultiGeometry>
</Placemark>
<Placemark>
  <name>YBKE</name>
  <description>APAC</description>
  <styleUrl>#fir</styleUrl>
  <MultiGeometry>
    <Polygon>
      <outerBoundaryIs><LinearRing><coordinates>145.523056,-33.193333,0 146.261944,-32.953056,0 147.813889,-33.298889,0 148.830833,-32.094444,0 146.533333,-29.0,0 143.5,-29.0,0 141.629722,-28.0225,0 141.0,-29.0,0 141.0,-30.5,0 139.8825,-30.5,0 139.448611,-32.301389,0 139.808889,-32.869167,0 140.569444,-33.342778,0 144.0,-33.0,0 144.7,-33.133333,0 145.49,-33.616667,0 145.523056,-33.193333,0</coordinates></LinearRing></outerBoundaryIs>
    </Polygon>
  </MultiGeometry>
</Placemark>
<Placemark>
  <name>YBLA</name>
  <description>APAC</description>
  <styleUrl>#fir</styleUrl>
  <MultiGeometry>
    <Polygon>
      <outerBoundaryIs><LinearRing><coordinates>148.821667,-35.856944,0 149.03,-35.763611,0 148.9725,-35.294722,0 148.271389,-35.349167,0 147.799444,-34.846944,0 147.042222,-34.962222,0 144.884167,-36.853611,0 144.867778,-37.16,0 144.360479,-37.337625,0 144.247356,-37.829518,0 144.731812,-38.152353,0 145.159876,-38.092588,0 145.452222,-37.785556,0 148.196389,-38.211389,0 148.061305,-37.67869,0 147.675833,-37.376944,0 148.233333,-36.117778,0 148.821667,-35.856944,0</coordinates></LinearRing></outerBoundaryIs>
    </Polygon>
  </MultiGeometry>
</Placemark>
<Placemark>
  <name>YBUR</name>
  <description>APAC</description>
  <styleUrl>#fir</styleUrl>
  <MultiGeometry>
    <Polygon>
      <outerBoundaryIs><LinearRing><coordinates>152.609722,-27.2,0 152.933056,-27.179722,0 152.790278,-26.304444,0 152.170833,-25.559444,0 151.43364,-26.069928,0 151.031667,-26.6875,0 152.609722,-27.2,0</coordinates></LinearRing></outerBoundaryIs>
    </Polygon>
  </MultiGeometry>
</Placemark>
<Placemark>
  <name>YCNK</name>
  <description>APAC</description>
  <styleUrl>#fir</styleUrl>
  <MultiGeometry>
    <Polygon>
      <outerBoundaryIs><LinearRing><coordinates>150.781667,-33.271389,0 151.321667,-33.201389,0 151.3975,-32.600556,0 151.070833,-32.443889,0 150.563611,-32.533889,0 150.781667,-33.271389,0</coordinates></LinearRing></outerBoundaryIs>
    </Polygon>
  </MultiGeometry>
</Placemark>
<Placemark>
  <name>YCOL</name>
  <description>APAC</description>
  <styleUrl>#fir</styleUrl>
  <MultiGeometry>
    <Polygon>
      <outerBoundaryIs><LinearRing><coordinates>148.573333,-12.0,0 151.105833,-16.166389,0 151.075278,-16.971389,0 162.6625,-16.971389,0 161.25,-14.0,0 163.0,-14.0,0 170.0,-10.0,0 170.0,3.5,0 160.0,3.5,0 160.0,-4.833333,0 159.0,-4.833333,0 155.0,-7.316667,0 155.0,-12.0,0 148.573333,-12.0,0</coordinates></LinearRing></outerBoundaryIs>
    </Polygon>
  </MultiGeometry>
</Placemark>
<Placemark>
  <name>YCVN</name>
  <description>APAC</description>
  <styleUrl>#fir</styleUrl>
  <MultiGeometry>
    <Polygon>
      <outerBoundaryIs><LinearRing><coordinates>145.7975,-22.021389,0 145.875278,-22.983056,0 147.5,-25.845833,0 147.715833,-29.135278,0 150.699722,-28.629167,0 150.356403,-27.77234,0 150.508889,-26.5125,0 150.341667,-24.636111,0 149.583333,-23.166667,0 149.156667,-22.811667,0 148.294444,-22.879167,0 145.774444,-21.449167,0 145.7975,-22.021389,0</coordinates></LinearRing></outerBoundaryIs>
    </Polygon>
  </MultiGeometry>
</Placemark>
<Placemark>
  <name>YDOS</name>
  <description>APAC</description>
  <styleUrl>#fir</styleUrl>
  <MultiGeometry>
    <Polygon>
      <outerBoundaryIs><LinearRing><coordinates>152.753056,-27.89,0 152.883056,-27.709444,0 152.684167,-27.223611,0 150.508889,-26.5125,0 150.324614,-27.337611,0 150.47353,-28.195525,0 151.451667,-29.38,0 152.753056,-27.89,0</coordinates></LinearRing></outerBoundaryIs>
    </Polygon>
  </MultiGeometry>
</Placemark>
<Placemark>
  <name>YELW</name>
  <description>APAC</description>
  <styleUrl>#fir</styleUrl>
  <MultiGeometry>
    <Polygon>
      <outerBoundaryIs><LinearRing><coordinates>146.887222,-38.054444,0 146.907179,-37.352555,0 146.64514,-36.812879,0 145.691111,-36.136944,0 144.884167,-36.853611,0 144.867778,-37.16,0 144.438323,-37.276288,0 144.220961,-37.571546,0 144.35629,-37.980399,0 144.731812,-38.152353,0 145.159876,-38.092588,0 145.452222,-37.785556,0 146.887222,-38.054444,0</coordinates></LinearRing></outerBoundaryIs>
    </Polygon>
  </MultiGeometry>
</Placemark>
<Placemark>
  <name>YESP</name>
  <description>APAC</description>
  <styleUrl>#fir</styleUrl>
  <MultiGeometry>
    <Polygon>
      <outerBoundaryIs><LinearRing><coordinates>120.584167,-32.0,0 120.0,-36.72,0 125.081667,-37.177222,0 125.002778,-35.074167,0 124.0,-32.86,0 123.838333,-32.0,0 120.584167,-32.0,0</coordinates></LinearRing></outerBoundaryIs>
    </Polygon>
  </MultiGeometry>
</Placemark>
<Placemark>
  <name>YFLD</name>
  <description>APAC</description>
  <styleUrl>#fir</styleUrl>
  <MultiGeometry>
    <Polygon>
      <outerBoundaryIs><LinearRing><coordinates>151.075278,-16.971389,0 151.009722,-18.674167,0 152.047222,-22.255833,0 153.241667,-23.221667,0 154.0,-24.981944,0 155.265103,-25.742828,0 155.905278,-26.960556,0 163.0,-26.816389,0 163.0,-17.666667,0 162.6625,-16.971389,0 151.075278,-16.971389,0</coordinates></LinearRing></outerBoundaryIs>
    </Polygon>
  </MultiGeometry>
</Placemark>
<Placemark>
  <name>YFOR</name>
  <description>APAC</description>
  <styleUrl>#fir</styleUrl>
  <MultiGeometry>
    <Polygon>
      <outerBoundaryIs><LinearRing><coordinates>125.002778,-35.074167,0 125.081667,-37.177222,0 141.0,-42.35,0 141.0,-38.901111,0 139.666667,-38.901111,0 139.666667,-36.958333,0 135.0,-36.167778,0 135.0,-34.771667,0 134.392778,-33.839722,0 135.133333,-32.995,0 135.033611,-32.429167,0 135.416667,-31.583333,0 131.614444,-28.164167,0 127.833333,-28.783611,0 125.0,-29.5,0 123.626944,-30.85,0 124.0,-32.86,0 125.002778,-35.074167,0</coordinates></LinearRing></outerBoundaryIs>
    </Polygon>
  </MultiGeometry>
</Placemark>
<Placemark>
  <name>YGEL</name>
  <description>APAC</description>
  <styleUrl>#fir</styleUrl>
  <MultiGeometry>
    <Polygon>
      <outerBoundaryIs><LinearRing><coordinates>112.732222,-30.0,0 113.8275,-30.003611,0 115.428544,-29.317739,0 116.570278,-29.325,0 116.919167,-27.802778,0 112.333611,-27.5,0 112.732222,-30.0,0</coordinates></LinearRing></outerBoundaryIs>
    </Polygon>
  </MultiGeometry>
</Placemark>
<Placemark>
  <name>YGOL</name>
  <description>APAC</description>
  <styleUrl>#fir</styleUrl>
  <MultiGeometry>
    <Polygon>
      <outerBoundaryIs><LinearRing><coordinates>154.0,-28.410833,0 154.0,-27.743333,0 153.139167,-27.416111,0 152.377222,-28.319722,0 153.028009,-28.889753,0 153.503889,-29.002222,0 153.909444,-28.923889,0 154.0,-28.410833,0</coordinates></LinearRing></outerBoundaryIs>
    </Polygon>
  </MultiGeometry>
</Placemark>
<Placemark>
  <name>YGTH</name>
  <description>APAC</description>
  <styleUrl>#fir</styleUrl>
  <MultiGeometry>
    <Polygon>
      <outerBoundaryIs><LinearRing><coordinates>145.523056,-33.193333,0 145.429444,-34.35,0 145.866667,-34.865556,0 146.942222,-35.068333,0 147.882778,-34.834444,0 148.154444,-34.488333,0 147.813889,-33.298889,0 146.261944,-32.953056,0 145.523056,-33.193333,0</coordinates></LinearRing></outerBoundaryIs>
    </Polygon>
  </MultiGeometry>
</Placemark>
<Placemark>
  <name>YGUN</name>
  <description>APAC</description>
  <styleUrl>#fir</styleUrl>
  <MultiGeometry>
    <Polygon>
      <outerBoundaryIs><LinearRing><coordinates>147.799444,-34.846944,0 148.271389,-35.349167,0 148.9725,-35.294722,0 150.414722,-34.339722,0 151.024128,-34.682394,0 151.638026,-34.592571,0 151.968905,-34.316392,0 152.071451,-33.810457,0 151.489184,-33.238738,0 151.026852,-33.205185,0 150.529722,-33.4275,0 148.830833,-32.094444,0 147.813889,-33.298889,0 148.154444,-34.488333,0 147.799444,-34.846944,0</coordinates></LinearRing></outerBoundaryIs>
    </Polygon>
  </MultiGeometry>
</Placemark>
<Placemark>
  <name>YGVE</name>
  <description>APAC</description>
  <styleUrl>#fir</styleUrl>
  <MultiGeometry>
    <Polygon>
      <outerBoundaryIs><LinearRing><coordinates>116.570278,-29.325,0 116.300833,-30.470556,0 117.358333,-31.0375,0 120.0,-29.3,0 118.635278,-28.003889,0 116.919167,-27.802778,0 116.570278,-29.325,0</coordinates></LinearRing></outerBoundaryIs>
    </Polygon>
  </MultiGeometry>
</Placemark>
<Placemark>
  <name>YHUO</name>
  <description>APAC</description>
  <styleUrl>#fir</styleUrl>
  <MultiGeometry>
    <Polygon>
      <outerBoundaryIs><LinearRing><coordinates>143.263889,-38.770556,0 143.4275,-38.901111,0 141.0,-38.901111,0 141.0,-42.35,0 145.863333,-43.73,0 149.358333,-43.520833,0 150.664722,-43.850833,0 151.0,-43.0,0 150.644167,-40.567222,0 148.632778,-40.000556,0 148.214787,-39.62133,0 147.741111,-39.63,0 147.564167,-39.325833,0 148.196389,-38.211389,0 145.452222,-37.785556,0 144.952632,-38.152353,0 144.389722,-38.009167,0 143.263889,-38.770556,0</coordinates></LinearRing></outerBoundaryIs>
    </Polygon>
  </MultiGeometry>
</Placemark>
<Placemark>
  <name>YHWE</name>
  <description>APAC</description>
  <styleUrl>#fir</styleUrl>
  <MultiGeometry>
    <Polygon>
      <outerBoundaryIs><LinearRing><coordinates>153.529444,-30.672222,0 153.308611,-31.130556,0 154.595172,-32.229915,0 155.111048,-33.302545,0 155.188333,-33.908056,0 163.0,-33.266667,0 163.0,-26.816389,0 155.905278,-26.960556,0 155.92193,-27.77234,0 155.604959,-28.594119,0 154.981045,-29.268816,0 153.716111,-29.820278,0 153.529444,-30.672222,0</coordinates></LinearRing></outerBoundaryIs>
    </Polygon>
  </MultiGeometry>
</Placemark>
<Placemark>
  <name>YHYD</name>
  <description>APAC</description>
  <styleUrl>#fir</styleUrl>
  <MultiGeometry>
    <Polygon>
      <outerBoundaryIs><LinearRing><coordinates>112.941111,-31.260833,0 112.849718,-32.370195,0 113.197923,-33.248523,0 116.666667,-36.416667,0 120.0,-36.72,0 120.654722,-32.315833,0 120.0,-29.3,0 118.635278,-28.003889,0 112.333611,-27.5,0 112.941111,-31.260833,0</coordinates></LinearRing></outerBoundaryIs>
    </Polygon>
  </MultiGeometry>
</Placemark>
<Placemark>
  <name>YIND</name>
  <description>APAC</description>
  <styleUrl>#fir</styleUrl>
  <MultiGeometry>
    <Polygon>
      <outerBoundaryIs><LinearRing><coordinates>75.0,-6.0,0 75.0,-90.0,0 163.0,-90.0,0 163.0,-45.0,0 150.0,-45.0,0 150.0,-44.565833,0 150.664722,-43.850833,0 149.358333,-43.520833,0 145.863333,-43.73,0 141.0,-42.35,0 125.081667,-37.177222,0 116.666667,-36.416667,0 113.506012,-33.63559,0 112.977287,-32.822259,0 112.817734,-31.906321,0 112.941111,-31.260833,0 111.5,-21.833333,0 113.523056,-19.51,0 118.759444,-17.619722,0 115.142222,-14.136944,0 114.5,-12.0,0 107.0,-12.0,0 92.0,-2.0,0 78.0,-2.0,0 75.0,-6.0,0</coordinates></LinearRing></outerBoundaryIs>
    </Polygon>
  </MultiGeometry>
</Placemark>
<Placemark>
  <name>YINE</name>
  <description>APAC</description>
  <styleUrl>#fir</styleUrl>
  <MultiGeometry>
    <Polygon>
      <outerBoundaryIs><LinearRing><coordinates>102.966667,-10.983333,0 105.0,-17.266667,0 110.0,-25.0,0 112.018611,-25.420278,0 111.5,-21.833333,0 113.523056,-19.51,0 118.759444,-17.619722,0 115.142222,-14.136944,0 114.5,-12.0,0 107.0,-12.0,0 102.340556,-9.0,0 102.966667,-10.983333,0</coordinates></LinearRing></outerBoundaryIs>
    </Polygon>
  </MultiGeometry>
</Placemark>
<Placemark>
  <name>YINL</name>
  <description>APAC</description>
  <styleUrl>#fir</styleUrl>
  <MultiGeometry>
    <Polygon>
      <outerBoundaryIs><LinearRing><coordinates>154.0,-24.981944,0 153.323889,-25.870833,0 152.94,-25.368056,0 152.754795,-25.395694,0 151.711078,-25.826507,0 151.031667,-26.6875,0 150.508889,-26.5125,0 150.324614,-27.337611,0 150.47353,-28.195525,0 151.451667,-29.38,0 151.209722,-29.8175,0 152.038889,-30.697778,0 153.641111,-30.165,0 153.716111,-29.820278,0 154.575389,-29.52352,0 155.327717,-28.955687,0 155.804804,-28.195525,0 155.953719,-27.337611,0 155.549924,-26.095192,0 154.9184,-25.4395,0 154.0,-24.981944,0</coordinates></LinearRing></outerBoundaryIs>
    </Polygon>
  </MultiGeometry>
</Placemark>
<Placemark>
  <name>YINS</name>
  <description>APAC</description>
  <styleUrl>#fir</styleUrl>
  <MultiGeometry>
    <Polygon>
      <outerBoundaryIs><LinearRing><coordinates>120.0,-36.72,0 120.0,-90.0,0 163.0,-90.0,0 163.0,-45.0,0 150.0,-45.0,0 150.0,-44.565833,0 150.664722,-43.850833,0 149.358333,-43.520833,0 145.863333,-43.73,0 141.0,-42.35,0 125.081667,-37.177222,0 120.0,-36.72,0</coordinates></LinearRing></outerBoundaryIs>
    </Polygon>
  </MultiGeometry>
</Placemark>
<Placemark>
  <name>YISA</name>
  <description>APAC</description>
  <styleUrl>#fir</styleUrl>
  <MultiGeometry>
    <Polygon>
      <outerBoundaryIs><LinearRing><coordinates>133.666667,-7.393889,0 130.454444,-8.323333,0 131.658889,-10.024167,0 132.855854,-10.809653,0 133.45,-12.200556,0 134.736389,-13.52,0 134.916007,-14.073452,0 134.814032,-15.363399,0 134.052867,-16.430079,0 132.831553,-16.982676,0 131.6125,-16.919444,0 131.5,-17.176389,0 131.5,-19.0,0 131.918333,-21.208889,0 136.328889,-21.499722,0 138.39,-26.225278,0 143.5,-29.0,0 146.533333,-29.0,0 146.778056,-29.340833,0 147.715833,-29.135278,0 147.5,-25.845833,0 145.875278,-22.983056,0 145.774444,-21.449167,0 144.893333,-20.199444,0 143.139444,-16.965,0 143.300252,-15.980946,0 143.759264,-15.233992,0 145.086389,-14.421667,0 144.703056,-12.0,0 144.0,-12.0,0 143.9125,-10.2975,0 144.233333,-9.4,0 143.875,-9.133333,0 142.558333,-9.376667,0 142.215,-9.19,0 141.033333,-9.616667,0 141.0,-9.833333,0 139.666667,-9.833333,0 135.0,-7.0,0 133.666667,-7.393889,0</coordinates></LinearRing></outerBoundaryIs>
    </Polygon>
  </MultiGeometry>
</Placemark>
<Placemark>
  <name>YJAR</name>
  <description>APAC</description>
  <styleUrl>#fir</styleUrl>
  <MultiGeometry>
    <Polygon>
      <outerBoundaryIs><LinearRing><coordinates>113.816389,-33.913056,0 116.666667,-36.416667,0 120.0,-36.72,0 120.289444,-34.832222,0 118.516667,-33.9,0 116.415556,-32.404444,0 115.959444,-32.545,0 115.493889,-32.3975,0 113.816389,-33.913056,0</coordinates></LinearRing></outerBoundaryIs>
    </Polygon>
  </MultiGeometry>
</Placemark>
<Placemark>
  <name>YKAT</name>
  <description>APAC</description>
  <styleUrl>#fir</styleUrl>
  <MultiGeometry>
    <Polygon>
      <outerBoundaryIs><LinearRing><coordinates>150.289722,-33.843056,0 150.529722,-33.4275,0 148.830833,-32.094444,0 147.813889,-33.298889,0 148.154444,-34.488333,0 149.580556,-33.994444,0 149.585,-33.846944,0 150.289722,-33.843056,0</coordinates></LinearRing></outerBoundaryIs>
    </Polygon>
  </MultiGeometry>
</Placemark>
<Placemark>
  <name>YKEN</name>
  <description>APAC</description>
  <styleUrl>#fir</styleUrl>
  <MultiGeometry>
    <Polygon>
      <outerBoundaryIs><LinearRing><coordinates>143.842222,-18.296667,0 145.774444,-21.449167,0 146.142222,-20.632778,0 147.036789,-20.721165,0 147.786906,-20.390326,0 148.14062,-19.988938,0 148.338889,-19.366944,0 151.178889,-19.270278,0 151.009722,-18.674167,0 151.105833,-16.166389,0 148.573333,-12.0,0 144.703056,-12.0,0 145.086389,-14.421667,0 143.759264,-15.233992,0 143.177403,-16.400309,0 143.139444,-16.965,0 143.842222,-18.296667,0</coordinates></LinearRing></outerBoundaryIs>
    </Polygon>
  </MultiGeometry>
</Placemark>
<Placemark>
  <name>YKIY</name>
  <description>APAC</description>
  <styleUrl>#fir</styleUrl>
  <MultiGeometry>
    <Polygon>
      <outerBoundaryIs><LinearRing><coordinates>128.436667,-13.917778,0 123.701944,-21.097222,0 124.551111,-21.521944,0 126.058889,-23.396944,0 128.463611,-23.220278,0 131.918333,-21.208889,0 131.5,-19.0,0 131.6125,-16.919444,0 130.702689,-16.430079,0 130.12828,-15.760156,0 129.90311,-15.083842,0 129.024926,-14.586991,0 128.436667,-13.917778,0</coordinates></LinearRing></outerBoundaryIs>
    </Polygon>
  </MultiGeometry>
</Placemark>
<Placemark>
  <name>YKPL</name>
  <description>APAC</description>
  <styleUrl>#fir</styleUrl>
  <MultiGeometry>
    <Polygon>
      <outerBoundaryIs><LinearRing><coordinates>152.047222,-22.255833,0 151.178889,-19.270278,0 148.338889,-19.366944,0 148.14062,-19.988938,0 147.559192,-20.54144,0 146.758333,-20.744167,0 146.142222,-20.632778,0 145.774444,-21.449167,0 145.875278,-22.983056,0 147.5,-25.845833,0 147.715833,-29.135278,0 150.699722,-28.629167,0 150.356403,-27.77234,0 150.508889,-26.5125,0 151.031667,-26.6875,0 151.711078,-25.826507,0 152.754795,-25.395694,0 152.94,-25.368056,0 153.323889,-25.870833,0 154.0,-24.981944,0 153.241667,-23.221667,0 152.047222,-22.255833,0</coordinates></LinearRing></outerBoundaryIs>
    </Polygon>
  </MultiGeometry>
</Placemark>
<Placemark>
  <name>YLEA</name>
  <description>APAC</description>
  <styleUrl>#fir</styleUrl>
  <MultiGeometry>
    <Polygon>
      <outerBoundaryIs><LinearRing><coordinates>112.941111,-31.260833,0 112.817734,-31.906321,0 112.977287,-32.822259,0 113.816389,-33.913056,0 115.493889,-32.3975,0 115.262322,-32.047285,0 115.29649,-31.738065,0 115.607882,-31.4249,0 116.088611,-31.353889,0 116.570278,-29.325,0 115.428544,-29.317739,0 113.8275,-30.003611,0 112.732222,-30.0,0 112.941111,-31.260833,0</coordinates></LinearRing></outerBoundaryIs>
    </Polygon>
  </MultiGeometry>
</Placemark>
<Placemark>
  <name>YMDE</name>
  <description>APAC</description>
  <styleUrl>#fir</styleUrl>
  <MultiGeometry>
    <Polygon>
      <outerBoundaryIs><LinearRing><coordinates>149.498056,-32.625556,0 150.529722,-33.4275,0 150.781667,-33.271389,0 150.184444,-31.216944,0 151.451667,-29.379722,0 150.699722,-28.629167,0 146.778056,-29.340833,0 148.830833,-32.094444,0 149.498056,-32.625556,0</coordinates></LinearRing></outerBoundaryIs>
    </Polygon>
  </MultiGeometry>
</Placemark>
<Placemark>
  <name>YMEK</name>
  <description>APAC</description>
  <styleUrl>#fir</styleUrl>
  <MultiGeometry>
    <Polygon>
      <outerBoundaryIs><LinearRing><coordinates>112.143056,-26.25,0 112.333611,-27.5,0 118.635278,-28.003889,0 120.2425,-25.0,0 116.0,-25.0,0 116.0,-23.5,0 111.738056,-23.5,0 112.143056,-26.25,0</coordinates></LinearRing></outerBoundaryIs>
    </Polygon>
  </MultiGeometry>
</Placemark>
<Placemark>
  <name>YMLD</name>
  <description>APAC</description>
  <styleUrl>#fir</styleUrl>
  <MultiGeometry>
    <Polygon>
      <outerBoundaryIs><LinearRing><coordinates>151.404167,-32.789722,0 151.321667,-33.201389,0 151.909167,-33.501111,0 152.441944,-32.883611,0 151.3975,-32.600556,0 151.404167,-32.789722,0</coordinates></LinearRing></outerBoundaryIs>
    </Polygon>
  </MultiGeometry>
</Placemark>
<Placemark>
  <name>YMNN</name>
  <description>APAC</description>
  <styleUrl>#fir</styleUrl>
  <MultiGeometry>
    <Polygon>
      <outerBoundaryIs><LinearRing><coordinates>152.038889,-30.697778,0 151.3975,-32.600556,0 152.441944,-32.883611,0 153.641111,-30.165,0 152.038889,-30.697778,0</coordinates></LinearRing></outerBoundaryIs>
    </Polygon>
  </MultiGeometry>
</Placemark>
<Placemark>
  <name>YMTK</name>
  <description>APAC</description>
  <styleUrl>#fir</styleUrl>
  <MultiGeometry>
    <Polygon>
      <outerBoundaryIs><LinearRing><coordinates>120.2425,-25.0,0 118.635278,-28.003889,0 120.0,-29.3,0 124.0,-26.578889,0 121.2,-25.0,0 120.667222,-24.1775,0 120.2425,-25.0,0</coordinates></LinearRing></outerBoundaryIs>
    </Polygon>
  </MultiGeometry>
</Placemark>
<Placemark>
  <name>YMUN</name>
  <description>APAC</description>
  <styleUrl>#fir</styleUrl>
  <MultiGeometry>
    <Polygon>
      <outerBoundaryIs><LinearRing><coordinates>145.045,-33.345833,0 144.0,-33.0,0 140.569444,-33.342778,0 141.173178,-34.120061,0 141.341045,-35.319663,0 141.0,-36.478056,0 139.666667,-36.666667,0 139.666667,-38.901111,0 143.4275,-38.901111,0 143.263889,-38.770556,0 144.363611,-38.143333,0 144.25009,-37.487508,0 144.867778,-37.16,0 144.884167,-36.853611,0 147.042222,-34.962222,0 147.882778,-34.834444,0 148.154444,-34.488333,0 147.813889,-33.298889,0 146.261944,-32.953056,0 145.523056,-33.193333,0 145.49,-33.616667,0 145.045,-33.345833,0</coordinates></LinearRing></outerBoundaryIs>
    </Polygon>
  </MultiGeometry>
</Placemark>
<Placemark>
  <name>YMZI</name>
  <description>APAC</description>
  <styleUrl>#fir</styleUrl>
  <MultiGeometry>
    <Polygon>
      <outerBoundaryIs><LinearRing><coordinates>120.0,-29.3,0 120.584167,-32.0,0 123.838333,-32.0,0 123.626944,-30.85,0 125.0,-29.5,0 125.0,-29.0,0 124.829722,-28.595833,0 124.232222,-28.062778,0 124.0,-26.578889,0 120.0,-29.3,0</coordinates></LinearRing></outerBoundaryIs>
    </Polygon>
  </MultiGeometry>
</Placemark>
<Placemark>
  <name>YNEW</name>
  <description>APAC</description>
  <styleUrl>#fir</styleUrl>
  <MultiGeometry>
    <Polygon>
      <outerBoundaryIs><LinearRing><coordinates>120.3,-21.666667,0 118.5,-22.0,0 118.5,-22.92,0 117.848889,-25.0,0 120.2425,-25.0,0 120.667222,-24.1775,0 121.2,-25.0,0 124.0,-26.578889,0 126.058889,-23.396944,0 124.551111,-21.521944,0 121.128889,-19.654722,0 120.3,-21.666667,0</coordinates></LinearRing></outerBoundaryIs>
    </Polygon>
  </MultiGeometry>
</Placemark>
<Placemark>
  <name>YNSA</name>
  <description>APAC</description>
  <styleUrl>#fir</styleUrl>
  <MultiGeometry>
    <Polygon>
      <outerBoundaryIs><LinearRing><coordinates>152.511944,-25.971111,0 152.790278,-26.304444,0 152.9225,-26.903611,0 152.933056,-27.179722,0 152.684167,-27.223611,0 152.883056,-27.709444,0 153.139167,-27.416111,0 153.643056,-27.588611,0 153.630833,-26.436111,0 153.323889,-25.870833,0 152.94,-25.368056,0 152.170833,-25.559444,0 152.511944,-25.971111,0</coordinates></LinearRing></outerBoundaryIs>
    </Polygon>
  </MultiGeometry>
</Placemark>
<Placemark>
  <name>YOCN</name>
  <description>APAC</description>
  <styleUrl>#fir</styleUrl>
  <MultiGeometry>
    <Polygon>
      <outerBoundaryIs><LinearRing><coordinates>152.441944,-32.883611,0 151.909167,-33.501111,0 152.086543,-33.940585,0 151.824722,-34.472778,0 152.930556,-35.316389,0 152.423056,-36.226667,0 153.813056,-36.491111,0 154.340457,-36.046497,0 155.008196,-35.024996,0 155.198524,-33.878668,0 154.907252,-32.747539,0 154.185506,-31.764594,0 153.308611,-31.130556,0 152.441944,-32.883611,0</coordinates></LinearRing></outerBoundaryIs>
    </Polygon>
  </MultiGeometry>
</Placemark>
<Placemark>
  <name>YOLW</name>
  <description>APAC</description>
  <styleUrl>#fir</styleUrl>
  <MultiGeometry>
    <Polygon>
      <outerBoundaryIs><LinearRing><coordinates>111.738056,-23.5,0 112.333611,-27.5,0 118.635278,-28.003889,0 120.0,-29.3,0 120.584167,-32.0,0 123.838333,-32.0,0 123.626944,-30.85,0 125.0,-29.5,0 124.829722,-28.595833,0 124.232222,-28.062778,0 124.0,-26.578889,0 126.058889,-23.396944,0 124.551111,-21.521944,0 121.672778,-20.055,0 118.759444,-17.619722,0 113.523056,-19.51,0 111.5,-21.833333,0 111.738056,-23.5,0</coordinates></LinearRing></outerBoundaryIs>
    </Polygon>
  </MultiGeometry>
</Placemark>
<Placemark>
  <name>YOXL</name>
  <description>APAC</description>
  <styleUrl>#fir</styleUrl>
  <MultiGeometry>
    <Polygon>
      <outerBoundaryIs><LinearRing><coordinates>143.775833,-33.740833,0 144.532778,-36.01,0 145.691111,-36.136944,0 146.942222,-35.068333,0 145.866667,-34.865556,0 145.429444,-34.35,0 145.49,-33.616667,0 145.045,-33.345833,0 143.775833,-33.740833,0</coordinates></LinearRing></outerBoundaryIs>
    </Polygon>
  </MultiGeometry>
</Placemark>
<Placemark>
  <name>YPAR</name>
  <description>APAC</description>
  <styleUrl>#fir</styleUrl>
  <MultiGeometry>
    <Polygon>
      <outerBoundaryIs><LinearRing><coordinates>116.0,-25.0,0 117.848889,-25.0,0 118.5,-22.92,0 118.5,-22.0,0 116.0,-22.25,0 116.0,-25.0,0</coordinates></LinearRing></outerBoundaryIs>
    </Polygon>
  </MultiGeometry>
</Placemark>
<Placemark>
  <name>YPIY</name>
  <description>APAC</description>
  <styleUrl>#fir</styleUrl>
  <MultiGeometry>
    <Polygon>
      <outerBoundaryIs><LinearRing><coordinates>117.1725,-32.829167,0 117.297778,-32.930556,0 117.629784,-32.447107,0 117.611242,-31.421271,0 117.081782,-30.79099,0 116.300833,-30.470556,0 116.088611,-31.353889,0 115.420047,-31.558187,0 115.293522,-32.148475,0 115.716107,-32.508584,0 116.415556,-32.404444,0 117.1725,-32.829167,0</coordinates></LinearRing></outerBoundaryIs>
    </Polygon>
  </MultiGeometry>
</Placemark>
<Placemark>
  <name>YPOT</name>
  <description>APAC</description>
  <styleUrl>#fir</styleUrl>
  <MultiGeometry>
    <Polygon>
      <outerBoundaryIs><LinearRing><coordinates>117.466389,-19.644167,0 117.75,-22.079167,0 120.3,-21.666667,0 121.128889,-19.654722,0 118.759444,-17.619722,0 116.806667,-18.348611,0 117.466389,-19.644167,0</coordinates></LinearRing></outerBoundaryIs>
    </Polygon>
  </MultiGeometry>
</Placemark>
<Placemark>
  <name>YSCR</name>
  <description>APAC</description>
  <styleUrl>#fir</styleUrl>
  <MultiGeometry>
    <Polygon>
      <outerBoundaryIs><LinearRing><coordinates>117.358333,-31.0375,0 117.694444,-31.690278,0 120.400833,-31.168611,0 120.0,-29.3,0 117.358333,-31.0375,0</coordinates></LinearRing></outerBoundaryIs>
    </Polygon>
  </MultiGeometry>
</Placemark>
<Placemark>
  <name>YSDY</name>
  <description>APAC</description>
  <styleUrl>#fir</styleUrl>
  <MultiGeometry>
    <Polygon>
      <outerBoundaryIs><LinearRing><coordinates>153.630833,-26.436111,0 153.643056,-27.588611,0 154.0,-27.743333,0 153.716111,-29.820278,0 154.575389,-29.52352,0 155.327717,-28.955687,0 155.804804,-28.195525,0 155.953719,-27.337611,0 155.549924,-26.095192,0 154.9184,-25.4395,0 154.082457,-25.013452,0 153.323889,-25.870833,0 153.630833,-26.436111,0</coordinates></LinearRing></outerBoundaryIs>
    </Polygon>
  </MultiGeometry>
</Placemark>
<Placemark>
  <name>YSNO</name>
  <description>APAC</description>
  <styleUrl>#fir</styleUrl>
  <MultiGeometry>
    <Polygon>
      <outerBoundaryIs><LinearRing><coordinates>148.233333,-36.117778,0 147.675833,-37.376944,0 148.061305,-37.67869,0 148.196389,-38.211389,0 147.564167,-39.325833,0 147.741111,-39.63,0 148.317506,-39.657921,0 148.632778,-40.000556,0 150.644167,-40.567222,0 150.320556,-38.188611,0 150.713611,-36.612778,0 149.498236,-36.389012,0 148.821667,-35.856944,0 148.233333,-36.117778,0</coordinates></LinearRing></outerBoundaryIs>
    </Polygon>
  </MultiGeometry>
</Placemark>
<Placemark>
  <name>YSTR</name>
  <description>APAC</description>
  <styleUrl>#fir</styleUrl>
  <MultiGeometry>
    <Polygon>
      <outerBoundaryIs><LinearRing><coordinates>136.328889,-21.499722,0 136.233889,-20.732222,0 137.672222,-19.020556,0 137.155,-17.338333,0 137.182222,-16.599167,0 136.514167,-15.78,0 134.949444,-14.704444,0 134.553889,-15.876944,0 133.6824,-16.682433,0 132.831553,-16.982676,0 131.6125,-16.919444,0 131.5,-19.0,0 131.918333,-21.208889,0 136.328889,-21.499722,0</coordinates></LinearRing></outerBoundaryIs>
    </Polygon>
  </MultiGeometry>
</Placemark>
<Placemark>
  <name>YSWY</name>
  <description>APAC</description>
  <styleUrl>#fir</styleUrl>
  <MultiGeometry>
    <Polygon>
      <outerBoundaryIs><LinearRing><coordinates>146.142222,-20.632778,0 145.774444,-21.449167,0 146.115556,-21.725,0 148.294444,-22.879167,0 149.156667,-22.811667,0 149.583333,-23.166667,0 150.011667,-22.242222,0 151.868889,-21.653333,0 151.178889,-19.270278,0 148.338889,-19.366944,0 148.14062,-19.988938,0 147.559192,-20.54144,0 146.758333,-20.744167,0 146.142222,-20.632778,0</coordinates></LinearRing></outerBoundaryIs>
    </Polygon>
  </MultiGeometry>
</Placemark>
<Placemark>
  <name>YTBD</name>
  <description>APAC</description>
  <styleUrl>#fir</styleUrl>
  <MultiGeometry>
    <Polygon>
      <outerBoundaryIs><LinearRing><coordinates>139.448611,-32.301389,0 139.0,-31.583333,0 135.416667,-31.583333,0 135.033611,-32.429167,0 135.133333,-32.995,0 134.392778,-33.839722,0 135.0,-34.771667,0 135.0,-36.167778,0 139.666667,-36.958333,0 139.666667,-36.666667,0 141.0,-36.478056,0 141.341045,-35.319663,0 141.173178,-34.120061,0 140.66608,-33.428211,0 139.808889,-32.869167,0 139.448611,-32.301389,0</coordinates></LinearRing></outerBoundaryIs>
    </Polygon>
  </MultiGeometry>
</Placemark>
<Placemark>
  <name>YTBP</name>
  <description>APAC</description>
  <styleUrl>#fir</styleUrl>
  <MultiGeometry>
    <Polygon>
      <outerBoundaryIs><LinearRing><coordinates>143.842222,-18.296667,0 145.774444,-21.449167,0 146.142222,-20.632778,0 147.036789,-20.721165,0 147.786906,-20.390326,0 148.14062,-19.988938,0 148.338889,-19.366944,0 151.178889,-19.270278,0 151.009722,-18.674167,0 151.075278,-16.971389,0 147.477778,-16.858333,0 147.583056,-17.524444,0 144.768333,-18.5775,0 143.842222,-18.296667,0</coordinates></LinearRing></outerBoundaryIs>
    </Polygon>
  </MultiGeometry>
</Placemark>
<Placemark>
  <name>YTRS</name>
  <description>APAC</description>
  <styleUrl>#fir</styleUrl>
  <MultiGeometry>
    <Polygon>
      <outerBoundaryIs><LinearRing><coordinates>130.689722,-13.053611,0 129.905833,-15.095556,0 130.12828,-15.760156,0 130.702689,-16.430079,0 131.6125,-16.919444,0 132.377778,-17.021111,0 133.271025,-16.868583,0 134.371032,-16.119427,0 134.814032,-15.363399,0 134.916007,-14.073452,0 134.736389,-13.52,0 133.45,-12.200556,0 133.2625,-11.462222,0 131.545556,-12.191667,0 131.388783,-12.893988,0 130.689722,-13.053611,0</coordinates></LinearRing></outerBoundaryIs>
    </Polygon>
  </MultiGeometry>
</Placemark>
<Placemark>
  <name>YTRT</name>
  <description>APAC</description>
  <styleUrl>#fir</styleUrl>
  <MultiGeometry>
    <Polygon>
      <outerBoundaryIs><LinearRing><coordinates>115.142222,-14.136944,0 120.25,-19.0,0 121.672778,-20.055,0 124.551111,-21.521944,0 126.058889,-23.396944,0 128.463611,-23.220278,0 131.918333,-21.208889,0 131.5,-19.0,0 131.6125,-16.919444,0 132.831553,-16.982676,0 134.052867,-16.430079,0 134.627276,-15.760156,0 134.960165,-14.506987,0 134.736389,-13.52,0 133.45,-12.200556,0 132.855854,-10.809653,0 131.658889,-10.024167,0 130.454444,-8.323333,0 126.833333,-9.333333,0 123.333333,-12.0,0 114.5,-12.0,0 115.142222,-14.136944,0</coordinates></LinearRing></outerBoundaryIs>
    </Polygon>
  </MultiGeometry>
</Placemark>
<Placemark>
  <name>YTSN</name>
  <description>APAC</description>
  <styleUrl>#fir</styleUrl>
  <MultiGeometry>
    <Polygon>
      <outerBoundaryIs><LinearRing><coordinates>150.320556,-38.188611,0 151.0,-43.0,0 150.664722,-43.850833,0 150.0,-44.565833,0 150.0,-45.0,0 163.0,-45.0,0 163.0,-17.666667,0 161.25,-14.0,0 163.0,-14.0,0 170.0,-10.0,0 170.0,3.5,0 160.0,3.5,0 160.0,-4.833333,0 159.0,-4.833333,0 155.0,-7.316667,0 155.0,-12.0,0 148.573333,-12.0,0 151.105833,-16.166389,0 151.009722,-18.674167,0 152.047222,-22.255833,0 153.241667,-23.221667,0 154.0,-24.981944,0 154.9184,-25.4395,0 155.549924,-26.095192,0 155.953719,-27.337611,0 155.604959,-28.594119,0 154.981045,-29.268816,0 153.716111,-29.820278,0 153.308611,-31.130556,0 154.595172,-32.229915,0 155.111048,-33.302545,0 155.164729,-34.458708,0 154.731291,-35.559923,0 153.813056,-36.491111,0 152.423056,-36.226667,0 151.780017,-36.675729,0 150.750833,-36.945278,0 150.320556,-38.188611,0</coordinates></LinearRing></outerBoundaryIs>
    </Polygon>
  </MultiGeometry>
</Placemark>
<Placemark>
  <name>YWAR</name>
  <description>APAC</description>
  <styleUrl>#fir</styleUrl>
  <MultiGeometry>
    <Polygon>
      <outerBoundaryIs><LinearRing><coordinates>124.0,-26.578889,0 124.232222,-28.062778,0 124.829722,-28.595833,0 125.0,-29.5,0 127.833333,-28.783611,0 130.310278,-28.390556,0 128.113611,-26.118889,0 128.113611,-24.485833,0 127.135556,-23.322222,0 126.058889,-23.396944,0 124.0,-26.578889,0</coordinates></LinearRing></outerBoundaryIs>
    </Polygon>
  </MultiGeometry>
</Placemark>
<Placemark>
  <name>YWEG</name>
  <description>APAC</description>
  <styleUrl>#fir</styleUrl>
  <MultiGeometry>
    <Polygon>
      <outerBoundaryIs><LinearRing><coordinates>138.39,-26.225278,0 143.5,-29.0,0 146.533333,-29.0,0 146.778056,-29.340833,0 147.715833,-29.135278,0 147.5,-25.845833,0 145.875278,-22.983056,0 145.7975,-22.021389,0 145.432778,-21.725833,0 143.895556,-21.728333,0 140.771389,-23.166667,0 137.013889,-23.166667,0 138.39,-26.225278,0</coordinates></LinearRing></outerBoundaryIs>
    </Polygon>
  </MultiGeometry>
</Placemark>
<Placemark>
  <name>YWIL</name>
  <description>APAC</description>
  <styleUrl>#fir</styleUrl>
  <MultiGeometry>
    <Polygon>
      <outerBoundaryIs><LinearRing><coordinates>145.086389,-14.421667,0 146.191928,-14.38779,0 147.147222,-14.738611,0 147.477778,-16.858333,0 151.075278,-16.971389,0 151.105833,-16.166389,0 148.573333,-12.0,0 144.703056,-12.0,0 145.086389,-14.421667,0</coordinates></LinearRing></outerBoundaryIs>
    </Polygon>
  </MultiGeometry>
</Placemark>
<Placemark>
  <name>YWOL</name>
  <description>APAC</description>
  <styleUrl>#fir</styleUrl>
  <MultiGeometry>
    <Polygon>
      <outerBoundaryIs><LinearRing><coordinates>149.814167,-34.646667,0 149.349167,-35.147778,0 149.001558,-35.189567,0 149.03,-35.763611,0 148.233333,-36.117778,0 147.675833,-37.376944,0 148.061305,-37.67869,0 148.196389,-38.211389,0 147.564167,-39.325833,0 147.741111,-39.63,0 148.317506,-39.657921,0 148.632778,-40.000556,0 150.644167,-40.567222,0 150.320556,-38.188611,0 150.750833,-36.945278,0 152.131891,-36.471684,0 152.672467,-35.931324,0 152.930556,-35.316389,0 151.824722,-34.472778,0 151.024128,-34.682394,0 150.414722,-34.339722,0 149.814167,-34.646667,0</coordinates></LinearRing></outerBoundaryIs>
    </Polygon>
  </MultiGeometry>
</Placemark>
<Placemark>
  <name>YWON</name>
  <description>APAC</description>
  <styleUrl>#fir</styleUrl>
  <MultiGeometry>
    <Polygon>
      <outerBoundaryIs><LinearRing><coordinates>143.263889,-38.770556,0 144.106476,-39.223892,0 145.125833,-39.313611,0 145.200278,-40.0,0 146.596944,-40.0,0 147.527661,-39.371841,0 148.196389,-38.211389,0 145.452222,-37.785556,0 144.952632,-38.152353,0 144.389722,-38.009167,0 143.263889,-38.770556,0</coordinates></LinearRing></outerBoundaryIs>
    </Polygon>
  </MultiGeometry>
</Placemark>
<Placemark>
  <name>YWRA</name>
  <description>APAC</description>
  <styleUrl>#fir</styleUrl>
  <MultiGeometry>
    <Polygon>
      <outerBoundaryIs><LinearRing><coordinates>135.416667,-31.583333,0 139.0,-31.583333,0 139.448611,-32.301389,0 139.8825,-30.5,0 141.0,-30.5,0 141.0,-29.0,0 141.629722,-28.0225,0 138.39,-26.225278,0 137.837778,-25.017778,0 136.435278,-26.126111,0 132.976667,-25.885278,0 131.614444,-28.164167,0 135.416667,-31.583333,0</coordinates></LinearRing></outerBoundaryIs>
    </Polygon>
  </MultiGeometry>
</Placemark>
<Placemark>
  <name>YYWE</name>
  <description>APAC</description>
  <styleUrl>#fir</styleUrl>
  <MultiGeometry>
    <Polygon>
      <outerBoundaryIs><LinearRing><coordinates>144.881111,-36.909722,0 145.691111,-36.136944,0 145.199991,-36.018109,0 144.136882,-36.091727,0 143.252372,-36.577952,0 142.737269,-37.641295,0 142.848811,-38.213317,0 143.205827,-38.720084,0 144.363611,-38.143333,0 144.25009,-37.487508,0 144.867778,-37.16,0 144.881111,-36.909722,0</coordinates></LinearRing></outerBoundaryIs>
    </Polygon>
  </MultiGeometry>
</Placemark>
<Placemark>
  <name>ZBAA</name>
  <description>APAC</description>
  <styleUrl>#fir</styleUrl>
  <MultiGeometry>
    <Polygon>
      <outerBoundaryIs><LinearRing><coordinates>115.354167,45.388056,0 117.516667,43.245,0 118.302778,42.07722,0 119.35,39.9,0 119.866667,39.5,0 120,38.25,0 119.533333,38.1,0 119.533333,37.15,0 119.877778,36.670833,0 119.875,36.325,0 119.258333,35.058333,0 116.932222,34.722778,0 116.125833,34.238889,0 115.833611,32.917222,0 114.07,32.125,0 110.848889,33.540833,0 112.421111,35.483889,0 111.070833,39.0375,0 107.971111,39.088889,0 105.229167,41.7475,0 107.508886,42.457778,0 109.313586,42.429989,0 110.440539,42.777775,0 111.005303,43.325006,0 111.97555,43.776097,0 111.422761,44.342808,0 111.996406,45.093325,0 113.652253,44.753333,0 114.545264,45.389431,0 115.354167,45.388056,0</coordinates></LinearRing></outerBoundaryIs>
    </Polygon>
  </MultiGeometry>
</Placemark>
<Placemark>
  <name>ZBHH</name>
  <description>APAC</description>
  <styleUrl>#fir</styleUrl>
  <MultiGeometry>
    <Polygon>
      <outerBoundaryIs><LinearRing><coordinates>115.354167,45.388056,0 117.516667,43.245,0 118.302778,42.07722,0 114.133333,41.811944,0 111.070833,39.0375,0 107.971111,39.088889,0 105.229167,41.7475,0 107.508886,42.457778,0 109.313586,42.429989,0 110.440539,42.777775,0 111.005303,43.325006,0 111.97555,43.776097,0 111.422761,44.342808,0 111.996406,45.093325,0 113.652253,44.753333,0 114.545264,45.389431,0 115.354167,45.388056,0</coordinates></LinearRing></outerBoundaryIs>
    </Polygon>
  </MultiGeometry>
</Placemark>
<Placemark>
  <name>ZBPE</name>
  <description>APAC</description>
  <styleUrl>#fir</styleUrl>
  <MultiGeometry>
    <Polygon>
      <outerBoundaryIs><LinearRing><coordinates>115.354167,45.388056,0 117.516667,43.245,0 118.302778,42.07722,0 119.35,39.9,0 119.866667,39.5,0 120,38.25,0 119.533333,38.1,0 119.533333,37.15,0 119.877778,36.670833,0 119.875,36.325,0 119.258333,35.058333,0 116.932222,34.722778,0 116.125833,34.238889,0 115.833611,32.917222,0 114.07,32.125,0 110.848889,33.540833,0 112.421111,35.483889,0 111.070833,39.0375,0 107.971111,39.088889,0 105.229167,41.7475,0 107.508886,42.457778,0 109.313586,42.429989,0 110.440539,42.777775,0 111.005303,43.325006,0 111.97555,43.776097,0 111.422761,44.342808,0 111.996406,45.093325,0 113.652253,44.753333,0 114.545264,45.389431,0 115.354167,45.388056,0</coordinates></LinearRing></outerBoundaryIs>
    </Polygon>
  </MultiGeometry>
</Placemark>
<Placemark>
  <name>ZGGG</name>
  <description>APAC</description>
  <styleUrl>#fir</styleUrl>
  <MultiGeometry>
    <Polygon>
      <outerBoundaryIs><LinearRing><coordinates>110.785,22.468333,0 110.55,22.86,0 111.306667,23.478333,0 111.271667,24.15,0 110.185,24.128333,0 109.84,24.668333,0 107.65,25.7,0 109.316667,26.583333,0 109.383333,28.783333,0 109.144167,29.676389,0 109.516667,31.9,0 110.848889,33.540833,0 114.07,32.125,0 115.833611,32.917222,0 115.675,32.183333,0 115.933333,30.083333,0 114.566667,29.033333,0 114.160278,27.505278,0 116.486111,26.838889,0 115.580556,25.361111,0 115.758889,23.259722,0 116.094722,22.819722,0 115.87972222222,22.539583333333,0 114.5132975,22.397393333333,0 114.26805555556,22.580555555556,0 113.82888888889,22.409444444444,0 113.26802277778,21.682646666667,0 111.5,21.108348333333,0 111.826667,21.57,0 110.785,22.468333,0</coordinates></LinearRing></outerBoundaryIs>
    </Polygon>
  </MultiGeometry>
</Placemark>
<Placemark>
  <name>ZGHA</name>
  <description>APAC</description>
  <styleUrl>#fir</styleUrl>
  <MultiGeometry>
    <Polygon>
      <outerBoundaryIs><LinearRing><coordinates>111.341667,25.279167,0 109.316667,26.583333,0 109.383333,28.783333,0 109.144167,29.676389,0 112.535,29.533889,0 114.566667,29.033333,0 113.95,26.7,0 114.116667,26.05,0 111.341667,25.279167,0</coordinates></LinearRing></outerBoundaryIs>
    </Polygon>
  </MultiGeometry>
</Placemark>
<Placemark>
  <name>ZGNN</name>
  <description>APAC</description>
  <styleUrl>#fir</styleUrl>
  <MultiGeometry>
    <Polygon>
      <outerBoundaryIs><LinearRing><coordinates>105.541667,23.195833,0 105.8,24.65,0 109.316667,26.583333,0 111.341667,25.279167,0 111.271667,24.15,0 111.826667,21.57,0 111.5,21.108348333333,0 111.5,20.5,0 108.0,20.5,0 108.208611,21.209722,0 108.0,21.533333,0 107.366667,21.6,0 107.0,21.95,0 106.683333,21.95,0 106.566667,22.583333,0 106.833333,22.816667,0 105.883333,22.916667,0 105.541667,23.195833,0</coordinates></LinearRing></outerBoundaryIs>
    </Polygon>
  </MultiGeometry>
</Placemark>
<Placemark>
  <name>ZGZU</name>
  <description>APAC</description>
  <styleUrl>#fir</styleUrl>
  <MultiGeometry>
    <Polygon>
      <outerBoundaryIs><LinearRing><coordinates>109.25,20.5,0 108.0,20.5,0 108.208611,21.209722,0 108.0,21.533333,0 107.366667,21.6,0 107.0,21.95,0 106.683333,21.95,0 106.566667,22.583333,0 106.833333,22.816667,0 105.883333,22.916667,0 105.541667,23.195833,0 105.8,24.65,0 109.316667,26.583333,0 109.383333,28.783333,0 109.144167,29.676389,0 109.516667,31.9,0 110.848889,33.540833,0 114.07,32.125,0 115.833611,32.917222,0 115.675,32.183333,0 115.933333,30.083333,0 114.566667,29.033333,0 114.160278,27.505278,0 116.486111,26.838889,0 115.580556,25.361111,0 115.758889,23.259722,0 116.094722,22.819722,0 115.87972222222,22.539583333333,0 114.5132975,22.397393333333,0 114.39805555556,22.609065277778,0 113.82888888889,22.409444444444,0 113.26802277778,21.682646666667,0 111.5,21.108348333333,0 111.5,20.5,0 109.25,20.5,0</coordinates></LinearRing></outerBoundaryIs>
    </Polygon>
  </MultiGeometry>
</Placemark>
<Placemark>
  <name>ZHCC</name>
  <description>APAC</description>
  <styleUrl>#fir</styleUrl>
  <MultiGeometry>
    <Polygon>
      <outerBoundaryIs><LinearRing><coordinates>115.330556,36.641667,0 115.066667,35.3,0 116.125833,34.238889,0 115.833611,32.917222,0 114.07,32.125,0 110.848889,33.540833,0 112.421111,35.483889,0 115.330556,36.641667,0</coordinates></LinearRing></outerBoundaryIs>
    </Polygon>
  </MultiGeometry>
</Placemark>
<Placemark>
  <name>ZHHH</name>
  <description>APAC</description>
  <styleUrl>#fir</styleUrl>
  <MultiGeometry>
    <Polygon>
      <outerBoundaryIs><LinearRing><coordinates>115.675,32.183333,0 115.933333,30.083333,0 114.566667,29.033333,0 112.535,29.533889,0 109.144167,29.676389,0 109.516667,31.9,0 110.848889,33.540833,0 114.07,32.125,0 115.833611,32.917222,0 115.675,32.183333,0</coordinates></LinearRing></outerBoundaryIs>
    </Polygon>
  </MultiGeometry>
</Placemark>
<Placemark>
  <name>ZHWH</name>
  <description>APAC</description>
  <styleUrl>#fir</styleUrl>
  <MultiGeometry>
    <Polygon>
      <outerBoundaryIs><LinearRing><coordinates>115.330556,36.641667,0 115.066667,35.3,0 116.125833,34.238889,0 115.675,32.183333,0 115.933333,30.083333,0 114.566667,29.033333,0 112.535,29.533889,0 109.144167,29.676389,0 109.516667,31.9,0 112.421111,35.483889,0 115.330556,36.641667,0</coordinates></LinearRing></outerBoundaryIs>
    </Polygon>
  </MultiGeometry>
</Placemark>
<Placemark>
  <name>ZJSA</name>
  <description>APAC</description>
  <styleUrl>#fir</styleUrl>
  <MultiGeometry>
    <Polygon>
      <outerBoundaryIs><LinearRing><coordinates>111.5,19.5,0 114.0,16.666667,0 114.0,14.5,0 112.0,14.5,0 107.681389,18.341111,0 107.189722,19.267778,0 107.929722,19.959167,0 108.0,20.5,0 109.25,20.5,0 108.8,21.0,0 109.47,22.505,0 110.785,22.468333,0 111.826667,21.57,0 111.5,21.108348333333,0 111.5,19.5,0</coordinates></LinearRing></outerBoundaryIs>
    </Polygon>
  </MultiGeometry>
</Placemark>
<Placemark>
  <name>ZKKP</name>
  <description>APAC</description>
  <styleUrl>#fir</styleUrl>
  <MultiGeometry>
    <Polygon>
      <outerBoundaryIs><LinearRing><coordinates>124,38,0 124.16833,39.828056,0 124.33333,40.066667,0 125.990103,40.894839,0 126.7,41.75,0 128.21666,41.4,0 128.31666,41.566667,0 128.03333,42,0 128.95,42.025,0 129.23333,42.366667,0 129.730778,42.452203,0 129.880739,43.002136,0 130.272369,42.902158,0 130.241003,42.731881,0 131.513961,41.669008,0 135.930278,40.5025,0 133.647211,38.6361,0 128.36666666666667,38.63333333333333,0 128.1361111111111,38.33888833333334,0 127.1416663888889,38.31944388888889,0 126.59166666666667,37.77222222222222,0 125.32606333333332,37.616661666666666,0 124.955555,37.75833277777778,0 124.85,38,0 124,38,0</coordinates></LinearRing></outerBoundaryIs>
    </Polygon>
  </MultiGeometry>
</Placemark>
<Placemark>
  <name>ZLHW</name>
  <description>APAC</description>
  <styleUrl>#fir</styleUrl>
  <MultiGeometry>
    <Polygon>
      <outerBoundaryIs><LinearRing><coordinates>105.05,41.55,0 105.229167,41.7475,0 107.971111,39.088889,0 111.070833,39.0375,0 112.421111,35.483889,0 109.516667,31.9,0 105.816667,32.45,0 98.098611,32.967222,0 91.930833,32.87,0 87.119444,36.288889,0 95.131944,41.791389,0 96.337222,42.916667,0 96.383333,42.716667,0 100.85,42.65,0 103.316667,41.916667,0 104.55,41.883333,0 104.533333,41.666667,0 105.05,41.55,0</coordinates></LinearRing></outerBoundaryIs>
    </Polygon>
  </MultiGeometry>
</Placemark>
<Placemark>
  <name>ZLLL</name>
  <description>APAC</description>
  <styleUrl>#fir</styleUrl>
  <MultiGeometry>
    <Polygon>
      <outerBoundaryIs><LinearRing><coordinates>105.05,41.55,0 105.229167,41.7475,0 107.971111,39.088889,0 106.85,34.891667,0 105.816667,32.45,0 98.098611,32.967222,0 91.930833,32.87,0 87.119444,36.288889,0 95.131944,41.791389,0 96.337222,42.916667,0 96.383333,42.716667,0 100.85,42.65,0 103.316667,41.916667,0 104.55,41.883333,0 104.533333,41.666667,0 105.05,41.55,0</coordinates></LinearRing></outerBoundaryIs>
    </Polygon>
  </MultiGeometry>
</Placemark>
<Placemark>
  <name>ZLXY</name>
  <description>APAC</description>
  <styleUrl>#fir</styleUrl>
  <MultiGeometry>
    <Polygon>
      <outerBoundaryIs><LinearRing><coordinates>107.971111,39.088889,0 111.070833,39.0375,0 112.421111,35.483889,0 109.516667,31.9,0 105.816667,32.45,0 106.85,34.891667,0 107.971111,39.088889,0</coordinates></LinearRing></outerBoundaryIs>
    </Polygon>
  </MultiGeometry>
</Placemark>
<Placemark>
  <name>ZMUB</name>
  <description>APAC</description>
  <styleUrl>#fir</styleUrl>
  <MultiGeometry>
    <Polygon>
      <outerBoundaryIs><LinearRing><coordinates>116.7,49.833333,0 115.819178,48.529467,0 115.834992,48.263331,0 115.548056,48.144728,0 115.592231,47.919439,0 115.95943,47.688308,0 116.82558,47.884433,0 117.36307,47.654161,0 117.78774,47.997478,0 118.54221,47.996389,0 119.78141,47.101372,0 119.85469,46.656642,0 118.84972,46.768597,0 117.421111,46.578317,0 117.37779,46.384142,0 116.587567,46.293411,0 116.186389,45.70725,0 115.711636,45.467525,0 114.545264,45.389431,0 113.652253,44.753333,0 111.996406,45.093325,0 111.422761,44.342808,0 111.97555,43.776097,0 111.005303,43.325006,0 110.440539,42.777775,0 109.313586,42.429989,0 107.278328,42.411081,0 105.05,41.55,0 104.533333,41.666667,0 104.55,41.883333,0 103.316667,41.916667,0 100.85,42.65,0 96.383333,42.716667,0 95.55,43.983333,0 95.35,44.033333,0 95.433333,44.283333,0 95.0,44.25,0 93.35,44.983333,0 90.883333,45.2,0 90.683333,45.516667,0 91.016667,46.0,0 91.066667,46.683333,0 90.483333,47.5,0 89.55,48.033333,0 89.033333,47.95,0 87.833333,48.833333,0 87.833333,49.183333,0 88.133333,49.25,0 88.183333,49.466667,0 89.383333,49.583333,0 89.683333,49.7,0 89.666667,49.916667,0 91.75,50.716667,0 92.25,50.7,0 92.366667,50.9,0 92.616667,50.7,0 93.016667,50.783333,0 93.0,50.616667,0 94.283333,50.566667,0 94.633333,50.033333,0 96.8,49.966667,0 97.3,49.75,0 97.85,49.95,0 98.316667,50.55,0 97.833333,51.016667,0 98.316667,51.716667,0 98.666667,51.816667,0 98.925,52.147222,0 100.0,51.75,0 102.216667,51.333333,0 102.316667,50.583333,0 103.7,50.133333,0 105.35,50.483333,0 106.533333,50.35,0 107.25,49.983333,0 107.966667,49.916667,0 107.95,49.666667,0 108.533333,49.333333,0 110.933333,49.183333,0 112.733333,49.483333,0 114.35,50.283333,0 115.0,50.183333,0 115.383333,49.9,0 116.216667,50.033333,0 116.7,49.833333,0</coordinates></LinearRing></outerBoundaryIs>
    </Polygon>
  </MultiGeometry>
</Placemark>
<Placemark>
  <name>ZPKM</name>
  <description>APAC</description>
  <styleUrl>#fir</styleUrl>
  <MultiGeometry>
    <Polygon>
      <outerBoundaryIs><LinearRing><coordinates>87.119444,36.288889,0 91.930833,32.87,0 98.098611,32.967222,0 105.816667,32.45,0 109.516667,31.9,0 109.144167,29.676389,0 109.383333,28.783333,0 109.316667,26.583333,0 105.8,24.65,0 105.541667,23.195833,0 105.333333,23.4,0 104.816667,23.133333,0 104.733333,22.816667,0 104.133333,22.816667,0 103.966667,22.516667,0 103.65,22.8,0 103.533333,22.6,0 103.333333,22.816667,0 103.083333,22.45,0 102.883333,22.75,0 102.5,22.783333,0 102.266667,22.416667,0 101.75,22.5,0 101.55,22.233333,0 101.85,21.633333,0 101.783333,21.15,0 101.283333,21.183333,0 101.116667,21.783333,0 100.216667,21.433333,0 99.966667,22.05,0 99.166667,22.15,0 99.566667,22.95,0 98.9,23.2,0 98.683333,23.983333,0 98.883333,24.158333,0 97.55,23.95,0 97.766667,24.166667,0 97.55,24.433333,0 97.733333,25.083333,0 98.15,25.383333,0 98.166667,25.616667,0 98.4,25.583333,0 98.716667,25.866667,0 98.583333,26.083333,0 98.783333,26.666667,0 98.666667,27.616667,0 98.433333,27.7,0 98.35,27.533333,0 98.15,28.116667,0 97.583333,28.516667,0 97.35,28.216667,0 96.666667,28.466667,0 96.262853,28.417089,0 96.629461,28.783733,0 96.199755,29.02497,0 96.297331,29.158725,0 96.049129,29.390752,0 95.3,29.15,0 94.829672,29.200314,0 94.846333,29.333636,0 94.283333,29.166667,0 93.833333,28.783333,0 93.333333,28.675,0 92.331219,27.800915,0 91.887863,27.72682,0 91.328146,28.069816,0 89.483333,28.116667,0 89.002529,27.325164,0 88.830503,27.400331,0 88.913808,27.983614,0 88.65,28.15,0 87.897281,27.833606,0 87.214039,27.850258,0 86.714097,28.133556,0 86.264161,27.983561,0 86.164169,28.216872,0 85.997531,27.950225,0 85.880875,28.166872,0 85.1643,28.383506,0 85.214286,28.683478,0 84.447722,28.766789,0 84.181089,28.916772,0 84.214411,29.250075,0 83.597828,29.216733,0 83.231203,29.616689,0 82.247997,30.099961,0 82.164669,30.349936,0 87.119444,36.288889,0</coordinates></LinearRing></outerBoundaryIs>
    </Polygon>
  </MultiGeometry>
</Placemark>
<Placemark>
  <name>ZPPP</name>
  <description>APAC</description>
  <styleUrl>#fir</styleUrl>
  <MultiGeometry>
    <Polygon>
      <outerBoundaryIs><LinearRing><coordinates>105.541667,23.195833,0 105.333333,23.4,0 104.816667,23.133333,0 104.733333,22.816667,0 104.133333,22.816667,0 103.966667,22.516667,0 103.65,22.8,0 103.533333,22.6,0 103.333333,22.816667,0 103.083333,22.45,0 102.883333,22.75,0 102.5,22.783333,0 102.266667,22.416667,0 101.75,22.5,0 101.55,22.233333,0 101.85,21.633333,0 101.783333,21.15,0 101.283333,21.183333,0 101.116667,21.783333,0 100.216667,21.433333,0 99.966667,22.05,0 99.166667,22.15,0 99.566667,22.95,0 98.9,23.2,0 98.683333,23.983333,0 98.883333,24.158333,0 97.55,23.95,0 97.766667,24.166667,0 97.55,24.433333,0 97.733333,25.083333,0 98.15,25.383333,0 98.166667,25.616667,0 98.4,25.583333,0 98.716667,25.866667,0 98.583333,26.133333,0 98.733333,26.183333,0 98.733333,27.366667,0 98.666667,27.616667,0 98.433333,27.7,0 98.35,27.533333,0 98.15,28.116667,0 98.908333,28.495,0 102.108333,26.886667,0 104.495833,27.676389,0 105.8,24.65,0 105.541667,23.195833,0</coordinates></LinearRing></outerBoundaryIs>
    </Polygon>
  </MultiGeometry>
</Placemark>
<Placemark>
  <name>ZSAM</name>
  <description>APAC</description>
  <styleUrl>#fir</styleUrl>
  <MultiGeometry>
    <Polygon>
      <outerBoundaryIs><LinearRing><coordinates>122.09,27.132778,0 120.0,25.0,0 117.5,23.0,0 116.501389,22.6825,0 116.094722,22.819722,0 115.758889,23.259722,0 115.580556,25.361111,0 116.486111,26.838889,0 117.4075,26.316111,0 119.455833,27.485,0 122.09,27.132778,0</coordinates></LinearRing></outerBoundaryIs>
    </Polygon>
  </MultiGeometry>
</Placemark>
<Placemark>
  <name>ZSCN</name>
  <description>APAC</description>
  <styleUrl>#fir</styleUrl>
  <MultiGeometry>
    <Polygon>
      <outerBoundaryIs><LinearRing><coordinates>117.0,29.533333,0 115.933333,30.083333,0 114.566667,29.033333,0 114.160278,27.505278,0 116.486111,26.838889,0 117.4075,26.316111,0 119.45,27.344444,0 119.541667,29.541667,0 117.0,29.533333,0</coordinates></LinearRing></outerBoundaryIs>
    </Polygon>
  </MultiGeometry>
</Placemark>
<Placemark>
  <name>ZSHA</name>
  <description>APAC</description>
  <styleUrl>#fir</styleUrl>
  <MultiGeometry>
    <Polygon>
      <outerBoundaryIs><LinearRing><coordinates>124,35.141667,0 124,36.625556,0 123.668056,36.623889,0 123.133056,37.015556,0 123.12,37.475278,0 122.215833,38.25,0 120,38.25,0 115.330556,36.641667,0 115.066667,35.3,0 116.125833,34.238889,0 115.675,32.183333,0 115.933333,30.083333,0 114.566667,29.033333,0 114.160278,27.505278,0 116.486111,26.838889,0 115.580556,25.361111,0 115.758889,23.259722,0 116.094722,22.819722,0 116.501389,22.6825,0 117.5,23,0 120,25,0 124,29,0 124,35.141667,0</coordinates></LinearRing></outerBoundaryIs>
    </Polygon>
  </MultiGeometry>
</Placemark>
<Placemark>
  <name>ZSJN</name>
  <description>APAC</description>
  <styleUrl>#fir</styleUrl>
  <MultiGeometry>
    <Polygon>
      <outerBoundaryIs><LinearRing><coordinates>119.533333,38.1,0 119.533333,37.15,0 119.877778,36.670833,0 119.875,36.325,0 119.258333,35.058333,0 116.932222,34.722778,0 116.125833,34.238889,0 115.066667,35.3,0 115.330556,36.641667,0 119.533333,38.1,0</coordinates></LinearRing></outerBoundaryIs>
    </Polygon>
  </MultiGeometry>
</Placemark>
<Placemark>
  <name>ZSOF</name>
  <description>APAC</description>
  <styleUrl>#fir</styleUrl>
  <MultiGeometry>
    <Polygon>
      <outerBoundaryIs><LinearRing><coordinates>117.262222,34.773056,0 116.125833,34.238889,0 115.675,32.183333,0 115.933333,30.083333,0 117.0,29.533333,0 118.708333,29.544444,0 118.7,31.569444,0 118.1,31.652778,0 117.262222,34.773056,0</coordinates></LinearRing></outerBoundaryIs>
    </Polygon>
  </MultiGeometry>
</Placemark>
<Placemark>
  <name>ZSQD</name>
  <description>APAC</description>
  <styleUrl>#fir</styleUrl>
  <MultiGeometry>
    <Polygon>
      <outerBoundaryIs><LinearRing><coordinates>120.0,38.25,0 119.533333,38.1,0 119.533333,37.15,0 119.877778,36.670833,0 119.875,36.325,0 119.258333,35.058333,0 124.0,35.141667,0 124.0,36.625556,0 123.668056,36.623889,0 123.133056,37.015556,0 123.12,37.475278,0 122.215833,38.25,0 120.0,38.25,0</coordinates></LinearRing></outerBoundaryIs>
    </Polygon>
  </MultiGeometry>
</Placemark>
<Placemark>
  <name>ZSSS</name>
  <description>APAC</description>
  <styleUrl>#fir</styleUrl>
  <MultiGeometry>
    <Polygon>
      <outerBoundaryIs><LinearRing><coordinates>124.0,35.141667,0 119.911111,35.141667,0 116.932222,34.722778,0 116.125833,34.238889,0 115.675,32.183333,0 115.933333,30.083333,0 114.566667,29.033333,0 114.160278,27.505278,0 116.486111,26.838889,0 115.580556,25.361111,0 115.758889,23.259722,0 116.094722,22.819722,0 116.501389,22.6825,0 117.5,23.0,0 120.0,25.0,0 124.0,29.0,0 124.0,35.141667,0</coordinates></LinearRing></outerBoundaryIs>
    </Polygon>
  </MultiGeometry>
</Placemark>
<Placemark>
  <name>ZUGY</name>
  <description>APAC</description>
  <styleUrl>#fir</styleUrl>
  <MultiGeometry>
    <Polygon>
      <outerBoundaryIs><LinearRing><coordinates>105.8,24.65,0 104.495833,27.676389,0 109.383333,28.783333,0 109.316667,26.583333,0 105.8,24.65,0</coordinates></LinearRing></outerBoundaryIs>
    </Polygon>
  </MultiGeometry>
</Placemark>
<Placemark>
  <name>ZULS</name>
  <description>APAC</description>
  <styleUrl>#fir</styleUrl>
  <MultiGeometry>
    <Polygon>
      <outerBoundaryIs><LinearRing><coordinates>87.119444,36.288889,0 91.930833,32.87,0 98.098611,32.967222,0 98.15,28.116667,0 97.583333,28.516667,0 97.35,28.216667,0 96.666667,28.466667,0 96.262853,28.417089,0 96.629461,28.783733,0 96.199755,29.02497,0 96.297331,29.158725,0 96.049129,29.390752,0 95.3,29.15,0 94.829672,29.200314,0 94.846333,29.333636,0 93.333333,28.675,0 92.331219,27.800915,0 91.887863,27.72682,0 91.328146,28.069816,0 89.900198,28.185003,0 89.483333,28.116667,0 88.933333,27.333333,0 88.913808,27.983614,0 88.65,28.15,0 87.897281,27.833606,0 87.214039,27.850258,0 86.714097,28.133556,0 86.264161,27.983561,0 86.164169,28.216872,0 85.997531,27.950225,0 85.880875,28.166872,0 85.1643,28.383506,0 85.214286,28.683478,0 84.447722,28.766789,0 84.181089,28.916772,0 84.214411,29.250075,0 83.597828,29.216733,0 83.231203,29.616689,0 82.247997,30.099961,0 82.164669,30.349936,0 87.119444,36.288889,0</coordinates></LinearRing></outerBoundaryIs>
    </Polygon>
  </MultiGeometry>
</Placemark>
<Placemark>
  <name>ZUUU</name>
  <description>APAC</description>
  <styleUrl>#fir</styleUrl>
  <MultiGeometry>
    <Polygon>
      <outerBoundaryIs><LinearRing><coordinates>98.098611,32.967222,0 105.816667,32.45,0 109.516667,31.9,0 109.144167,29.676389,0 109.383333,28.783333,0 109.316667,26.583333,0 105.8,24.65,0 104.495833,27.676389,0 102.108333,26.886667,0 98.908333,28.495,0 98.15,28.116667,0 98.098611,32.967222,0</coordinates></LinearRing></outerBoundaryIs>
    </Polygon>
  </MultiGeometry>
</Placemark>
<Placemark>
  <name>ZWUQ</name>
  <description>APAC</description>
  <styleUrl>#fir</styleUrl>
  <MultiGeometry>
    <Polygon>
      <outerBoundaryIs><LinearRing><coordinates>96.337222,42.916667,0 95.131944,41.791389,0 87.119444,36.288889,0 82.164669,30.349936,0 81.383333,30.416667,0 81.233333,30.05,0 80.216667,30.6,0 79.883333,30.983333,0 78.783333,31.316667,0 78.866667,31.616667,0 78.433333,32.533333,0 78.75,32.683333,0 78.966667,32.333333,0 79.266667,32.516667,0 79.2,33.2,0 78.716667,33.666667,0 78.716667,34.066667,0 79.0,34.333333,0 78.266667,34.683333,0 78.0,35.383333,0 78.1,35.5,0 77.383333,35.466667,0 76.766667,35.666667,0 76.583333,35.916667,0 76.166667,35.833333,0 75.933333,36.133333,0 75.933333,36.616667,0 75.466667,36.716667,0 75.4,36.95,0 74.433333,37.116667,0 75.233333,37.4,0 74.8,38.066667,0 74.833333,38.466667,0 74.4,38.666667,0 73.8,38.6,0 73.833333,39.0,0 73.6,39.25,0 73.666667,39.483333,0 73.86,39.46,0 74.0,40.0,0 74.833333,40.35,0 74.8,40.5,0 75.6,40.65,0 75.7,40.283333,0 76.333333,40.35,0 77.066667,41.066667,0 78.15,41.083333,0 78.366667,41.4,0 79.866667,42.066667,0 80.283333,42.066667,0 80.233333,42.766667,0 80.583333,42.866667,0 80.383333,43.033333,0 80.85,43.15,0 80.35,44.15,0 80.5,44.733333,0 79.833,44.883,0 81.7,45.35,0 81.766667,45.2,0 82.516667,45.116667,0 82.65,45.366667,0 82.283333,45.583333,0 83.033333,47.216667,0 84.9,46.85,0 85.533333,47.05,0 85.7,47.216667,0 85.55,47.966667,0 85.75,48.383333,0 86.583333,48.55,0 86.866667,49.116667,0 87.833333,49.183333,0 87.833333,48.833333,0 88.1,48.7,0 87.983333,48.583333,0 89.033333,47.95,0 89.55,48.033333,0 89.8,47.816667,0 90.083333,47.866667,0 90.483333,47.5,0 91.066667,46.683333,0 91.016667,46.0,0 90.683333,45.516667,0 90.883333,45.2,0 93.35,44.983333,0 95.0,44.25,0 95.433333,44.283333,0 95.35,44.033333,0 96.337222,42.916667,0</coordinates></LinearRing></outerBoundaryIs>
    </Polygon>
  </MultiGeometry>
</Placemark>
<Placemark>
  <name>ZYHB</name>
  <description>APAC</description>
  <styleUrl>#fir</styleUrl>
  <MultiGeometry>
    <Polygon>
      <outerBoundaryIs><LinearRing><coordinates>122.333333,53.5,0 123.6,53.55,0 124.88333,53.1,0 125.6,53.083333,0 125.68333,52.85,0 126.116667,52.766667,0 126.0,52.583333,0 126.56666,52.116667,0 126.45,52.033333,0 126.81666,51.3,0 126.98333,51.316667,0 126.91666,51.066667,0 127.36666,50.566667,0 127.35,50.316667,0 127.6,50.233333,0 127.53333,49.8,0 127.9,49.566667,0 129.51666,49.416667,0 130.25,48.866667,0 130.65,48.866667,0 130.51666,48.616667,0 130.75,48.5,0 130.66666,48.05,0 130.95,47.7,0 132.56666,47.716667,0 132.66666,47.95,0 134.38333,48.383333,0 134.75,48.283333,0 134.55,47.983333,0 134.76666,47.75,0 134.2,47.333333,0 133.85,46.2,0 133.15,45.466667,0 133.13333,45.116667,0 132.93333,45.016667,0 131.88333,45.35,0 131.5,44.983333,0 130.96666,44.833333,0 131.29666,44.051667,0 131.220556,43.7163889,0 127.283333,43.6233333,0 126.282222,43.8777778,0 125.849167,43.7716667,0 123.075,44.81,0 122.073333,46.07,0 119.7675,46.615278,0 119.93502,46.720011,0 119.78141,47.101372,0 118.54221,47.996389,0 117.78774,47.997478,0 117.36307,47.654161,0 116.82558,47.884433,0 115.91194,47.696961,0 115.54805,48.144728,0 115.83499,48.263331,0 115.81917,48.529467,0 116.7,49.833333,0 117.86666,49.5,0 118.66666,49.95,0 119.18333,50.016667,0 119.36666,50.316667,0 119.11666,50.383333,0 119.25,50.566667,0 120.08333,51.683333,0 120.65,51.916667,0 120.78333,52.166667,0 120.61666,52.35,0 120.73333,52.533333,0 120.06666,52.583333,0 120.01666,52.766667,0 120.81666,53.266667,0 122.333333,53.5,0</coordinates></LinearRing></outerBoundaryIs>
    </Polygon>
  </MultiGeometry>
</Placemark>
<Placemark>
  <name>ZYSH</name>
  <description>APAC</description>
  <styleUrl>#fir</styleUrl>
  <MultiGeometry>
    <Polygon>
      <outerBoundaryIs><LinearRing><coordinates>116.7,49.833333,0 117.866667,49.5,0 119.31666,50.116667,0 119.36666,50.316667,0 119.11666,50.383333,0 120.083333,51.683333,0 120.65,51.916667,0 120.783333,52.166667,0 120.616667,52.35,0 120.733333,52.533333,0 120.06666,52.583333,0 120.01666,52.766667,0 120.81666,53.266667,0 123.6,53.55,0 124.88333,53.1,0 125.6,53.083333,0 125.68333,52.85,0 126.116667,52.766667,0 126.0,52.583333,0 126.56666,52.116667,0 126.45,52.033333,0 126.81666,51.3,0 126.98333,51.316667,0 126.91666,51.066667,0 127.36666,50.566667,0 127.35,50.316667,0 127.6,50.233333,0 127.53333,49.8,0 127.9,49.566667,0 129.51666,49.416667,0 130.25,48.866667,0 130.65,48.866667,0 130.51666,48.616667,0 130.75,48.5,0 130.66666,48.05,0 130.95,47.7,0 132.56666,47.716667,0 132.66666,47.95,0 134.38333,48.383333,0 134.75,48.283333,0 134.55,47.983333,0 134.76666,47.75,0 134.2,47.333333,0 133.85,46.2,0 133.15,45.466667,0 133.13333,45.116667,0 132.93333,45.016667,0 131.88333,45.35,0 131.5,44.983333,0 130.96666,44.833333,0 131.29666,44.051667,0 131.18333,43.533333,0 131.31666,43.4,0 131.1,42.9,0 130.4,42.716667,0 130.65,42.4,0 130.241003,42.731881,0 130.272369,42.902158,0 129.880739,43.002136,0 129.730778,42.452203,0 129.23333,42.366667,0 128.95,42.025,0 128.03333,42.0,0 128.31666,41.566667,0 128.21666,41.4,0 126.7,41.75,0 125.990103,40.894839,0 124.33333,40.066667,0 124.16833,39.828056,0 124.0,36.625556,0 123.668056,36.623889,0 123.133056,37.015556,0 123.12,37.475278,0 122.215833,38.25,0 120.0,38.25,0 119.86666,39.5,0 119.35,39.9,0 118.302778,42.07722,0 117.516667,43.245,0 115.354167,45.388056,0 116.18638,45.70725,0 116.58756,46.293411,0 117.37779,46.384142,0 117.42111,46.578317,0 119.93502,46.720011,0 119.78141,47.101372,0 118.54221,47.996389,0 117.78774,47.997478,0 117.36307,47.654161,0 116.82558,47.884433,0 115.95943,47.688308,0 115.59223,47.919439,0 115.54805,48.144728,0 115.83499,48.263331,0 115.81917,48.529467,0 116.7,49.833333,0</coordinates></LinearRing></outerBoundaryIs>
    </Polygon>
  </MultiGeometry>
</Placemark>
<Placemark>
  <name>ZYTL</name>
  <description>APAC</description>
  <styleUrl>#fir</styleUrl>
  <MultiGeometry>
    <Polygon>
      <outerBoundaryIs><LinearRing><coordinates>131.220556,43.716389,0 131.31666,43.4,0 131.1,42.9,0 130.4,42.716667,0 130.65,42.4,0 130.241003,42.731881,0 130.272369,42.902158,0 129.880739,43.002136,0 129.730778,42.452203,0 129.23333,42.366667,0 128.95,42.025,0 128.03333,42.0,0 128.31666,41.566667,0 128.21666,41.4,0 126.7,41.75,0 125.990103,40.894839,0 124.33333,40.066667,0 124.16833,39.828056,0 124.0,36.625556,0 123.668056,36.623889,0 123.133056,37.015556,0 123.12,37.475278,0 122.215833,38.25,0 120.0,38.25,0 119.9,39.25,0 121.958333,40.808333,0 121.986111,41.191667,0 122.908333,41.216667,0 123.608333,40.55,0 124.75,41.733333,0 124.9,42.766667,0 128.526389,43.744444,0 131.220556,43.716389,0</coordinates></LinearRing></outerBoundaryIs>
    </Polygon>
  </MultiGeometry>
</Placemark>
<Placemark>
  <name>ZYTX</name>
  <description>APAC</description>
  <styleUrl>#fir</styleUrl>
  <MultiGeometry>
    <Polygon>
      <outerBoundaryIs><LinearRing><coordinates>119.86666,39.5,0 119.35,39.9,0 118.302778,42.07722,0 117.516667,43.245,0 115.354167,45.388056,0 116.18638,45.70725,0 116.58756,46.293411,0 118.32833,46.733075,0 119.7675,46.615278,0 122.073333,46.07,0 123.075,44.81,0 125.849167,43.7716667,0 126.282222,43.8777778,0 127.283333,43.6233333,0 128.526389,43.744444,0 124.9,42.766667,0 124.75,41.733333,0 123.608333,40.55,0 122.908333,41.216667,0 121.986111,41.191667,0 121.958333,40.808333,0 119.9,39.25,0 119.86666,39.5,0</coordinates></LinearRing></outerBoundaryIs>
    </Polygon>
  </MultiGeometry>
</Placemark>
</Document>
</kml>